ticket,direction,entry,sim_net,exit_reason,orig_net,source,open_time,orig_limit_price,limit_offset,filled,fill_time_m5,exit_px,sl_price,tp_price,sl3_at_orig,sl5_at_orig,size,sl_eq_orig_sl3
81107344,buy,4518.76,-5.18,sl,-5.58,market,,,,,,,,,,,,
81107335,buy,4518.91,-5.18,sl,-5.7299999999999995,market,,,,,,,,,,,,
81077078,buy,4527.44,-5.18,sl,-12.84,market,,,,,,,,,,,,
81077069,buy,4527.4,-5.18,sl,-12.799999999999999,market,,,,,,,,,,,,
80917655,buy,4536.01,-5.18,sl,-4.33,market,,,,,,,,,,,,
80917620,buy,4537.0,-5.18,sl,-5.319999999999999,market,,,,,,,,,,,,
80917563,buy,4538.0,-5.18,sl,-6.319999999999999,market,,,,,,,,,,,,
81038366,sell,4529.0,-5.18,sl,-5.52,market,,,,,,,,,,,,
81038421,sell,4529.8,-5.18,sl,-4.72,market,,,,,,,,,,,,
81037501,sell,4528.0,-5.18,sl,-6.52,market,,,,,,,,,,,,
80896756,sell,4546.5,-4.299999999999891,time,-4.3,market,,,,,,,,,,,,
80896741,sell,4545.24,-5.560000000000109,time,-5.56,market,,,,,,,,,,,,
80896706,sell,4544.49,-6.310000000000109,time,-6.31,market,,,,,,,,,,,,
80844136,sell,4522.0,-5.18,sl,-4.3999999999999995,market,,,,,,,,,,,,
80844063,sell,4521.0,-5.18,sl,-5.3999999999999995,market,,,,,,,,,,,,
80844036,sell,4520.0,-5.18,sl,-6.3999999999999995,market,,,,,,,,,,,,
80767140,sell,4518.85,-5.18,sl,-5.13,market,,,,,,,,,,,,
80767096,sell,4518.0,-5.18,sl,-5.9799999999999995,market,,,,,,,,,,,,
80766987,sell,4517.0,-5.18,sl,-6.9799999999999995,market,,,,,,,,,,,,
80783657,sell,4503.0,-4.560000000000109,time,-4.56,market,,,,,,,,,,,,
80783643,sell,4501.92,-5.18,sl,-5.64,market,,,,,,,,,,,,
80783633,sell,4501.0,-5.18,sl,-6.56,market,,,,,,,,,,,,
80736276,buy,4505.06,-5.18,sl,-4.37,market,,,,,,,,,,,,
80736188,buy,4506.1,-5.18,sl,-5.41,market,,,,,,,,,,,,
80736078,buy,4507.0,-5.18,sl,-6.31,market,,,,,,,,,,,,
80513036,sell,4578.7,-5.18,sl,-4.319999999999999,market,,,,,,,,,,,,
80513018,sell,4577.7,-5.18,sl,-5.319999999999999,market,,,,,,,,,,,,
80512984,sell,4576.52,-5.18,sl,-6.5,market,,,,,,,,,,,,
80513799,buy,4491.0,-5.18,sl,-4.47,market,,,,,,,,,,,,
80513663,buy,4496.0,-5.18,sl,-4.739999999999999,market,,,,,,,,,,,,
80513605,buy,4497.0,-5.18,sl,-5.739999999999999,market,,,,,,,,,,,,
80513742,buy,4493.0,-5.18,sl,-6.47,market,,,,,,,,,,,,
80513770,buy,4492.0,-5.18,sl,-5.47,market,,,,,,,,,,,,
80513584,buy,4498.0,-5.18,sl,-6.21,market,,,,,,,,,,,,
80468801,buy,4516.2,19.82,tp,-4.81,market,,,,,,,,,,,,
80468669,buy,4518.2,-6.810000000000109,time,-6.81,market,,,,,,,,,,,,
80468761,buy,4517.26,-5.870000000000509,time,-5.87,market,,,,,,,,,,,,
80448388,sell,4572.0,19.82,tp,14.82,market,,,,,,,,,,,,
80421906,buy,4548.31,-5.18,sl,-5.1,market,,,,,,,,,,,,
80421870,buy,4549.0,-5.18,sl,-5.79,market,,,,,,,,,,,,
80421844,buy,4550.03,-5.18,sl,-6.819999999999999,market,,,,,,,,,,,,
80418578,sell,4586.5,20.06,tp,80.71,market,,,,,,,,,,,,
80418545,sell,4585.48,19.82,tp,19.3,market,,,,,,,,,,,,
80418520,sell,4584.5,12.70000000000011,time,12.700000000000001,market,,,,,,,,,,,,
80245151,buy,4604.7,-5.18,sl,-4.359999999999999,market,,,,,,,,,,,,
80245141,buy,4605.7,-5.18,sl,-5.359999999999999,market,,,,,,,,,,,,
80245114,buy,4606.7,-5.18,sl,-6.359999999999999,market,,,,,,,,,,,,
79876179,buy,4618.7,-4.259999999999927,time,-4.26,market,,,,,,,,,,,,
79876120,buy,4619.7,-5.18,sl,-5.26,market,,,,,,,,,,,,
79876063,buy,4620.97,-5.18,sl,-6.529999999999999,market,,,,,,,,,,,,
80324218,buy,4660.7,-5.18,sl,-5.18,market,,,,,,,,,,,,
80324238,buy,4659.7,-5.18,sl,-4.18,market,,,,,,,,,,,,
80324165,buy,4661.7,-5.18,sl,-6.18,market,,,,,,,,,,,,
80301887,buy,4677.75,-4.440000000000218,time,-4.4399999999999995,market,,,,,,,,,,,,
80301856,buy,4678.74,-5.43,time,-5.43,market,,,,,,,,,,,,
80301823,buy,4679.7,-6.390000000000036,time,-6.39,market,,,,,,,,,,,,
80244860,sell,4718.5,20.06,tp,93.71,market,,,,,,,,,,,,
80244845,sell,4717.48,19.82,tp,30.45,market,,,,,,,,,,,,
80244821,sell,4716.49,19.82,tp,15.36,market,,,,,,,,,,,,
80211882,sell,4709.5,20.53,tp,40.18,market,,,,,,,,,,,,
80211825,sell,4708.5,14.469999999999636,time,14.47,market,,,,,,,,,,,,
80181909,buy,4682.0,-5.2800000000003635,time,-5.279999999999999,market,,,,,,,,,,,,
80181933,buy,4681.0,-4.2800000000003635,time,-4.279999999999999,market,,,,,,,,,,,,
80181890,buy,4683.0,-5.18,sl,-6.279999999999999,market,,,,,,,,,,,,
80165911,sell,4713.46,0.5999999999997454,time,0.6000000000000001,market,,,,,,,,,,,,
80125574,sell,4685.0,-5.18,sl,-4.2299999999999995,market,,,,,,,,,,,,
80125565,sell,4684.0,-5.18,sl,-5.2299999999999995,market,,,,,,,,,,,,
80125540,sell,4683.0,-5.18,sl,-6.2299999999999995,market,,,,,,,,,,,,
80094932,buy,4663.0,-5.18,sl,-5.199999999999999,market,,,,,,,,,,,,
80094836,buy,4666.0,-5.18,sl,-8.2,market,,,,,,,,,,,,
80094735,buy,4669.0,-5.18,sl,-11.2,market,,,,,,,,,,,,
79992888,buy,4681.14,19.82,tp,14.98,market,,,,,,,,,,,,
79992862,buy,4682.0,-5.18,sl,-5.3,market,,,,,,,,,,,,
79992845,buy,4683.0,-5.18,sl,-6.3,market,,,,,,,,,,,,
79976999,buy,4698.0,-5.18,sl,-4.449999999999999,market,,,,,,,,,,,,
79976928,buy,4699.29,-5.18,sl,-5.739999999999999,market,,,,,,,,,,,,
79976724,buy,4700.1,-5.18,sl,-6.55,market,,,,,,,,,,,,
79938994,buy,4652.0,19.25,tp,39.65,market,,,,,,,,,,,,
79938972,buy,4653.0,19.82,tp,66.97,market,,,,,,,,,,,,
79938952,buy,4654.0,13.840000000000437,time,13.84,market,,,,,,,,,,,,
79818306,buy,4652.0,-3.2099999999997455,time,-3.21,market,,,,,,,,,,,,
79818283,buy,4653.07,-5.18,sl,-4.279999999999999,market,,,,,,,,,,,,
79818244,buy,4654.0,-5.18,sl,-5.21,market,,,,,,,,,,,,
79836186,buy,4687.03,-5.18,sl,-6.239999999999999,market,,,,,,,,,,,,
79836288,buy,4685.71,-5.18,sl,-4.92,market,,,,,,,,,,,,
79836262,buy,4687.03,-5.18,sl,-6.239999999999999,market,,,,,,,,,,,,
79850592,buy,4705.0,19.82,tp,9.63,market,,,,,,,,,,,,
79850579,buy,4710.0,-5.18,sl,5.2700000000000005,market,,,,,,,,,,,,
79850557,buy,4715.0,-5.18,sl,0.18,market,,,,,,,,,,,,
79775357,buy,4698.0,19.82,tp,32.93,market,,,,,,,,,,,,
79775314,buy,4698.0,14.870000000000182,time,14.870000000000001,market,,,,,,,,,,,,
79793300,buy,4716.0,-5.18,sl,-3.31,market,,,,,,,,,,,,
79793237,buy,4716.0,-5.18,sl,-3.31,market,,,,,,,,,,,,
79688657,buy,4684.8,19.82,tp,30.36,market,,,,,,,,,,,,
79688613,buy,4689.8,19.25,tp,24.3,market,,,,,,,,,,,,
79688544,buy,4694.8,18.68,tp,-9.17,market,,,,,,,,,,,,
79679447,buy,4705.0,-5.18,sl,-5.39,market,,,,,,,,,,,,
79679467,buy,4705.0,-5.18,sl,-5.39,market,,,,,,,,,,,,
79679373,buy,4715.0,-5.18,sl,-5.35,market,,,,,,,,,,,,
79679412,buy,4715.0,-5.18,sl,-5.35,market,,,,,,,,,,,,
79638002,buy,4687.0,19.82,tp,9.870000000000001,market,,,,,,,,,,,,
79638013,buy,4687.0,19.82,tp,12.61,market,,,,,,,,,,,,
79583777,buy,4670.5,-7.200000000000436,time,-7.199999999999999,market,,,,,,,,,,,,
79583814,buy,4668.5,-5.200000000000436,time,-5.199999999999999,market,,,,,,,,,,,,
79583739,buy,4672.5,-5.18,sl,-9.2,market,,,,,,,,,,,,
79477773,buy,4556.0,-5.75,sl,-5.81,market,,,,,,,,,,,,
79477753,buy,4561.0,-5.75,sl,-10.81,market,,,,,,,,,,,,
79500023,buy,4566.0,-5.75,sl,-15.81,market,,,,,,,,,,,,
79477728,buy,4566.14,17.780000000000037,time,17.78,market,,,,,,,,,,,,
79378946,sell,4564.0,-5.18,sl,-5.2299999999999995,market,,,,,,,,,,,,
79378889,sell,4559.0,-5.18,sl,-10.23,market,,,,,,,,,,,,
79378860,sell,4554.0,-5.18,sl,-15.23,market,,,,,,,,,,,,
79412856,sell,4544.0,-5.18,sl,-5.699999999999999,market,,,,,,,,,,,,
79412791,sell,4539.0,-5.18,sl,-10.7,market,,,,,,,,,,,,
79412761,sell,4534.0,-5.18,sl,-15.7,market,,,,,,,,,,,,
79373623,buy,4556.0,19.82,tp,26.05,market,,,,,,,,,,,,
79373559,buy,4561.0,-5.18,sl,-11.09,market,,,,,,,,,,,,
79373492,buy,4564.61,-5.18,sl,-14.7,market,,,,,,,,,,,,
79352779,buy,4536.0,-5.18,sl,-5.489999999999999,market,,,,,,,,,,,,
79352277,buy,4539.06,-5.18,sl,-8.549999999999999,market,,,,,,,,,,,,
79341106,buy,4544.0,-5.18,sl,-5.31,market,,,,,,,,,,,,
79341083,buy,4549.0,-5.18,sl,-10.31,market,,,,,,,,,,,,
79341043,buy,4554.0,-5.18,sl,-15.31,market,,,,,,,,,,,,
79290802,buy,4576.0,-5.18,sl,-5.449999999999999,market,,,,,,,,,,,,
79290745,buy,4581.0,-5.18,sl,-10.45,market,,,,,,,,,,,,
79290713,buy,4586.0,-5.18,sl,-15.45,market,,,,,,,,,,,,
79139231,sell,4660.0,19.82,tp,10.63,market,,,,,,,,,,,,
79139216,sell,4658.0,19.82,tp,15.15,market,,,,,,,,,,,,
79139168,sell,4656.0,20.06,tp,68.65999999999998,market,,,,,,,,,,,,
79130984,sell,4653.8,-5.18,sl,-5.92,market,,,,,,,,,,,,
79130953,sell,4652.0,-5.18,sl,-7.72,market,,,,,,,,,,,,
79130914,sell,4649.63,-5.18,sl,-10.09,market,,,,,,,,,,,,
79186729,buy,4561.56,19.25,tp,-11.31,market,,,,,,,,,,,,
79186716,buy,4566.0,-5.18,sl,15.969999999999999,market,,,,,,,,,,,,
79224117,buy,4571.21,-5.18,sl,-0.22999999999999998,market,,,,,,,,,,,,
79124039,buy,4575.0,-5.18,sl,-5.34,market,,,,,,,,,,,,
79123994,buy,4580.0,-5.18,sl,-10.34,market,,,,,,,,,,,,
79123936,buy,4585.01,-5.18,sl,-15.35,market,,,,,,,,,,,,
79113633,sell,4614.0,-5.18,sl,-5.529999999999999,market,,,,,,,,,,,,
79113579,sell,4612.0,-5.18,sl,-7.529999999999999,market,,,,,,,,,,,,
79113544,sell,4610.0,-5.18,sl,-9.53,market,,,,,,,,,,,,
79091690,sell,4585.7,-5.18,sl,-5.199999999999999,market,,,,,,,,,,,,
79091659,sell,4583.7,-5.18,sl,-7.199999999999999,market,,,,,,,,,,,,
79091614,sell,4581.7,-5.18,sl,-9.2,market,,,,,,,,,,,,
79050488,sell,4577.7,19.82,tp,-5.18,market,,,,,,,,,,,,
79050445,sell,4576.62,-5.18,sl,15.450000000000001,market,,,,,,,,,,,,
79050398,sell,4575.7,-5.18,sl,-7.18,market,,,,,,,,,,,,
79050268,buy,4536.0,-5.18,sl,-5.199999999999999,market,,,,,,,,,,,,
79050256,buy,4538.0,-5.18,sl,-7.199999999999999,market,,,,,,,,,,,,
79050235,buy,4540.0,-5.18,sl,-9.2,market,,,,,,,,,,,,
79043849,sell,4560.5,19.82,tp,13.65,market,,,,,,,,,,,,
79043761,sell,4558.5,15.32,time,15.32,market,,,,,,,,,,,,
79043448,sell,4556.49,-4.47,sl,-8.07,market,,,,,,,,,,,,
79031835,sell,4542.0,-5.18,sl,-7.1899999999999995,market,,,,,,,,,,,,
79035192,sell,4533.59,-5.18,sl,-15.6,market,,,,,,,,,,,,
79031745,sell,4530.0,-5.18,sl,-7.1899999999999995,market,,,,,,,,,,,,
78852776,buy,4538.0,-5.18,sl,-4.4399999999999995,market,,,,,,,,,,,,
78852748,buy,4540.0,-5.18,sl,-6.4399999999999995,market,,,,,,,,,,,,
78852720,buy,4542.19,-5.18,sl,-8.629999999999999,market,,,,,,,,,,,,
78883023,sell,4608.0,19.82,tp,14.92,market,,,,,,,,,,,,
78882944,sell,4606.0,19.82,tp,31.82,market,,,,,,,,,,,,
78882865,sell,4604.0,-4.47,sl,21.830000000000002,market,,,,,,,,,,,,
78874218,sell,4591.0,-5.18,sl,-5.21,market,,,,,,,,,,,,
78874136,sell,4589.0,-5.18,sl,-7.21,market,,,,,,,,,,,,
78874050,sell,4586.67,-5.18,sl,-9.54,market,,,,,,,,,,,,
78666478,buy,4623.8,-5.18,sl,-4.239999999999999,market,,,,,,,,,,,,
78666464,buy,4625.83,14.019999999999818,time,14.02,market,,,,,,,,,,,,
78666431,buy,4627.8,-5.18,sl,-8.24,market,,,,,,,,,,,,
78780411,sell,4694.99,-5.18,sl,-4.39,market,,,,,,,,,,,,
78780449,sell,4693.0,-5.18,sl,-6.38,market,,,,,,,,,,,,
78780458,sell,4691.09,-5.18,sl,-8.29,market,,,,,,,,,,,,
78666407,sell,4729.4,19.82,tp,14.01,market,,,,,,,,,,,,
78596708,sell,4728.28,-5.18,sl,-4.21,market,,,,,,,,,,,,
78596626,sell,4726.3,-5.18,sl,-6.1899999999999995,market,,,,,,,,,,,,
78596407,sell,4724.3,-5.18,sl,-8.19,market,,,,,,,,,,,,
78471422,sell,4742.5,13.870000000000182,time,13.870000000000001,market,,,,,,,,,,,,
78471395,sell,4740.5,19.82,tp,34.1,market,,,,,,,,,,,,
78471370,sell,4738.39,20.06,tp,29.72,market,,,,,,,,,,,,
78471356,sell,4732.43,-5.18,sl,-4.39,market,,,,,,,,,,,,
78471312,sell,4730.5,-5.18,sl,-6.319999999999999,market,,,,,,,,,,,,
78471292,sell,4728.5,-5.18,sl,-8.32,market,,,,,,,,,,,,
78382736,sell,4752.0,13.870000000000182,time,13.870000000000001,market,,,,,,,,,,,,
78382746,sell,4750.0,19.82,tp,40.79,market,,,,,,,,,,,,
78291044,buy,4697.0,19.82,tp,39.6,market,,,,,,,,,,,,
78291024,buy,4699.0,-5.18,sl,13.82,market,,,,,,,,,,,,
78291013,buy,4701.14,-5.18,sl,-8.33,market,,,,,,,,,,,,
78244488,buy,4673.0,-4.310000000000109,time,-4.31,market,,,,,,,,,,,,
78244465,buy,4675.0,-6.310000000000109,time,-6.31,market,,,,,,,,,,,,
78244410,buy,4677.72,-5.18,sl,-9.03,market,,,,,,,,,,,,
78084971,buy,4769.74,19.82,tp,-7.9399999999999995,market,,,,,,,,,,,,
78084939,buy,4776.26,19.82,tp,-14.459999999999999,market,,,,,,,,,,,,
78084749,buy,4783.26,-5.18,sl,-21.46,market,,,,,,,,,,,,
77954482,buy,4845.05,-5.18,sl,-3.39,market,,,,,,,,,,,,
77954454,buy,4845.05,-5.18,sl,-3.39,market,,,,,,,,,,,,
77654618,buy,4855.0,8.870000000000182,time,8.870000000000001,market,,,,,,,,,,,,
77954382,buy,4855.0,-5.18,sl,-3.37,market,,,,,,,,,,,,
77838392,buy,4770.0,19.82,tp,19.92,market,,,,,,,,,,,,
77838405,buy,4770.0,6.210000000000328,time,6.21,market,,,,,,,,,,,,
77838454,buy,4770.0,5.359999999999964,time,5.36,market,,,,,,,,,,,,
77838503,buy,4775.0,-5.18,sl,0.28,market,,,,,,,,,,,,
77838489,buy,4775.0,-5.18,sl,0.98,market,,,,,,,,,,,,
77838467,buy,4775.0,-5.18,sl,94.97,market,,,,,,,,,,,,
77587972,buy,4781.0,-5.089999999999854,time,-5.09,market,,,,,,,,,,,,
77587977,buy,4781.0,-5.089999999999854,time,-5.09,market,,,,,,,,,,,,
77587968,buy,4781.0,-5.089999999999854,time,-5.09,market,,,,,,,,,,,,
77790083,buy,4790.0,-3.4900000000004003,time,-3.49,market,,,,,,,,,,,,
77790124,buy,4790.0,-3.4900000000004003,time,-3.49,market,,,,,,,,,,,,
77790131,buy,4790.0,-3.4900000000004003,time,-3.49,market,,,,,,,,,,,,
77761433,buy,4811.0,-3.5899999999998546,time,-3.5900000000000003,market,,,,,,,,,,,,
77761465,buy,4811.0,-3.5899999999998546,time,-3.5900000000000003,market,,,,,,,,,,,,
77761490,buy,4811.0,-3.5899999999998546,time,-3.5900000000000003,market,,,,,,,,,,,,
77654348,buy,4789.5,10.32,time,10.32,market,,,,,,,,,,,,
77654439,buy,4789.5,18.37,tp,-4.74,market,,,,,,,,,,,,
77684041,buy,4803.62,-3.5099999999999274,time,-3.5100000000000002,market,,,,,,,,,,,,
77683996,buy,4803.62,-3.5099999999999274,time,-3.5100000000000002,market,,,,,,,,,,,,
77684068,buy,4803.62,-3.5099999999999274,time,-3.5100000000000002,market,,,,,,,,,,,,
77638680,buy,4799.11,-3.419999999999782,time,-3.4200000000000004,market,,,,,,,,,,,,
77638710,buy,4799.11,-3.419999999999782,time,-3.4200000000000004,market,,,,,,,,,,,,
77506113,buy,4760.0,-6.379999999999818,time,-6.38,market,,,,,,,,,,,,
77506065,buy,4760.0,-6.379999999999818,time,-6.38,market,,,,,,,,,,,,
77258643,sell,4777.0,-5.18,sl,-3.2800000000000002,market,,,,,,,,,,,,
77258657,sell,4777.0,-5.18,sl,-3.2800000000000002,market,,,,,,,,,,,,
77258627,sell,4777.0,-5.18,sl,-3.2800000000000002,market,,,,,,,,,,,,
77191681,buy,4741.19,10.670000000000364,time,10.67,market,,,,,,,,,,,,
77191618,buy,4741.19,19.82,tp,-6.5,market,,,,,,,,,,,,
77191651,buy,4741.19,19.82,tp,-6.5,market,,,,,,,,,,,,
77207234,buy,4762.0,-3.840000000000291,time,-3.8400000000000003,market,,,,,,,,,,,,
77207221,buy,4762.0,-3.840000000000291,time,-3.8400000000000003,market,,,,,,,,,,,,
77207201,buy,4762.0,9.7799999999996,time,9.78,market,,,,,,,,,,,,
77174589,sell,4756.96,19.82,tp,-3.35,market,,,,,,,,,,,,
77174670,sell,4756.96,19.82,tp,-3.35,market,,,,,,,,,,,,
77174548,sell,4756.96,9.809999999999782,time,9.81,market,,,,,,,,,,,,
77108374,sell,4745.93,-5.18,sl,-3.3000000000000003,market,,,,,,,,,,,,
77108351,sell,4745.93,-5.18,sl,-3.3000000000000003,market,,,,,,,,,,,,
77108338,sell,4737.0,-3.3399999999998546,time,-3.3400000000000003,market,,,,,,,,,,,,
77108332,sell,4737.0,-3.3399999999998546,time,-3.3400000000000003,market,,,,,,,,,,,,
77088862,buy,4723.0,-3.68,time,-3.68,market,,,,,,,,,,,,
77088842,buy,4723.0,-3.68,time,-3.68,market,,,,,,,,,,,,
77088854,buy,4723.0,-3.68,time,-3.68,market,,,,,,,,,,,,
77064537,buy,4741.5,-5.18,sl,-3.79,market,,,,,,,,,,,,
77064550,buy,4741.5,-5.18,sl,-3.79,market,,,,,,,,,,,,
77064608,buy,4741.5,-5.18,sl,-3.79,market,,,,,,,,,,,,
77024976,buy,4777.38,-5.18,sl,-3.62,market,,,,,,,,,,,,
77024921,buy,4777.38,9.439999999999891,time,9.44,market,,,,,,,,,,,,
77024959,buy,4777.38,-5.18,sl,-3.62,market,,,,,,,,,,,,
76972851,sell,4778.0,-5.18,sl,-3.24,market,,,,,,,,,,,,
76972839,sell,4778.0,-5.18,sl,9.82,market,,,,,,,,,,,,
76972847,sell,4778.0,-5.18,sl,-3.24,market,,,,,,,,,,,,
76817831,sell,4698.0,-3.18,time,-3.18,market,,,,,,,,,,,,
76817821,sell,4698.0,-3.18,time,-3.18,market,,,,,,,,,,,,
76817841,sell,4698.0,-3.18,time,-3.18,market,,,,,,,,,,,,
76895764,sell,4670.1,-5.18,sl,-3.2600000000000002,market,,,,,,,,,,,,
76895717,sell,4670.1,-5.18,sl,-3.2600000000000002,market,,,,,,,,,,,,
76895783,sell,4670.1,-5.18,sl,-3.2600000000000002,market,,,,,,,,,,,,
76802857,buy,4660.21,19.82,tp,31.76,market,,,,,,,,,,,,
76802826,buy,4660.21,10.609999999999964,time,10.61,market,,,,,,,,,,,,
76802875,buy,4660.21,19.82,tp,-0.26,market,,,,,,,,,,,,
76700860,sell,4658.5,-5.18,sl,10.32,market,,,,,,,,,,,,
76700891,sell,4658.5,-5.18,sl,-3.27,market,,,,,,,,,,,,
76701014,sell,4658.5,-5.18,sl,-3.27,market,,,,,,,,,,,,
76700697,sell,4639.5,-5.18,sl,-3.56,market,,,,,,,,,,,,
76700648,sell,4639.5,-5.18,sl,-3.56,market,,,,,,,,,,,,
76700764,sell,4639.5,-5.18,sl,-3.56,market,,,,,,,,,,,,
76665038,sell,4619.6,-5.18,sl,-3.54,market,,,,,,,,,,,,
76664979,sell,4619.6,-5.18,sl,-3.54,market,,,,,,,,,,,,
76664961,sell,4619.6,-5.18,sl,-3.54,market,,,,,,,,,,,,
76611190,buy,4727.0,19.82,tp,-0.22999999999999998,market,,,,,,,,,,,,
76611184,buy,4727.0,19.82,tp,31.82,market,,,,,,,,,,,,
76611177,buy,4727.0,19.82,tp,9.82,market,,,,,,,,,,,,
76441172,sell,4613.5,-3.3699999999996,time,-3.37,market,,,,,,,,,,,,
76441148,sell,4613.5,-3.3699999999996,time,-3.37,market,,,,,,,,,,,,
76441182,sell,4613.5,-3.3699999999996,time,-3.37,market,,,,,,,,,,,,
76435616,buy,4549.08,-4.23999999999949,time,-4.239999999999999,market,,,,,,,,,,,,
76435639,buy,4549.08,-4.23999999999949,time,-4.239999999999999,market,,,,,,,,,,,,
76435647,buy,4549.08,-4.23999999999949,time,-4.239999999999999,market,,,,,,,,,,,,
76397888,sell,4558.0,-5.18,sl,-3.5700000000000003,market,,,,,,,,,,,,
76397879,sell,4558.0,-5.18,sl,-3.5700000000000003,market,,,,,,,,,,,,
76397898,sell,4558.0,-5.18,sl,-3.5700000000000003,market,,,,,,,,,,,,
76366956,buy,4518.5,-5.18,sl,-3.3000000000000003,market,,,,,,,,,,,,
76367001,buy,4518.5,-5.18,sl,-3.3000000000000003,market,,,,,,,,,,,,
76366924,buy,4518.5,9.82,time,9.82,market,,,,,,,,,,,,
76287676,sell,4570.87,-5.18,sl,-3.83,market,,,,,,,,,,,,
76287706,sell,4570.87,-5.18,sl,-3.83,market,,,,,,,,,,,,
76287660,sell,4570.87,-5.18,sl,-3.83,market,,,,,,,,,,,,
76287443,buy,4462.0,-5.18,sl,-3.37,market,,,,,,,,,,,,
76287475,buy,4462.0,-5.18,sl,-3.37,market,,,,,,,,,,,,
76287530,buy,4462.0,-5.18,sl,-3.37,market,,,,,,,,,,,,
76236139,sell,4451.7,-5.18,sl,-3.8800000000000003,market,,,,,,,,,,,,
76236110,sell,4451.7,-5.18,sl,-3.8800000000000003,market,,,,,,,,,,,,
76236236,sell,4451.7,-5.18,sl,-3.8800000000000003,market,,,,,,,,,,,,
76208401,buy,4428.6,-3.219999999999964,time,-3.22,market,,,,,,,,,,,,
76208370,buy,4428.6,-3.219999999999964,time,-3.22,market,,,,,,,,,,,,
76208457,buy,4428.6,-3.219999999999964,time,-3.22,market,,,,,,,,,,,,
76191384,sell,4444.0,-5.18,sl,-3.19,market,,,,,,,,,,,,
76191377,sell,4444.0,-5.18,sl,-3.19,market,,,,,,,,,,,,
76191370,sell,4444.0,-5.18,sl,-3.19,market,,,,,,,,,,,,
76115094,buy,4385.0,-5.18,sl,-3.7800000000000002,market,,,,,,,,,,,,
76115077,buy,4385.0,-5.18,sl,-3.7800000000000002,market,,,,,,,,,,,,
76115128,buy,4385.0,-5.18,sl,-3.7800000000000002,market,,,,,,,,,,,,
76156390,buy,4407.0,-5.18,sl,-5.58,market,,,,,,,,,,,,
76156370,buy,4407.0,-5.18,sl,-5.58,market,,,,,,,,,,,,
76156411,buy,4407.0,-5.18,sl,-5.58,market,,,,,,,,,,,,
76099717,buy,4430.75,-5.18,sl,-3.98,market,,,,,,,,,,,,
76099705,buy,4430.75,-5.18,sl,9.07,market,,,,,,,,,,,,
76099740,buy,4430.75,-5.18,sl,-3.98,market,,,,,,,,,,,,
76071692,buy,4476.82,-5.18,sl,-3.71,market,,,,,,,,,,,,
76071626,buy,4476.82,-5.18,sl,-3.71,market,,,,,,,,,,,,
76071595,buy,4476.82,-5.18,sl,-3.71,market,,,,,,,,,,,,
76009324,buy,4494.61,19.82,tp,-3.3600000000000003,market,,,,,,,,,,,,
76009256,buy,4494.61,19.82,tp,-3.3600000000000003,market,,,,,,,,,,,,
76009302,buy,4494.61,19.82,tp,-3.3600000000000003,market,,,,,,,,,,,,
76024481,buy,4518.7,-5.18,sl,-3.97,market,,,,,,,,,,,,
76024655,buy,4518.7,-5.18,sl,-3.97,market,,,,,,,,,,,,
76024530,buy,4518.7,-5.18,sl,-3.97,market,,,,,,,,,,,,
75935080,sell,4421.64,-5.18,sl,-3.4000000000000004,market,,,,,,,,,,,,
75916756,sell,4409.75,-5.18,sl,-3.48,market,,,,,,,,,,,,
75916811,sell,4409.75,-5.18,sl,-3.48,market,,,,,,,,,,,,
75916783,sell,4409.75,-5.18,sl,-3.48,market,,,,,,,,,,,,
75836089,sell,4381.0,-5.18,sl,-3.25,market,,,,,,,,,,,,
75836180,sell,4381.0,-5.18,sl,-3.25,market,,,,,,,,,,,,
75836146,sell,4381.0,-5.18,sl,-3.25,market,,,,,,,,,,,,
75861006,sell,4364.5,-3.969999999999964,time,-3.97,market,,,,,,,,,,,,
75861029,sell,4364.5,-3.969999999999964,time,-3.97,market,,,,,,,,,,,,
75842898,sell,4364.0,-5.18,sl,-3.24,market,,,,,,,,,,,,
75842954,sell,4364.0,-5.18,sl,-3.24,market,,,,,,,,,,,,
75759660,sell,4477.3,-5.18,sl,-3.2,market,,,,,,,,,,,,
75759516,sell,4477.3,-5.18,sl,-3.2,market,,,,,,,,,,,,
75759470,sell,4477.3,-5.18,sl,-3.2,market,,,,,,,,,,,,
75653790,sell,4289.95,-5.18,sl,-4.31,market,,,,,,,,,,,,
75653759,sell,4289.95,-5.18,sl,-4.31,market,,,,,,,,,,,,
75653579,sell,4289.95,-5.18,sl,-4.31,market,,,,,,,,,,,,
75633861,sell,4452.3,19.82,tp,32.17,market,,,,,,,,,,,,
75633845,sell,4452.3,10.120000000000182,time,10.120000000000001,market,,,,,,,,,,,,
75633884,sell,4452.3,19.82,tp,102.86,market,,,,,,,,,,,,
75505610,sell,4708.37,-5.18,sl,-3.21,market,,,,,,,,,,,,
75505588,sell,4708.37,-5.18,sl,-3.21,market,,,,,,,,,,,,
75505572,sell,4708.37,-5.18,sl,-3.21,market,,,,,,,,,,,,
75489328,buy,4688.3,10.519999999999818,time,10.52,market,,,,,,,,,,,,
75489333,buy,4688.3,-3.43,time,-3.43,market,,,,,,,,,,,,
75489343,buy,4688.3,-3.43,time,-3.43,market,,,,,,,,,,,,
75377705,sell,4728.0,-5.18,sl,-3.18,market,,,,,,,,,,,,
75377967,sell,4728.0,-5.18,sl,-3.18,market,,,,,,,,,,,,
75377909,sell,4728.0,-5.18,sl,-3.18,market,,,,,,,,,,,,
75479234,sell,4717.7,-5.18,sl,-3.2,market,,,,,,,,,,,,
75479273,sell,4717.7,-5.18,sl,-3.2,market,,,,,,,,,,,,
75479261,sell,4717.7,-5.18,sl,-3.2,market,,,,,,,,,,,,
75366556,buy,4523.5,19.82,tp,-3.7,market,,,,,,,,,,,,
75366723,buy,4523.5,19.82,tp,-3.7,market,,,,,,,,,,,,
75366803,buy,4523.5,19.82,tp,-3.7,market,,,,,,,,,,,,
75310833,buy,4733.0,-5.18,sl,-3.31,market,,,,,,,,,,,,
75310885,buy,4733.0,-5.18,sl,-3.31,market,,,,,,,,,,,,
75310873,buy,4733.0,-5.18,sl,-3.31,market,,,,,,,,,,,,
75311038,sell,4859.0,-5.18,sl,-3.29,market,,,,,,,,,,,,
75311090,sell,4859.0,-5.18,sl,-3.29,market,,,,,,,,,,,,
75311014,sell,4859.0,-5.18,sl,-3.29,market,,,,,,,,,,,,
74920643,buy,4888.0,-5.18,sl,-3.2,market,,,,,,,,,,,,
74920608,buy,4888.0,-5.18,sl,-3.2,market,,,,,,,,,,,,
74920649,buy,4888.0,-5.18,sl,-3.2,market,,,,,,,,,,,,
74928663,buy,4910.5,-5.18,sl,-3.2800000000000002,market,,,,,,,,,,,,
74928615,buy,4910.5,-5.18,sl,-3.2800000000000002,market,,,,,,,,,,,,
74928689,buy,4910.5,-5.18,sl,-3.2800000000000002,market,,,,,,,,,,,,
74920565,buy,4922.24,-5.18,sl,-4.199999999999999,market,,,,,,,,,,,,
74920549,buy,4922.24,-5.18,sl,-4.199999999999999,market,,,,,,,,,,,,
74920527,buy,4922.24,-5.18,sl,9.58,market,,,,,,,,,,,,
75198777,buy,4962.0,-3.230000000000182,time,-3.23,market,,,,,,,,,,,,
75198810,buy,4962.0,-3.230000000000182,time,-3.23,market,,,,,,,,,,,,
75198747,buy,4969.0,-5.329999999999636,time,-5.33,market,,,,,,,,,,,,
75198723,buy,4969.0,-5.329999999999636,time,-5.33,market,,,,,,,,,,,,
75198730,buy,4969.0,-5.329999999999636,time,-5.33,market,,,,,,,,,,,,
75198765,buy,4962.0,9.82,time,9.82,market,,,,,,,,,,,,
75081913,sell,5033.98,-5.18,sl,-9.76,market,,,,,,,,,,,,
75079959,sell,5026.69,-5.18,sl,-16.49,market,,,,,,,,,,,,
75034347,sell,5018.0,-3.1900000000002184,time,-3.19,market,,,,,,,,,,,,
75034013,sell,5018.0,-3.1900000000002184,time,-3.19,market,,,,,,,,,,,,
75034298,sell,5018.0,-3.1900000000002184,time,-3.19,market,,,,,,,,,,,,
74997538,sell,5019.8,19.82,tp,-3.23,market,,,,,,,,,,,,
74997516,sell,5019.8,19.82,tp,10.67,market,,,,,,,,,,,,
74997595,sell,5019.8,19.82,tp,-3.23,market,,,,,,,,,,,,
74944654,sell,5021.5,-3.360000000000291,time,-3.3600000000000003,market,,,,,,,,,,,,
74944634,sell,5021.5,-3.360000000000291,time,-3.3600000000000003,market,,,,,,,,,,,,
74944594,sell,5021.5,-3.360000000000291,time,-3.3600000000000003,market,,,,,,,,,,,,
74778214,buy,5028.7,-5.18,sl,-3.18,market,,,,,,,,,,,,
74778194,buy,5028.7,-5.18,sl,-3.18,market,,,,,,,,,,,,
74778181,buy,5028.7,-5.18,sl,-3.18,market,,,,,,,,,,,,
74875806,buy,5048.0,-5.18,sl,-3.3000000000000003,market,,,,,,,,,,,,
74875848,buy,5048.0,-5.18,sl,-3.3000000000000003,market,,,,,,,,,,,,
74875839,buy,5048.0,-5.18,sl,-3.3000000000000003,market,,,,,,,,,,,,
74778082,buy,5052.7,-5.18,sl,-7.029999999999999,market,,,,,,,,,,,,
74778169,buy,5052.7,-5.18,sl,-7.029999999999999,market,,,,,,,,,,,,
74778099,buy,5052.7,-5.18,sl,-7.029999999999999,market,,,,,,,,,,,,
74860949,buy,5068.0,-5.18,sl,-3.21,market,,,,,,,,,,,,
74860904,buy,5068.0,-5.18,sl,-3.21,market,,,,,,,,,,,,
74860967,buy,5068.0,-5.18,sl,-3.21,market,,,,,,,,,,,,
74784430,sell,5120.0,-5.18,sl,-3.39,market,,,,,,,,,,,,
74784416,sell,5120.0,9.920000000000364,time,9.92,market,,,,,,,,,,,,
74784433,sell,5120.0,-5.18,sl,-3.39,market,,,,,,,,,,,,
74369781,buy,5100.0,-5.18,sl,-3.6,market,,,,,,,,,,,,
74749822,buy,5112.5,-5.18,sl,-3.2,market,,,,,,,,,,,,
74749751,buy,5112.5,-5.18,sl,-3.2,market,,,,,,,,,,,,
74750177,buy,5112.5,-5.18,sl,-3.2,market,,,,,,,,,,,,
74652473,buy,5133.0,-5.18,sl,-3.2,market,,,,,,,,,,,,
74652489,buy,5133.0,-5.18,sl,-3.2,market,,,,,,,,,,,,
74652483,buy,5133.0,-5.18,sl,-3.2,market,,,,,,,,,,,,
74727938,buy,5154.5,-5.18,sl,-3.62,market,,,,,,,,,,,,
74727865,buy,5154.5,-5.18,sl,-3.62,market,,,,,,,,,,,,
74509321,buy,5143.0,-5.18,sl,-7.31,market,,,,,,,,,,,,
74509293,buy,5143.0,-5.18,sl,-7.31,market,,,,,,,,,,,,
74509333,buy,5143.0,-5.18,sl,-7.31,market,,,,,,,,,,,,
74530497,buy,5149.7,18.37,tp,-2.46,market,,,,,,,,,,,,
74530465,buy,5149.7,19.82,tp,33.12,market,,,,,,,,,,,,
74530454,buy,5149.7,19.82,tp,10.120000000000001,market,,,,,,,,,,,,
74530436,buy,5176.7,19.82,tp,-3.3600000000000003,market,,,,,,,,,,,,
74530396,buy,5176.7,10.170000000000364,time,10.17,market,,,,,,,,,,,,
74530421,buy,5176.7,19.82,tp,-3.3600000000000003,market,,,,,,,,,,,,
74517051,buy,5198.0,-3.18,time,-3.18,market,,,,,,,,,,,,
74516988,buy,5198.0,-3.18,time,-3.18,market,,,,,,,,,,,,
74517091,buy,5198.0,-3.18,time,-3.18,market,,,,,,,,,,,,
74479750,buy,5192.0,-5.18,sl,-3.94,market,,,,,,,,,,,,
74479798,buy,5192.0,-5.18,sl,-3.94,market,,,,,,,,,,,,
74479729,buy,5192.0,-5.18,sl,-3.94,market,,,,,,,,,,,,
74458279,buy,5188.0,19.82,tp,9.74,market,,,,,,,,,,,,
74458218,buy,5188.0,19.82,tp,25.11,market,,,,,,,,,,,,
74458154,buy,5188.0,19.82,tp,9.82,market,,,,,,,,,,,,
74458079,buy,5198.2,-5.18,sl,-5.21,market,,,,,,,,,,,,
74457965,buy,5198.2,9.620000000000182,time,9.620000000000001,market,,,,,,,,,,,,
74458015,buy,5198.2,-5.18,sl,-5.21,market,,,,,,,,,,,,
74188198,sell,5177.43,-5.18,sl,-3.58,market,,,,,,,,,,,,
74188246,sell,5177.43,-5.18,sl,-3.58,market,,,,,,,,,,,,
74188286,sell,5177.43,-5.18,sl,-3.58,market,,,,,,,,,,,,
74262165,buy,5094.38,-5.18,sl,-3.69,market,,,,,,,,,,,,
74262213,buy,5094.38,-5.18,sl,-3.69,market,,,,,,,,,,,,
74262233,buy,5094.38,-5.18,sl,-3.69,market,,,,,,,,,,,,
74196566,buy,5041.0,-5.18,sl,-3.5500000000000003,market,,,,,,,,,,,,
74196514,buy,5041.0,-5.18,sl,-3.5500000000000003,market,,,,,,,,,,,,
74196695,buy,5041.0,-5.18,sl,-3.5500000000000003,market,,,,,,,,,,,,
74196008,buy,5046.5,-5.18,sl,-3.2,market,,,,,,,,,,,,
74195801,buy,5046.5,-5.18,sl,-3.2,market,,,,,,,,,,,,
74195739,buy,5046.5,-5.18,sl,-3.2,market,,,,,,,,,,,,
74187251,buy,5072.5,-5.18,sl,-4.279999999999999,market,,,,,,,,,,,,
74187192,buy,5072.5,-5.18,sl,-4.279999999999999,market,,,,,,,,,,,,
74187293,buy,5072.5,-5.18,sl,-4.279999999999999,market,,,,,,,,,,,,
74094547,sell,5120.72,19.82,tp,-4.77,market,,,,,,,,,,,,
74094520,sell,5120.72,19.82,tp,8.540000000000001,market,,,,,,,,,,,,
74094570,sell,5120.72,19.82,tp,-4.77,market,,,,,,,,,,,,
74108102,sell,5108.97,19.82,tp,-3.47,market,,,,,,,,,,,,
74108129,sell,5108.97,19.82,tp,-3.47,market,,,,,,,,,,,,
74053854,buy,5070.63,19.82,tp,-4.18,market,,,,,,,,,,,,
74053878,buy,5070.63,19.82,tp,-4.18,market,,,,,,,,,,,,
74053842,buy,5070.63,19.82,tp,-4.18,market,,,,,,,,,,,,
74042342,buy,5097.4,10.420000000000364,time,10.42,market,,,,,,,,,,,,
74042389,buy,5097.4,19.82,tp,-3.2800000000000002,market,,,,,,,,,,,,
74042359,buy,5097.4,19.82,tp,-3.2800000000000002,market,,,,,,,,,,,,
74019967,sell,5109.8,19.82,tp,-3.3800000000000003,market,,,,,,,,,,,,
74019990,sell,5109.8,19.82,tp,-3.3800000000000003,market,,,,,,,,,,,,
74019956,sell,5109.8,19.82,tp,-3.3800000000000003,market,,,,,,,,,,,,
73841749,buy,5088.5,19.82,tp,-6.51,market,,,,,,,,,,,,
73841771,buy,5088.5,19.82,tp,-6.51,market,,,,,,,,,,,,
73841758,buy,5088.5,19.82,tp,-6.51,market,,,,,,,,,,,,
73930256,buy,5128.81,19.82,tp,-3.99,market,,,,,,,,,,,,
73930237,buy,5128.81,19.82,tp,9.01,market,,,,,,,,,,,,
73930270,buy,5128.81,19.82,tp,-3.99,market,,,,,,,,,,,,
73856612,buy,5140.19,19.82,tp,-3.4000000000000004,market,,,,,,,,,,,,
73856577,buy,5140.19,19.82,tp,-3.4000000000000004,market,,,,,,,,,,,,
73856492,buy,5140.19,19.82,tp,-3.4000000000000004,market,,,,,,,,,,,,
73856972,sell,5192.3,19.82,tp,97.11999999999999,market,,,,,,,,,,,,
73856821,sell,5192.3,10.220000000000546,time,10.22,market,,,,,,,,,,,,
73856946,sell,5192.3,19.82,tp,32.160000000000004,market,,,,,,,,,,,,
73843723,sell,5167.48,19.82,tp,-3.47,market,,,,,,,,,,,,
73843702,sell,5167.48,19.82,tp,-3.47,market,,,,,,,,,,,,
73843760,sell,5167.48,19.82,tp,-3.47,market,,,,,,,,,,,,
73460113,sell,5184.5,19.82,tp,-3.19,market,,,,,,,,,,,,
73460052,sell,5184.5,19.82,tp,-3.19,market,,,,,,,,,,,,
73460081,sell,5184.5,19.82,tp,-3.19,market,,,,,,,,,,,,
73230963,buy,5211.0,19.82,tp,-3.6500000000000004,market,,,,,,,,,,,,
73230887,buy,5211.0,19.82,tp,-3.6500000000000004,market,,,,,,,,,,,,
73230932,buy,5211.0,19.82,tp,-3.6500000000000004,market,,,,,,,,,,,,
73230766,buy,5239.0,19.82,tp,-3.48,market,,,,,,,,,,,,
73230730,buy,5239.0,19.82,tp,-3.48,market,,,,,,,,,,,,
73230789,buy,5239.0,19.82,tp,-3.48,market,,,,,,,,,,,,
73544398,buy,5300.0,19.82,tp,-5.239999999999999,market,,,,,,,,,,,,
73544341,buy,5300.0,19.82,tp,-5.239999999999999,market,,,,,,,,,,,,
73544313,buy,5300.0,19.82,tp,9.82,market,,,,,,,,,,,,
73540494,buy,5316.2,-3.4400000000002184,time,-3.44,market,,,,,,,,,,,,
73540397,buy,5316.2,-3.4400000000002184,time,-3.44,market,,,,,,,,,,,,
73540585,buy,5316.2,-3.4400000000002184,time,-3.44,market,,,,,,,,,,,,
73460307,buy,5297.0,19.82,tp,-3.21,market,,,,,,,,,,,,
73460286,buy,5297.0,19.82,tp,-3.21,market,,,,,,,,,,,,
73460220,buy,5297.0,19.82,tp,-3.21,market,,,,,,,,,,,,
73460165,buy,5307.0,19.82,tp,-3.3200000000000003,market,,,,,,,,,,,,
73460158,buy,5307.0,19.82,tp,9.82,market,,,,,,,,,,,,
73460178,buy,5307.0,19.82,tp,-3.3200000000000003,market,,,,,,,,,,,,
73476474,buy,5326.5,19.82,tp,-3.79,market,,,,,,,,,,,,
73476410,buy,5326.5,19.82,tp,-3.79,market,,,,,,,,,,,,
73476356,buy,5326.5,19.82,tp,-3.79,market,,,,,,,,,,,,
73262242,buy,5314.18,19.82,tp,-3.77,market,,,,,,,,,,,,
73262178,buy,5314.18,19.82,tp,-3.77,market,,,,,,,,,,,,
73262287,buy,5314.18,19.82,tp,-3.77,market,,,,,,,,,,,,
73282888,buy,5324.2,19.82,tp,-3.6500000000000004,market,,,,,,,,,,,,
73282878,buy,5324.2,19.82,tp,-3.6500000000000004,market,,,,,,,,,,,,
73282865,buy,5324.2,19.82,tp,-3.6500000000000004,market,,,,,,,,,,,,
73376849,buy,5366.0,19.82,tp,-3.5500000000000003,market,,,,,,,,,,,,
73376766,buy,5366.0,19.82,tp,9.82,market,,,,,,,,,,,,
73377050,buy,5366.0,19.82,tp,-3.5500000000000003,market,,,,,,,,,,,,
73341514,buy,5376.22,19.82,tp,-3.66,market,,,,,,,,,,,,
73341422,buy,5376.22,19.82,tp,26.75,market,,,,,,,,,,,,
73341247,buy,5376.22,9.599999999999746,time,9.6,market,,,,,,,,,,,,
73164603,buy,5214.23,-5.18,sl,-3.44,market,,,,,,,,,,,,
73164681,buy,5214.23,-5.18,sl,0.69,market,,,,,,,,,,,,
73134780,sell,5230.0,19.82,tp,-5.25,market,,,,,,,,,,,,
73134726,sell,5230.0,19.82,tp,-5.25,market,,,,,,,,,,,,
73134767,sell,5230.0,19.82,tp,-5.25,market,,,,,,,,,,,,
73087109,sell,5217.0,19.82,tp,-3.4000000000000004,market,,,,,,,,,,,,
73087098,sell,5217.0,19.82,tp,-3.4000000000000004,market,,,,,,,,,,,,
73087126,sell,5217.0,19.82,tp,-3.4000000000000004,market,,,,,,,,,,,,
72903821,buy,5131.89,19.82,tp,32.98,market,,,,,,,,,,,,
72903785,buy,5131.89,19.82,tp,9.93,market,,,,,,,,,,,,
72903859,buy,5131.89,19.82,tp,50.04,market,,,,,,,,,,,,
73023593,buy,5137.5,19.82,tp,-3.87,market,,,,,,,,,,,,
73023570,buy,5137.5,19.82,tp,-3.87,market,,,,,,,,,,,,
73023554,buy,5137.5,19.82,tp,-3.87,market,,,,,,,,,,,,
72968623,buy,5166.0,-3.499999999999709,time,-3.5,market,,,,,,,,,,,,
72968516,buy,5166.0,-3.499999999999709,time,-3.5,market,,,,,,,,,,,,
72968752,buy,5166.0,-3.499999999999709,time,-3.5,market,,,,,,,,,,,,
72955466,sell,5186.38,19.82,tp,-3.21,market,,,,,,,,,,,,
72955288,sell,5186.38,19.82,tp,-3.21,market,,,,,,,,,,,,
72955367,sell,5186.38,19.82,tp,-3.21,market,,,,,,,,,,,,
72735661,buy,5123.0,19.82,tp,-6.319999999999999,market,,,,,,,,,,,,
72735554,buy,5123.0,19.82,tp,-6.319999999999999,market,,,,,,,,,,,,
72735718,buy,5123.0,19.82,tp,-6.319999999999999,market,,,,,,,,,,,,
72783259,buy,5138.42,19.82,tp,-3.3600000000000003,market,,,,,,,,,,,,
72783271,buy,5138.42,19.82,tp,-3.3600000000000003,market,,,,,,,,,,,,
72783276,buy,5138.42,19.82,tp,-3.3600000000000003,market,,,,,,,,,,,,
72735802,buy,5151.0,19.82,tp,-4.05,market,,,,,,,,,,,,
72735843,buy,5151.0,19.82,tp,-4.05,market,,,,,,,,,,,,
72735786,buy,5151.0,19.82,tp,-4.05,market,,,,,,,,,,,,
72715508,buy,5151.0,19.82,tp,-3.5,market,,,,,,,,,,,,
72715547,buy,5151.0,19.82,tp,-3.5,market,,,,,,,,,,,,
72715533,buy,5151.0,19.82,tp,-3.5,market,,,,,,,,,,,,
72715477,buy,5166.0,19.82,tp,-3.21,market,,,,,,,,,,,,
72715347,buy,5166.0,19.82,tp,-3.21,market,,,,,,,,,,,,
72715176,buy,5166.0,19.82,tp,-3.21,market,,,,,,,,,,,,
72715066,buy,5208.71,19.82,tp,-3.3000000000000003,market,,,,,,,,,,,,
72715134,buy,5208.71,19.82,tp,-3.3000000000000003,market,,,,,,,,,,,,
72715100,buy,5208.71,19.82,tp,-3.3000000000000003,market,,,,,,,,,,,,
72452143,sell,5075.92,19.82,tp,-3.7600000000000002,market,,,,,,,,,,,,
72452028,sell,5075.92,19.82,tp,-3.7600000000000002,market,,,,,,,,,,,,
72451917,sell,5075.92,19.82,tp,16.84,market,,,,,,,,,,,,
72426887,buy,4971.5,19.82,tp,-6.72,market,,,,,,,,,,,,
72408498,sell,4991.0,-3.4400000000002184,time,-3.44,market,,,,,,,,,,,,
72408521,sell,4991.0,-3.4400000000002184,time,-3.44,market,,,,,,,,,,,,
72408532,sell,4991.0,-3.4400000000002184,time,-3.44,market,,,,,,,,,,,,
72362965,sell,4960.0,19.82,tp,-3.22,market,,,,,,,,,,,,
72362959,sell,4960.0,19.82,tp,-3.22,market,,,,,,,,,,,,
72362938,sell,4960.0,19.82,tp,-3.22,market,,,,,,,,,,,,
72323120,buy,4858.5,19.82,tp,17.330000000000002,market,,,,,,,,,,,,
72323197,buy,4858.5,19.82,tp,60.42,market,,,,,,,,,,,,
72323174,buy,4858.5,19.82,tp,33.47,market,,,,,,,,,,,,
72249070,buy,4845.0,19.82,tp,31.82,market,,,,,,,,,,,,
72249201,buy,4845.0,19.82,tp,40.38,market,,,,,,,,,,,,
72249262,buy,4845.0,13.56,tp,548.71,market,,,,,,,,,,,,
72248757,sell,4933.55,-3.799999999999891,time,-3.8000000000000003,market,,,,,,,,,,,,
72248730,sell,4933.55,-3.799999999999891,time,-3.8000000000000003,market,,,,,,,,,,,,
72248702,sell,4933.55,-3.799999999999891,time,-3.8000000000000003,market,,,,,,,,,,,,
72223847,buy,4932.0,19.82,tp,-4.22,market,,,,,,,,,,,,
72223838,buy,4932.0,19.82,tp,-4.22,market,,,,,,,,,,,,
72223831,buy,4932.0,19.82,tp,-4.22,market,,,,,,,,,,,,
72211647,sell,4969.0,19.82,tp,33.97,market,,,,,,,,,,,,
72211631,sell,4969.0,16.969999999999636,time,16.97,market,,,,,,,,,,,,
72211667,sell,4969.0,19.82,tp,56.97,market,,,,,,,,,,,,
72205102,buy,4938.0,-3.4900000000004003,time,-3.49,market,,,,,,,,,,,,
72204996,buy,4938.0,-3.4900000000004003,time,-3.49,market,,,,,,,,,,,,
72204942,buy,4938.0,-3.4900000000004003,time,-3.49,market,,,,,,,,,,,,
72159488,buy,4975.5,19.82,tp,-3.3000000000000003,market,,,,,,,,,,,,
72159444,buy,4975.5,19.82,tp,-3.3000000000000003,market,,,,,,,,,,,,
72159469,buy,4975.5,19.82,tp,-3.3000000000000003,market,,,,,,,,,,,,
72037916,sell,4988.5,19.82,tp,16.42,market,,,,,,,,,,,,
72037929,sell,4988.5,19.82,tp,33.47,market,,,,,,,,,,,,
72037953,sell,4988.5,19.82,tp,53.36,market,,,,,,,,,,,,
72020249,buy,4954.5,19.82,tp,-3.3800000000000003,market,,,,,,,,,,,,
72020251,buy,4954.5,19.82,tp,-3.3800000000000003,market,,,,,,,,,,,,
72020239,buy,4954.5,19.82,tp,-3.3800000000000003,market,,,,,,,,,,,,
71435565,buy,4931.56,19.82,tp,-5.77,market,,,,,,,,,,,,
71435517,buy,4931.56,19.82,tp,-5.77,market,,,,,,,,,,,,
71435481,buy,4931.56,19.82,tp,-5.77,market,,,,,,,,,,,,
71836507,buy,4965.07,19.82,tp,-3.62,market,,,,,,,,,,,,
71836485,buy,4965.07,19.82,tp,-3.62,market,,,,,,,,,,,,
71836534,buy,4965.07,19.82,tp,-3.62,market,,,,,,,,,,,,
71715330,buy,5015.0,19.82,tp,-3.18,market,,,,,,,,,,,,
71715258,buy,5015.0,19.82,tp,-3.18,market,,,,,,,,,,,,
71715211,buy,5015.0,19.82,tp,-3.18,market,,,,,,,,,,,,
71912940,buy,5041.08,19.82,tp,26.79,market,,,,,,,,,,,,
71912849,buy,5041.08,19.82,tp,16.79,market,,,,,,,,,,,,
71912975,buy,5041.08,19.82,tp,-3.48,market,,,,,,,,,,,,
71760770,buy,5058.0,19.82,tp,-4.02,market,,,,,,,,,,,,
71760685,buy,5058.0,19.82,tp,-4.02,market,,,,,,,,,,,,
71760796,buy,5058.0,19.82,tp,-4.02,market,,,,,,,,,,,,
71660156,buy,5015.0,19.82,tp,-3.18,market,,,,,,,,,,,,
71660138,buy,5015.0,19.82,tp,-3.18,market,,,,,,,,,,,,
71660173,buy,5015.0,19.82,tp,-3.18,market,,,,,,,,,,,,
71590685,buy,5042.7,-5.18,sl,-2.12,market,,,,,,,,,,,,
71590558,buy,5044.0,-5.18,sl,-3.4200000000000004,market,,,,,,,,,,,,
71569432,buy,5007.92,-2.5399999999996727,time,-2.54,market,,,,,,,,,,,,
71569349,buy,5007.92,-2.5399999999996727,time,-2.54,market,,,,,,,,,,,,
71569442,buy,5007.92,-2.5399999999996727,time,-2.54,market,,,,,,,,,,,,
71569292,buy,5018.88,2.830000000000218,time,2.8299999999999996,market,,,,,,,,,,,,
71569271,buy,5018.5,3.2400000000000726,time,3.2399999999999998,market,,,,,,,,,,,,
71442712,sell,5051.09,19.82,tp,-3.72,market,,,,,,,,,,,,
71442666,sell,5051.09,19.82,tp,-3.72,market,,,,,,,,,,,,
71442697,sell,5051.09,19.82,tp,-3.72,market,,,,,,,,,,,,
71531657,sell,5032.0,19.82,tp,-3.19,market,,,,,,,,,,,,
71531450,sell,5032.0,19.82,tp,-3.19,market,,,,,,,,,,,,
71531409,sell,5032.0,19.82,tp,-3.19,market,,,,,,,,,,,,
71518714,buy,4997.5,19.82,tp,34.42,market,,,,,,,,,,,,
71518748,buy,4997.5,19.34,tp,-4.59,market,,,,,,,,,,,,
71518615,buy,4997.5,19.82,tp,17.36,market,,,,,,,,,,,,
71470696,buy,4988.0,19.82,tp,-3.5100000000000002,market,,,,,,,,,,,,
71470712,buy,4988.0,19.82,tp,-3.5100000000000002,market,,,,,,,,,,,,
71470674,buy,4988.0,19.82,tp,-3.5100000000000002,market,,,,,,,,,,,,
71457977,sell,5024.0,19.82,tp,-3.2,market,,,,,,,,,,,,
71457960,sell,5024.0,19.82,tp,-3.2,market,,,,,,,,,,,,
71457941,sell,5024.0,19.82,tp,-3.2,market,,,,,,,,,,,,
71437788,sell,5024.76,0.25000000000029104,time,0.25,market,,,,,,,,,,,,
80974256,sell,4541.0,19.82,tp,,limit_early2,2026.05.21 10:25:29,4543.0,2.0,True,2026-05-21 09:15:00,4521.0,4546.0,4521.0,4546.0,4548.0,0.01,True
80974202,sell,4540.0,19.82,tp,,limit_early2,2026.05.21 10:25:14,4542.0,2.0,True,2026-05-21 09:10:00,4520.0,4545.0,4520.0,4545.0,4547.0,0.01,True
80974029,sell,4539.0,19.82,tp,,limit_early2,2026.05.21 10:24:55,4541.0,2.0,True,2026-05-21 09:10:00,4519.0,4544.0,4519.0,4544.0,4546.0,0.01,True
80873249,buy,4468.0,19.82,tp,,limit_early2,2026.05.20 16:08:09,4466.0,2.0,True,2026-05-20 14:10:00,4488.0,4463.0,4488.0,4463.0,4461.0,0.01,True
80873171,buy,4469.0,19.82,tp,,limit_early2,2026.05.20 16:07:31,4467.0,2.0,True,2026-05-20 14:10:00,4489.0,4464.0,4489.0,4464.0,4462.0,0.01,True
80749150,sell,4513.5,19.82,tp,,limit_early2,2026.05.19 16:41:46,4515.5,2.0,True,2026-05-19 14:05:00,4493.5,4518.5,4493.5,4518.5,4520.5,0.01,True
80615999,buy,4517.0,-5.18,sl,,limit_early2,2026.05.18 16:18:51,4515.0,2.0,True,2026-05-19 13:05:00,4512.0,4512.0,4537.0,4512.0,4510.0,0.01,True
80615982,buy,4516.0,-5.18,sl,,limit_early2,2026.05.18 16:18:34,4514.0,2.0,True,2026-05-19 13:05:00,4511.0,4511.0,4536.0,4511.0,4509.0,0.01,True
80615968,buy,4515.0,-5.18,sl,,limit_early2,2026.05.18 16:18:20,4513.0,2.0,True,2026-05-19 13:05:00,4510.0,4510.0,4535.0,4510.0,4508.0,0.01,True
80448448,sell,4572.0,19.82,tp,,limit_early2,2026.05.15 12:58:35,4574.0,2.0,True,2026-05-15 10:50:00,4552.0,4577.0,4552.0,4577.0,4579.0,0.01,True
80448423,sell,4571.0,19.82,tp,,limit_early2,2026.05.15 12:58:17,4573.0,2.0,True,2026-05-15 10:50:00,4551.0,4576.0,4551.0,4576.0,4578.0,0.01,True
80211910,sell,4708.5,19.82,tp,,limit_early2,2026.05.13 16:09:44,4710.5,2.0,True,2026-05-13 16:20:00,4688.5,4713.5,4688.5,4713.5,4715.5,0.01,True
80165949,sell,4713.5,19.82,tp,,limit_early2,2026.05.13 07:55:12,4715.5,2.0,True,2026-05-13 06:15:00,4693.5,4718.5,4693.5,4718.5,4720.5,0.01,True
80165927,sell,4712.5,19.82,tp,,limit_early2,2026.05.13 07:54:59,4714.5,2.0,True,2026-05-13 06:05:00,4692.5,4717.5,4692.5,4717.5,4719.5,0.01,True
80073464,buy,4676.0,-5.18,sl,,limit_early2,2026.05.12 12:58:09,4674.0,2.0,True,2026-05-12 14:00:00,4671.0,4671.0,4696.0,4671.0,4669.0,0.01,True
80073456,buy,4677.0,-5.18,sl,,limit_early2,2026.05.12 12:57:47,4675.0,2.0,True,2026-05-12 13:55:00,4672.0,4672.0,4697.0,4672.0,4670.0,0.01,True
80073414,buy,4678.0,-5.18,sl,,limit_early2,2026.05.12 12:57:07,4676.0,2.0,True,2026-05-12 13:55:00,4673.0,4673.0,4698.0,4673.0,4671.0,0.01,True
79818333,buy,4649.0,19.82,tp,,limit_early2,2026.05.08 14:23:28,4647.0,2.0,True,2026-05-11 05:55:00,4669.0,4644.0,4669.0,4644.0,4642.0,0.01,True
79811037,buy,4708.0,19.82,tp,,limit_early2,2026.05.08 12:52:11,4706.0,2.0,True,2026-05-08 09:55:00,4728.0,4703.0,4728.0,4703.0,4701.0,0.01,True
79556977,buy,4659.0,19.82,tp,,limit_early2,2026.05.06 09:59:34,4657.0,2.0,True,2026-05-06 07:10:00,4679.0,4654.0,4679.0,4654.0,4652.0,0.01,True
79484836,buy,4568.0,-5.18,sl,,limit_early2,2026.05.05 16:34:38,4566.0,2.0,True,2026-05-05 14:15:00,4563.0,4563.0,4588.0,4563.0,4561.0,0.01,True
78666382,sell,4729.4,19.82,tp,,limit_early2,2026.04.27 01:17:36,4731.4,2.0,True,2026-04-27 03:40:00,4709.4,4734.4,4709.4,4734.4,4736.4,0.01,True
78382729,sell,4752.0,19.82,tp,,limit_early2,2026.04.22 19:08:28,4754.0,2.0,True,2026-04-23 00:30:00,4732.0,4757.0,4732.0,4757.0,4759.0,0.01,True
78244068,buy,4669.0,19.82,tp,,limit_early2,2026.04.21 18:05:12,4667.0,2.0,True,2026-04-21 19:40:00,4689.0,4664.0,4689.0,4664.0,4662.0,0.01,True
77822473,buy,4788.0,-5.18,sl,,limit_early2,2026.04.16 18:57:12,4786.0,2.0,True,2026-04-16 16:30:00,4783.0,4783.0,4808.0,4783.0,4781.0,0.01,True
77822415,buy,4788.0,-5.18,sl,,limit_early2,2026.04.16 18:56:58,4786.0,2.0,True,2026-04-16 16:30:00,4783.0,4783.0,4808.0,4783.0,4781.0,0.01,True
77822366,buy,4788.0,-5.18,sl,,limit_early2,2026.04.16 18:56:44,4786.0,2.0,True,2026-04-16 16:30:00,4783.0,4783.0,4808.0,4783.0,4781.0,0.01,True
77768685,buy,4806.5,-5.18,sl,,limit_early2,2026.04.16 11:24:54,4804.5,2.0,True,2026-04-16 08:30:00,4801.5,4801.5,4826.5,4801.5,4799.5,0.01,True
77768524,buy,4806.5,-5.18,sl,,limit_early2,2026.04.16 11:22:49,4804.5,2.0,True,2026-04-16 08:30:00,4801.5,4801.5,4826.5,4801.5,4799.5,0.01,True
77768508,buy,4806.5,-5.18,sl,,limit_early2,2026.04.16 11:22:37,4804.5,2.0,True,2026-04-16 08:30:00,4801.5,4801.5,4826.5,4801.5,4799.5,0.01,True
77587963,buy,4805.0,-5.18,sl,,limit_early2,2026.04.14 23:56:44,4803.0,2.0,True,2026-04-15 07:00:00,4800.0,4800.0,4825.0,4800.0,4798.0,0.01,True
77587957,buy,4805.0,-5.18,sl,,limit_early2,2026.04.14 23:56:27,4803.0,2.0,True,2026-04-15 07:00:00,4800.0,4800.0,4825.0,4800.0,4798.0,0.01,True
77565250,buy,4805.0,-5.18,sl,,limit_early2,2026.04.14 17:56:43,4803.0,2.0,True,2026-04-14 15:00:00,4800.0,4800.0,4825.0,4800.0,4798.0,0.01,True
77565076,buy,4822.0,-5.18,sl,,limit_early2,2026.04.14 17:55:46,4820.0,2.0,True,2026-04-14 15:00:00,4817.0,4817.0,4842.0,4817.0,4815.0,0.01,True
77565031,buy,4822.0,-5.18,sl,,limit_early2,2026.04.14 17:55:31,4820.0,2.0,True,2026-04-14 15:00:00,4817.0,4817.0,4842.0,4817.0,4815.0,0.01,True
77517933,buy,4772.0,-5.18,sl,,limit_early2,2026.04.14 11:59:51,4770.0,2.0,True,2026-04-14 09:30:00,4767.0,4767.0,4792.0,4767.0,4765.0,0.01,True
77517917,buy,4772.0,-5.18,sl,,limit_early2,2026.04.14 11:59:39,4770.0,2.0,True,2026-04-14 09:30:00,4767.0,4767.0,4792.0,4767.0,4765.0,0.01,True
77064514,buy,4762.5,-5.18,sl,,limit_early2,2026.04.08 15:58:50,4760.5,2.0,True,2026-04-08 14:25:00,4757.5,4757.5,4782.5,4757.5,4755.5,0.01,True
77064503,buy,4762.5,-5.18,sl,,limit_early2,2026.04.08 15:58:33,4760.5,2.0,True,2026-04-08 14:25:00,4757.5,4757.5,4782.5,4757.5,4755.5,0.01,True
77064473,buy,4762.5,-5.18,sl,,limit_early2,2026.04.08 15:57:59,4760.5,2.0,True,2026-04-08 14:25:00,4757.5,4757.5,4782.5,4757.5,4755.5,0.01,True
77044557,buy,4770.0,19.82,tp,,limit_early2,2026.04.08 12:58:24,4768.0,2.0,True,2026-04-08 12:20:00,4790.0,4765.0,4790.0,4765.0,4763.0,0.01,True
77044515,buy,4770.0,19.82,tp,,limit_early2,2026.04.08 12:58:11,4768.0,2.0,True,2026-04-08 12:20:00,4790.0,4765.0,4790.0,4765.0,4763.0,0.01,True
77044495,buy,4770.0,19.82,tp,,limit_early2,2026.04.08 12:57:57,4768.0,2.0,True,2026-04-08 12:20:00,4790.0,4765.0,4790.0,4765.0,4763.0,0.01,True
77024781,buy,4799.0,-5.18,sl,,limit_early2,2026.04.08 10:02:56,4797.0,2.0,True,2026-04-08 08:25:00,4794.0,4794.0,4819.0,4794.0,4792.0,0.01,True
77024741,buy,4799.0,-5.18,sl,,limit_early2,2026.04.08 10:02:43,4797.0,2.0,True,2026-04-08 08:25:00,4794.0,4794.0,4819.0,4794.0,4792.0,0.01,True
77024689,buy,4799.0,-5.18,sl,,limit_early2,2026.04.08 10:02:28,4797.0,2.0,True,2026-04-08 08:25:00,4794.0,4794.0,4819.0,4794.0,4792.0,0.01,True
76922064,sell,4670.0,19.82,tp,,limit_early2,2026.04.07 14:28:31,4672.0,2.0,True,2026-04-07 12:20:00,4650.0,4675.0,4650.0,4675.0,4677.0,0.01,True
76922044,sell,4670.0,19.82,tp,,limit_early2,2026.04.07 14:28:06,4672.0,2.0,True,2026-04-07 12:20:00,4650.0,4675.0,4650.0,4675.0,4677.0,0.01,True
76921993,sell,4670.0,19.82,tp,,limit_early2,2026.04.07 14:27:45,4672.0,2.0,True,2026-04-07 12:20:00,4650.0,4675.0,4650.0,4675.0,4677.0,0.01,True
76911784,buy,4650.0,-5.18,sl,,limit_early2,2026.04.07 13:00:14,4648.0,2.0,True,2026-04-07 10:45:00,4645.0,4645.0,4670.0,4645.0,4643.0,0.01,True
76911764,buy,4650.0,-5.18,sl,,limit_early2,2026.04.07 13:00:03,4648.0,2.0,True,2026-04-07 10:45:00,4645.0,4645.0,4670.0,4645.0,4643.0,0.01,True
76911711,buy,4650.0,-5.18,sl,,limit_early2,2026.04.07 12:59:46,4648.0,2.0,True,2026-04-07 10:45:00,4645.0,4645.0,4670.0,4645.0,4643.0,0.01,True
76596364,buy,4743.0,19.82,tp,,limit_early2,2026.04.01 19:06:13,4741.0,2.0,True,2026-04-01 18:35:00,4763.0,4738.0,4763.0,4738.0,4736.0,0.01,True
76596284,buy,4743.0,19.82,tp,,limit_early2,2026.04.01 19:04:59,4741.0,2.0,True,2026-04-01 18:35:00,4763.0,4738.0,4763.0,4738.0,4736.0,0.01,True
76331149,buy,4495.0,19.82,tp,,limit_early2,2026.03.30 09:50:47,4493.0,2.0,True,2026-03-30 19:00:00,4515.0,4490.0,4515.0,4490.0,4488.0,0.01,True
76331108,buy,4495.0,19.82,tp,,limit_early2,2026.03.30 09:50:24,4493.0,2.0,True,2026-03-30 19:00:00,4515.0,4490.0,4515.0,4490.0,4488.0,0.01,True
76331069,buy,4495.0,19.82,tp,,limit_early2,2026.03.30 09:50:08,4493.0,2.0,True,2026-03-30 19:00:00,4515.0,4490.0,4515.0,4490.0,4488.0,0.01,True
76287926,sell,4579.0,19.82,tp,,limit_early2,2026.03.30 01:10:37,4581.0,2.0,True,2026-03-30 11:50:00,4559.0,4584.0,4559.0,4584.0,4586.0,0.01,True
76287905,sell,4579.0,19.82,tp,,limit_early2,2026.03.30 01:10:16,4581.0,2.0,True,2026-03-30 11:50:00,4559.0,4584.0,4559.0,4584.0,4586.0,0.01,True
76287830,sell,4579.0,19.82,tp,,limit_early2,2026.03.30 01:09:35,4581.0,2.0,True,2026-03-30 11:50:00,4559.0,4584.0,4559.0,4584.0,4586.0,0.01,True
75991035,buy,4522.5,19.82,tp,,limit_early2,2026.03.25 09:47:51,4520.5,2.0,True,2026-03-25 12:30:00,4542.5,4517.5,4542.5,4517.5,4515.5,0.01,True
75990913,buy,4522.5,19.82,tp,,limit_early2,2026.03.25 09:46:17,4520.5,2.0,True,2026-03-25 12:30:00,4542.5,4517.5,4542.5,4517.5,4515.5,0.01,True
75990858,buy,4522.5,19.82,tp,,limit_early2,2026.03.25 09:45:16,4520.5,2.0,True,2026-03-25 12:30:00,4542.5,4517.5,4542.5,4517.5,4515.5,0.01,True
75319122,sell,4792.0,-5.18,sl,,limit_early2,2026.03.19 04:47:57,4794.0,2.0,True,2026-03-19 01:50:00,4797.0,4797.0,4772.0,4797.0,4799.0,0.01,True
75319100,sell,4792.0,-5.18,sl,,limit_early2,2026.03.19 04:47:43,4794.0,2.0,True,2026-03-19 01:50:00,4797.0,4797.0,4772.0,4797.0,4799.0,0.01,True
75319089,sell,4792.0,-5.18,sl,,limit_early2,2026.03.19 04:47:28,4794.0,2.0,True,2026-03-19 01:50:00,4797.0,4797.0,4772.0,4797.0,4799.0,0.01,True
75073950,buy,5005.5,19.82,tp,,limit_early2,2026.03.17 05:14:44,5003.5,2.0,True,2026-03-17 06:20:00,5025.5,5000.5,5025.5,5000.5,4998.5,0.01,True
75073932,buy,5005.5,19.82,tp,,limit_early2,2026.03.17 05:14:32,5003.5,2.0,True,2026-03-17 06:20:00,5025.5,5000.5,5025.5,5000.5,4998.5,0.01,True
75073910,buy,5005.5,19.82,tp,,limit_early2,2026.03.17 05:14:13,5003.5,2.0,True,2026-03-17 06:20:00,5025.5,5000.5,5025.5,5000.5,4998.5,0.01,True
74891183,sell,5049.5,-5.18,sl,,limit_early2,2026.03.13 19:02:29,5051.5,2.0,True,2026-03-13 16:35:00,5054.5,5054.5,5029.5,5054.5,5056.5,0.01,True
74883935,sell,5049.5,-5.18,sl,,limit_early2,2026.03.13 18:22:28,5051.5,2.0,True,2026-03-13 15:25:00,5054.5,5054.5,5029.5,5054.5,5056.5,0.01,True
74883899,sell,5049.5,-5.18,sl,,limit_early2,2026.03.13 18:22:10,5051.5,2.0,True,2026-03-13 15:25:00,5054.5,5054.5,5029.5,5054.5,5056.5,0.01,True
74728100,buy,5146.5,-5.18,sl,,limit_early2,2026.03.12 16:44:39,5144.5,2.0,True,2026-03-12 13:55:00,5141.5,5141.5,5166.5,5141.5,5139.5,0.01,True
74728024,buy,5146.5,-5.18,sl,,limit_early2,2026.03.12 16:44:25,5144.5,2.0,True,2026-03-12 13:55:00,5141.5,5141.5,5166.5,5141.5,5139.5,0.01,True
74509376,buy,5127.0,19.82,tp,,limit_early2,2026.03.11 03:29:58,5125.0,2.0,True,2026-03-12 00:00:00,5147.0,5122.0,5147.0,5122.0,5120.0,0.01,True
74509366,buy,5127.0,19.82,tp,,limit_early2,2026.03.11 03:29:42,5125.0,2.0,True,2026-03-12 00:00:00,5147.0,5122.0,5147.0,5122.0,5120.0,0.01,True
74509357,buy,5127.0,19.82,tp,,limit_early2,2026.03.11 03:29:15,5125.0,2.0,True,2026-03-12 00:00:00,5147.0,5122.0,5147.0,5122.0,5120.0,0.01,True
74369550,buy,5111.5,19.82,tp,,limit_early2,2026.03.10 03:00:50,5109.5,2.0,True,2026-03-12 15:10:00,5131.5,5106.5,5131.5,5106.5,5104.5,0.01,True
74320203,buy,5067.7,19.82,tp,,limit_early2,2026.03.09 16:35:01,5065.7,2.0,True,2026-03-09 13:55:00,5087.7,5062.7,5087.7,5062.7,5060.7,0.01,True
74320117,buy,5067.7,19.82,tp,,limit_early2,2026.03.09 16:34:42,5065.7,2.0,True,2026-03-09 13:55:00,5087.7,5062.7,5087.7,5062.7,5060.7,0.01,True
74320062,buy,5067.7,19.82,tp,,limit_early2,2026.03.09 16:34:28,5065.7,2.0,True,2026-03-09 13:55:00,5087.7,5062.7,5087.7,5062.7,5060.7,0.01,True
73953279,sell,5142.0,-5.18,sl,,limit_early2,2026.03.05 15:37:53,5144.0,2.0,True,2026-03-05 12:40:00,5147.0,5147.0,5122.0,5147.0,5149.0,0.01,True
73953225,sell,5142.0,-5.18,sl,,limit_early2,2026.03.05 15:37:32,5144.0,2.0,True,2026-03-05 12:40:00,5147.0,5147.0,5122.0,5147.0,5149.0,0.01,True
73953130,sell,5142.0,-5.18,sl,,limit_early2,2026.03.05 15:37:17,5144.0,2.0,True,2026-03-05 12:40:00,5147.0,5147.0,5122.0,5147.0,5149.0,0.01,True
73842091,buy,5053.0,19.82,tp,,limit_early2,2026.03.05 01:15:02,5051.0,2.0,True,2026-03-05 18:00:00,5073.0,5048.0,5073.0,5048.0,5046.0,0.01,True
73842056,buy,5053.0,19.82,tp,,limit_early2,2026.03.05 01:14:42,5051.0,2.0,True,2026-03-05 18:00:00,5073.0,5048.0,5073.0,5048.0,5046.0,0.01,True
73842037,buy,5053.0,19.82,tp,,limit_early2,2026.03.05 01:14:23,5051.0,2.0,True,2026-03-05 18:00:00,5073.0,5048.0,5073.0,5048.0,5046.0,0.01,True
73565583,buy,5239.0,-5.18,sl,,limit_early2,2026.03.03 12:24:49,5237.0,2.0,True,2026-03-03 09:25:00,5234.0,5234.0,5259.0,5234.0,5232.0,0.01,True
73565564,buy,5239.0,-5.18,sl,,limit_early2,2026.03.03 12:24:34,5237.0,2.0,True,2026-03-03 09:25:00,5234.0,5234.0,5259.0,5234.0,5232.0,0.01,True
73565545,sell,5202.5,-5.18,sl,,limit_early2,2026.03.03 12:24:03,5204.5,2.0,True,2026-03-03 09:25:00,5207.5,5207.5,5182.5,5207.5,5209.5,0.01,True
73565534,sell,5202.5,-5.18,sl,,limit_early2,2026.03.03 12:23:49,5204.5,2.0,True,2026-03-03 09:25:00,5207.5,5207.5,5182.5,5207.5,5209.5,0.01,True
73565481,sell,5202.5,-5.18,sl,,limit_early2,2026.03.03 12:22:53,5204.5,2.0,True,2026-03-03 09:25:00,5207.5,5207.5,5182.5,5207.5,5209.5,0.01,True
73168945,buy,5213.0,-5.18,sl,,limit_early2,2026.02.27 16:01:48,5211.0,2.0,True,2026-02-27 13:05:00,5208.0,5208.0,5233.0,5208.0,5206.0,0.01,True
73168923,buy,5213.0,-5.18,sl,,limit_early2,2026.02.27 16:01:36,5211.0,2.0,True,2026-02-27 13:05:00,5208.0,5208.0,5233.0,5208.0,5206.0,0.01,True
73168887,buy,5213.0,-5.18,sl,,limit_early2,2026.02.27 16:01:23,5211.0,2.0,True,2026-02-27 13:05:00,5208.0,5208.0,5233.0,5208.0,5206.0,0.01,True
72811608,buy,5105.5,-5.18,sl,,limit_early2,2026.02.24 16:28:44,5103.5,2.0,True,2026-02-24 14:10:00,5100.5,5100.5,5125.5,5100.5,5098.5,0.01,True
72811582,buy,5105.5,-5.18,sl,,limit_early2,2026.02.24 16:28:33,5103.5,2.0,True,2026-02-24 14:10:00,5100.5,5100.5,5125.5,5100.5,5098.5,0.01,True
72811555,buy,5159.0,-5.18,sl,,limit_early2,2026.02.24 16:28:21,5157.0,2.0,True,2026-02-24 13:30:00,5154.0,5154.0,5179.0,5154.0,5152.0,0.01,True
72735481,sell,5216.2,-5.18,sl,,limit_early2,2026.02.24 03:44:43,5218.2,2.0,True,2026-02-24 00:45:00,5221.2,5221.2,5196.2,5221.2,5223.2,0.01,True
72735461,sell,5216.2,-5.18,sl,,limit_early2,2026.02.24 03:44:13,5218.2,2.0,True,2026-02-24 00:45:00,5221.2,5221.2,5196.2,5221.2,5223.2,0.01,True
72735445,sell,5216.2,-5.18,sl,,limit_early2,2026.02.24 03:43:53,5218.2,2.0,True,2026-02-24 00:45:00,5221.2,5221.2,5196.2,5221.2,5223.2,0.01,True
72685691,buy,5169.0,-5.18,sl,,limit_early2,2026.02.23 17:06:51,5167.0,2.0,True,2026-02-23 14:10:00,5164.0,5164.0,5189.0,5164.0,5162.0,0.01,True
72685637,buy,5169.0,-5.18,sl,,limit_early2,2026.02.23 17:06:37,5167.0,2.0,True,2026-02-23 14:10:00,5164.0,5164.0,5189.0,5164.0,5162.0,0.01,True
72685605,buy,5169.0,-5.18,sl,,limit_early2,2026.02.23 17:06:20,5167.0,2.0,True,2026-02-23 14:10:00,5164.0,5164.0,5189.0,5164.0,5162.0,0.01,True
72590108,buy,5120.5,-5.18,sl,,limit_early2,2026.02.23 01:44:17,5118.5,2.0,True,2026-02-22 23:00:00,5115.5,5115.5,5140.5,5115.5,5113.5,0.01,True
72589951,buy,5120.5,-5.18,sl,,limit_early2,2026.02.23 01:43:57,5118.5,2.0,True,2026-02-22 23:00:00,5115.5,5115.5,5140.5,5115.5,5113.5,0.01,True
72589915,buy,5120.5,-5.18,sl,,limit_early2,2026.02.23 01:43:37,5118.5,2.0,True,2026-02-22 23:00:00,5115.5,5115.5,5140.5,5115.5,5113.5,0.01,True
72517752,buy,5096.7,-5.18,sl,,limit_early2,2026.02.20 11:38:26,5094.7,2.0,True,2026-02-20 08:40:00,5091.7,5091.7,5116.7,5091.7,5089.7,0.01,True
72517734,buy,5096.7,-5.18,sl,,limit_early2,2026.02.20 11:38:04,5094.7,2.0,True,2026-02-20 08:40:00,5091.7,5091.7,5116.7,5091.7,5089.7,0.01,True
72517720,buy,5096.7,-5.18,sl,,limit_early2,2026.02.20 11:37:45,5094.7,2.0,True,2026-02-20 08:40:00,5091.7,5091.7,5116.7,5091.7,5089.7,0.01,True
72363579,buy,4951.0,-5.18,sl,,limit_early2,2026.02.18 14:20:52,4949.0,2.0,True,2026-02-18 11:25:00,4946.0,4946.0,4971.0,4946.0,4944.0,0.01,True
72363549,buy,4951.0,-5.18,sl,,limit_early2,2026.02.18 14:20:39,4949.0,2.0,True,2026-02-18 11:25:00,4946.0,4946.0,4971.0,4946.0,4944.0,0.01,True
72363500,buy,4951.0,-5.18,sl,,limit_early2,2026.02.18 14:20:24,4949.0,2.0,True,2026-02-18 11:25:00,4946.0,4946.0,4971.0,4946.0,4944.0,0.01,True
72074345,buy,4958.0,19.82,tp,,limit_early2,2026.02.13 15:50:23,4956.0,2.0,True,2026-02-13 13:20:00,4978.0,4953.0,4978.0,4953.0,4951.0,0.01,True
72074270,buy,4958.0,19.82,tp,,limit_early2,2026.02.13 15:50:02,4956.0,2.0,True,2026-02-13 13:20:00,4978.0,4953.0,4978.0,4953.0,4951.0,0.01,True
72074231,buy,4958.0,19.82,tp,,limit_early2,2026.02.13 15:49:48,4956.0,2.0,True,2026-02-13 13:20:00,4978.0,4953.0,4978.0,4953.0,4951.0,0.01,True
