open_dt,ticket,segment,sim_net,cum_net
2026-02-09 01:29:58,71437788,市价,0.25000000000029104,0.25000000000029104
2026-02-09 05:25:03,71457960,市价,19.82,20.07000000000029
2026-02-09 05:25:03,71457977,市价,19.82,39.89000000000029
2026-02-09 05:25:03,71457941,市价,19.82,59.71000000000029
2026-02-09 12:27:43,71470674,市价,19.82,79.53000000000029
2026-02-09 12:27:43,71470712,市价,19.82,99.35000000000028
2026-02-09 12:27:43,71470696,市价,19.82,119.17000000000027
2026-02-09 15:42:11,71518615,市价,19.82,138.99000000000026
2026-02-09 15:42:11,71518748,市价,19.34,158.33000000000027
2026-02-09 15:42:11,71518714,市价,19.82,178.15000000000026
2026-02-09 16:32:49,71531409,市价,19.82,197.97000000000025
2026-02-09 16:32:49,71531450,市价,19.82,217.79000000000025
2026-02-09 16:32:49,71531657,市价,19.82,237.61000000000024
2026-02-09 17:33:14,71442666,市价,19.82,257.43000000000023
2026-02-09 17:33:14,71442712,市价,19.82,277.2500000000002
2026-02-09 17:33:14,71442697,市价,19.82,297.0700000000002
2026-02-10 01:15:57,71569271,市价,3.2400000000000726,300.3100000000003
2026-02-10 01:16:05,71569292,市价,2.830000000000218,303.1400000000005
2026-02-10 01:23:21,71569442,市价,-2.5399999999996727,300.6000000000008
2026-02-10 01:23:21,71569349,市价,-2.5399999999996727,298.06000000000114
2026-02-10 01:23:21,71569432,市价,-2.5399999999996727,295.52000000000146
2026-02-10 04:35:39,71590558,市价,-5.18,290.34000000000145
2026-02-10 04:35:58,71590685,市价,-5.18,285.16000000000145
2026-02-10 17:37:22,71660173,市价,19.82,304.98000000000144
2026-02-10 17:37:22,71660138,市价,19.82,324.80000000000143
2026-02-10 17:37:22,71660156,市价,19.82,344.6200000000014
2026-02-11 14:41:20,71760796,市价,19.82,364.4400000000014
2026-02-11 14:41:20,71760685,市价,19.82,384.2600000000014
2026-02-11 14:41:20,71760770,市价,19.82,404.0800000000014
2026-02-12 16:57:04,71912849,市价,19.82,423.9000000000014
2026-02-12 16:57:04,71912940,市价,19.82,443.7200000000014
2026-02-12 16:57:04,71912975,市价,19.82,463.5400000000014
2026-02-12 18:11:47,71715211,市价,19.82,483.3600000000014
2026-02-12 18:11:47,71715330,市价,19.82,503.18000000000137
2026-02-12 18:11:47,71715258,市价,19.82,523.0000000000014
2026-02-12 18:14:28,71836534,市价,19.82,542.8200000000014
2026-02-12 18:14:28,71836485,市价,19.82,562.6400000000015
2026-02-12 18:14:28,71836507,市价,19.82,582.4600000000015
2026-02-12 18:17:37,71435481,市价,19.82,602.2800000000016
2026-02-12 18:17:37,71435517,市价,19.82,622.1000000000016
2026-02-12 18:17:37,71435565,市价,19.82,641.9200000000017
2026-02-13 07:52:31,72020239,市价,19.82,661.7400000000017
2026-02-13 07:52:31,72020251,市价,19.82,681.5600000000018
2026-02-13 07:52:31,72020249,市价,19.82,701.3800000000018
2026-02-13 10:10:40,72037953,市价,19.82,721.2000000000019
2026-02-13 10:10:40,72037929,市价,19.82,741.0200000000019
2026-02-13 10:10:40,72037916,市价,19.82,760.840000000002
2026-02-13 15:49:48,72074231,挂单,19.82,780.660000000002
2026-02-13 15:50:02,72074270,挂单,19.82,800.4800000000021
2026-02-13 15:50:23,72074345,挂单,19.82,820.3000000000021
2026-02-16 17:03:01,72159469,市价,19.82,840.1200000000022
2026-02-16 17:03:01,72159444,市价,19.82,859.9400000000022
2026-02-16 17:03:01,72159488,市价,19.82,879.7600000000023
2026-02-17 02:58:28,72204942,市价,-3.4900000000004003,876.2700000000019
2026-02-17 02:58:28,72204996,市价,-3.4900000000004003,872.7800000000016
2026-02-17 02:58:28,72205102,市价,-3.4900000000004003,869.2900000000012
2026-02-17 04:20:08,72211667,市价,19.82,889.1100000000013
2026-02-17 04:20:08,72211631,市价,16.969999999999636,906.080000000001
2026-02-17 04:20:08,72211647,市价,19.82,925.900000000001
2026-02-17 07:14:05,72223838,市价,19.82,945.720000000001
2026-02-17 07:14:05,72223831,市价,19.82,965.5400000000011
2026-02-17 07:14:05,72223847,市价,19.82,985.3600000000012
2026-02-17 12:11:25,72248730,市价,-3.799999999999891,981.5600000000013
2026-02-17 12:11:25,72248702,市价,-3.799999999999891,977.7600000000015
2026-02-17 12:11:25,72248757,市价,-3.799999999999891,973.9600000000016
2026-02-17 16:01:37,72249262,市价,13.56,987.5200000000016
2026-02-17 16:01:37,72249201,市价,19.82,1007.3400000000016
2026-02-17 16:01:37,72249070,市价,19.82,1027.1600000000017
2026-02-18 01:59:03,72323120,市价,19.82,1046.9800000000016
2026-02-18 01:59:03,72323197,市价,19.82,1066.8000000000015
2026-02-18 01:59:03,72323174,市价,19.82,1086.6200000000015
2026-02-18 14:20:24,72363500,挂单,-5.18,1081.4400000000014
2026-02-18 14:20:39,72363549,挂单,-5.18,1076.2600000000014
2026-02-18 14:20:52,72363579,挂单,-5.18,1071.0800000000013
2026-02-18 15:36:00,72362938,市价,19.82,1090.9000000000012
2026-02-18 15:36:00,72362959,市价,19.82,1110.7200000000012
2026-02-18 15:36:00,72362965,市价,19.82,1130.540000000001
2026-02-19 07:10:08,72408532,市价,-3.4400000000002184,1127.1000000000008
2026-02-19 07:10:08,72408521,市价,-3.4400000000002184,1123.6600000000005
2026-02-19 07:10:08,72408498,市价,-3.4400000000002184,1120.2200000000003
2026-02-19 16:34:19,72426887,市价,19.82,1140.0400000000002
2026-02-20 11:37:45,72517720,挂单,-5.18,1134.8600000000001
2026-02-20 11:38:04,72517734,挂单,-5.18,1129.68
2026-02-20 11:38:26,72517752,挂单,-5.18,1124.5
2026-02-20 19:54:12,72452028,市价,19.82,1144.32
2026-02-20 19:54:12,72452143,市价,19.82,1164.1399999999999
2026-02-20 19:54:12,72451917,市价,19.82,1183.9599999999998
2026-02-23 01:43:37,72589915,挂单,-5.18,1178.7799999999997
2026-02-23 01:43:57,72589951,挂单,-5.18,1173.5999999999997
2026-02-23 01:44:17,72590108,挂单,-5.18,1168.4199999999996
2026-02-23 17:06:20,72685605,挂单,-5.18,1163.2399999999996
2026-02-23 17:06:37,72685637,挂单,-5.18,1158.0599999999995
2026-02-23 17:06:51,72685691,挂单,-5.18,1152.8799999999994
2026-02-24 03:00:11,72715100,市价,19.82,1172.6999999999994
2026-02-24 03:00:11,72715134,市价,19.82,1192.5199999999993
2026-02-24 03:00:11,72715066,市价,19.82,1212.3399999999992
2026-02-24 03:15:18,72715176,市价,19.82,1232.1599999999992
2026-02-24 03:15:18,72715347,市价,19.82,1251.979999999999
2026-02-24 03:15:18,72715477,市价,19.82,1271.799999999999
2026-02-24 03:16:32,72715508,市价,19.82,1291.619999999999
2026-02-24 03:16:32,72715547,市价,19.82,1311.439999999999
2026-02-24 03:16:32,72715533,市价,19.82,1331.2599999999989
2026-02-24 03:43:53,72735445,挂单,-5.18,1326.0799999999988
2026-02-24 03:44:13,72735461,挂单,-5.18,1320.8999999999987
2026-02-24 03:44:43,72735481,挂单,-5.18,1315.7199999999987
2026-02-24 14:19:15,72735786,市价,19.82,1335.5399999999986
2026-02-24 14:19:15,72735843,市价,19.82,1355.3599999999985
2026-02-24 14:19:15,72735802,市价,19.82,1375.1799999999985
2026-02-24 15:39:43,72783259,市价,19.82,1394.9999999999984
2026-02-24 15:39:43,72783271,市价,19.82,1414.8199999999983
2026-02-24 15:39:43,72783276,市价,19.82,1434.6399999999983
2026-02-24 15:59:25,72735718,市价,19.82,1454.4599999999982
2026-02-24 15:59:25,72735554,市价,19.82,1474.2799999999982
2026-02-24 15:59:25,72735661,市价,19.82,1494.099999999998
2026-02-24 16:28:21,72811555,挂单,-5.18,1488.919999999998
2026-02-24 16:28:33,72811582,挂单,-5.18,1483.739999999998
2026-02-24 16:28:44,72811608,挂单,-5.18,1478.559999999998
2026-02-26 02:29:51,72955367,市价,19.82,1498.3799999999978
2026-02-26 02:29:51,72955288,市价,19.82,1518.1999999999978
2026-02-26 02:29:51,72955466,市价,19.82,1538.0199999999977
2026-02-26 13:53:54,72968752,市价,-3.499999999999709,1534.519999999998
2026-02-26 13:53:54,72968516,市价,-3.499999999999709,1531.0199999999982
2026-02-26 13:53:54,72968623,市价,-3.499999999999709,1527.5199999999984
2026-02-26 17:27:54,73023554,市价,19.82,1547.3399999999983
2026-02-26 17:27:54,73023570,市价,19.82,1567.1599999999983
2026-02-26 17:27:54,73023593,市价,19.82,1586.9799999999982
2026-02-26 17:27:55,72903785,市价,19.82,1606.7999999999981
2026-02-26 17:27:55,72903821,市价,19.82,1626.619999999998
2026-02-26 17:27:55,72903859,市价,19.82,1646.439999999998
2026-02-27 15:15:26,73087109,市价,19.82,1666.259999999998
2026-02-27 15:15:26,73087098,市价,19.82,1686.0799999999979
2026-02-27 15:15:26,73087126,市价,19.82,1705.8999999999978
2026-02-27 15:23:17,73134780,市价,19.82,1725.7199999999978
2026-02-27 15:23:17,73134726,市价,19.82,1745.5399999999977
2026-02-27 15:23:17,73134767,市价,19.82,1765.3599999999976
2026-02-27 15:40:49,73164681,市价,-5.18,1760.1799999999976
2026-02-27 15:40:49,73164603,市价,-5.18,1754.9999999999975
2026-02-27 16:01:23,73168887,挂单,-5.18,1749.8199999999974
2026-02-27 16:01:36,73168923,挂单,-5.18,1744.6399999999974
2026-02-27 16:01:48,73168945,挂单,-5.18,1739.4599999999973
2026-03-02 13:45:59,73341422,市价,19.82,1759.2799999999972
2026-03-02 13:45:59,73341514,市价,19.82,1779.0999999999972
2026-03-02 13:45:59,73341247,市价,9.599999999999746,1788.6999999999969
2026-03-02 16:10:15,73376849,市价,19.82,1808.5199999999968
2026-03-02 16:10:15,73376766,市价,19.82,1828.3399999999967
2026-03-02 16:10:15,73377050,市价,19.82,1848.1599999999967
2026-03-02 16:26:07,73282878,市价,19.82,1867.9799999999966
2026-03-02 16:26:07,73282888,市价,19.82,1887.7999999999965
2026-03-02 16:26:07,73282865,市价,19.82,1907.6199999999965
2026-03-02 16:26:14,73262178,市价,19.82,1927.4399999999964
2026-03-02 16:26:14,73262287,市价,19.82,1947.2599999999964
2026-03-02 16:26:14,73262242,市价,19.82,1967.0799999999963
2026-03-03 07:49:27,73476356,市价,19.82,1986.8999999999962
2026-03-03 07:49:27,73476410,市价,19.82,2006.7199999999962
2026-03-03 07:49:27,73476474,市价,19.82,2026.539999999996
2026-03-03 07:56:09,73460178,市价,19.82,2046.359999999996
2026-03-03 07:56:09,73460158,市价,19.82,2066.179999999996
2026-03-03 07:56:09,73460165,市价,19.82,2085.9999999999964
2026-03-03 08:12:31,73460286,市价,19.82,2105.8199999999965
2026-03-03 08:12:31,73460220,市价,19.82,2125.6399999999967
2026-03-03 08:12:31,73460307,市价,19.82,2145.459999999997
2026-03-03 10:23:44,73540585,市价,-3.4400000000002184,2142.019999999997
2026-03-03 10:23:44,73540397,市价,-3.4400000000002184,2138.5799999999967
2026-03-03 10:23:44,73540494,市价,-3.4400000000002184,2135.1399999999967
2026-03-03 10:40:01,73544398,市价,19.82,2154.959999999997
2026-03-03 10:40:01,73544341,市价,19.82,2174.779999999997
2026-03-03 10:40:01,73544313,市价,19.82,2194.599999999997
2026-03-03 11:27:16,73230789,市价,19.82,2214.4199999999973
2026-03-03 11:27:16,73230766,市价,19.82,2234.2399999999975
2026-03-03 11:27:16,73230730,市价,19.82,2254.0599999999977
2026-03-03 12:22:53,73565481,挂单,-5.18,2248.879999999998
2026-03-03 12:23:49,73565534,挂单,-5.18,2243.699999999998
2026-03-03 12:24:03,73565545,挂单,-5.18,2238.519999999998
2026-03-03 12:24:34,73565564,挂单,-5.18,2233.3399999999983
2026-03-03 12:24:49,73565583,挂单,-5.18,2228.1599999999985
2026-03-03 13:07:50,73230963,市价,19.82,2247.9799999999987
2026-03-03 13:07:50,73230887,市价,19.82,2267.799999999999
2026-03-03 13:07:50,73230932,市价,19.82,2287.619999999999
2026-03-04 04:09:52,73460113,市价,19.82,2307.439999999999
2026-03-04 04:09:52,73460052,市价,19.82,2327.2599999999993
2026-03-04 04:09:52,73460081,市价,19.82,2347.0799999999995
2026-03-05 01:14:23,73842037,挂单,19.82,2366.8999999999996
2026-03-05 01:14:42,73842056,挂单,19.82,2386.72
2026-03-05 01:15:02,73842091,挂单,19.82,2406.54
2026-03-05 02:05:41,73843760,市价,19.82,2426.36
2026-03-05 02:05:41,73843723,市价,19.82,2446.1800000000003
2026-03-05 02:05:41,73843702,市价,19.82,2466.0000000000005
2026-03-05 05:00:01,73856946,市价,19.82,2485.8200000000006
2026-03-05 05:00:01,73856821,市价,10.220000000000546,2496.0400000000013
2026-03-05 05:00:01,73856972,市价,19.82,2515.8600000000015
2026-03-05 08:08:52,73856612,市价,19.82,2535.6800000000017
2026-03-05 08:08:52,73856492,市价,19.82,2555.500000000002
2026-03-05 08:08:52,73856577,市价,19.82,2575.320000000002
2026-03-05 15:17:38,73930256,市价,19.82,2595.140000000002
2026-03-05 15:17:38,73930270,市价,19.82,2614.9600000000023
2026-03-05 15:17:38,73930237,市价,19.82,2634.7800000000025
2026-03-05 15:23:16,73841758,市价,19.82,2654.6000000000026
2026-03-05 15:23:16,73841771,市价,19.82,2674.420000000003
2026-03-05 15:23:16,73841749,市价,19.82,2694.240000000003
2026-03-05 15:37:17,73953130,挂单,-5.18,2689.060000000003
2026-03-05 15:37:32,73953225,挂单,-5.18,2683.8800000000033
2026-03-05 15:37:53,73953279,挂单,-5.18,2678.7000000000035
2026-03-06 03:40:12,74019990,市价,19.82,2698.5200000000036
2026-03-06 03:40:12,74019967,市价,19.82,2718.340000000004
2026-03-06 03:40:12,74019956,市价,19.82,2738.160000000004
2026-03-06 10:31:54,74042342,市价,10.420000000000364,2748.5800000000045
2026-03-06 10:31:54,74042389,市价,19.82,2768.4000000000046
2026-03-06 10:31:54,74042359,市价,19.82,2788.220000000005
2026-03-06 13:55:57,74053878,市价,19.82,2808.040000000005
2026-03-06 13:55:57,74053854,市价,19.82,2827.860000000005
2026-03-06 13:55:57,74053842,市价,19.82,2847.6800000000053
2026-03-06 15:30:07,74108102,市价,19.82,2867.5000000000055
2026-03-06 15:30:07,74108129,市价,19.82,2887.3200000000056
2026-03-06 15:30:23,74094547,市价,19.82,2907.140000000006
2026-03-06 15:30:23,74094570,市价,19.82,2926.960000000006
2026-03-06 15:30:23,74094520,市价,19.82,2946.780000000006
2026-03-09 02:39:28,74187293,市价,-5.18,2941.6000000000063
2026-03-09 02:39:28,74187251,市价,-5.18,2936.4200000000064
2026-03-09 02:39:28,74187192,市价,-5.18,2931.2400000000066
2026-03-09 03:10:55,74195739,市价,-5.18,2926.0600000000068
2026-03-09 03:10:55,74195801,市价,-5.18,2920.880000000007
2026-03-09 03:10:55,74196008,市价,-5.18,2915.700000000007
2026-03-09 03:13:24,74196695,市价,-5.18,2910.5200000000073
2026-03-09 03:13:24,74196514,市价,-5.18,2905.3400000000074
2026-03-09 03:13:24,74196566,市价,-5.18,2900.1600000000076
2026-03-09 10:00:36,74262165,市价,-5.18,2894.9800000000077
2026-03-09 10:00:36,74262233,市价,-5.18,2889.800000000008
2026-03-09 10:00:36,74262213,市价,-5.18,2884.620000000008
2026-03-09 16:34:28,74320062,挂单,19.82,2904.4400000000082
2026-03-09 16:34:42,74320117,挂单,19.82,2924.2600000000084
2026-03-09 16:35:01,74320203,挂单,19.82,2944.0800000000086
2026-03-10 03:00:50,74369550,挂单,19.82,2963.9000000000087
2026-03-10 04:57:00,74188198,市价,-5.18,2958.720000000009
2026-03-10 04:57:00,74188246,市价,-5.18,2953.540000000009
2026-03-10 04:57:00,74188286,市价,-5.18,2948.360000000009
2026-03-10 16:46:35,74458015,市价,-5.18,2943.1800000000094
2026-03-10 16:46:35,74457965,市价,9.620000000000182,2952.8000000000097
2026-03-10 16:46:35,74458079,市价,-5.18,2947.62000000001
2026-03-10 17:10:57,74458154,市价,19.82,2967.44000000001
2026-03-10 17:10:57,74458218,市价,19.82,2987.26000000001
2026-03-10 17:10:57,74458279,市价,19.82,3007.0800000000104
2026-03-10 21:17:58,74479798,市价,-5.18,3001.9000000000106
2026-03-10 21:17:58,74479750,市价,-5.18,2996.7200000000107
2026-03-10 21:17:58,74479729,市价,-5.18,2991.540000000011
2026-03-11 03:29:15,74509357,挂单,19.82,3011.360000000011
2026-03-11 03:29:42,74509366,挂单,19.82,3031.180000000011
2026-03-11 03:29:58,74509376,挂单,19.82,3051.0000000000114
2026-03-11 05:09:58,74517091,市价,-3.18,3047.8200000000115
2026-03-11 05:09:58,74517051,市价,-3.18,3044.6400000000117
2026-03-11 05:09:58,74516988,市价,-3.18,3041.460000000012
2026-03-11 11:38:36,74530436,市价,19.82,3061.280000000012
2026-03-11 11:38:36,74530396,市价,10.170000000000364,3071.4500000000126
2026-03-11 11:38:36,74530421,市价,19.82,3091.2700000000127
2026-03-11 16:52:00,74530454,市价,19.82,3111.090000000013
2026-03-11 16:52:01,74530497,市价,18.37,3129.4600000000128
2026-03-11 16:52:01,74530465,市价,19.82,3149.280000000013
2026-03-12 01:56:26,74509321,市价,-5.18,3144.100000000013
2026-03-12 01:56:26,74509333,市价,-5.18,3138.9200000000133
2026-03-12 01:56:26,74509293,市价,-5.18,3133.7400000000134
2026-03-12 16:44:25,74728024,挂单,-5.18,3128.5600000000136
2026-03-12 16:44:39,74728100,挂单,-5.18,3123.3800000000138
2026-03-12 16:45:57,74727865,市价,-5.18,3118.200000000014
2026-03-12 16:45:57,74727938,市价,-5.18,3113.020000000014
2026-03-12 18:03:36,74652483,市价,-5.18,3107.8400000000142
2026-03-12 18:03:36,74652489,市价,-5.18,3102.6600000000144
2026-03-12 18:03:36,74652473,市价,-5.18,3097.4800000000146
2026-03-12 20:34:01,74750177,市价,-5.18,3092.3000000000147
2026-03-12 20:34:01,74749751,市价,-5.18,3087.120000000015
2026-03-12 20:34:01,74749822,市价,-5.18,3081.940000000015
2026-03-12 21:34:51,74369781,市价,-5.18,3076.760000000015
2026-03-13 04:00:34,74784416,市价,9.920000000000364,3086.6800000000158
2026-03-13 04:00:34,74784433,市价,-5.18,3081.500000000016
2026-03-13 04:00:34,74784430,市价,-5.18,3076.320000000016
2026-03-13 17:51:07,74860949,市价,-5.18,3071.1400000000162
2026-03-13 17:51:07,74860967,市价,-5.18,3065.9600000000164
2026-03-13 17:51:07,74860904,市价,-5.18,3060.7800000000166
2026-03-13 17:55:24,74778082,市价,-5.18,3055.6000000000167
2026-03-13 17:55:24,74778169,市价,-5.18,3050.420000000017
2026-03-13 17:55:24,74778099,市价,-5.18,3045.240000000017
2026-03-13 17:55:27,74875839,市价,-5.18,3040.060000000017
2026-03-13 17:55:27,74875806,市价,-5.18,3034.8800000000174
2026-03-13 17:55:27,74875848,市价,-5.18,3029.7000000000176
2026-03-13 18:22:10,74883899,挂单,-5.18,3024.5200000000177
2026-03-13 18:22:28,74883935,挂单,-5.18,3019.340000000018
2026-03-13 19:00:27,74778181,市价,-5.18,3014.160000000018
2026-03-13 19:00:27,74778214,市价,-5.18,3008.980000000018
2026-03-13 19:00:27,74778194,市价,-5.18,3003.8000000000184
2026-03-13 19:02:29,74891183,挂单,-5.18,2998.6200000000185
2026-03-16 07:01:21,74944594,市价,-3.360000000000291,2995.2600000000184
2026-03-16 07:01:21,74944634,市价,-3.360000000000291,2991.9000000000183
2026-03-16 07:01:21,74944654,市价,-3.360000000000291,2988.540000000018
2026-03-16 14:23:19,74997595,市价,19.82,3008.3600000000183
2026-03-16 14:23:19,74997516,市价,19.82,3028.1800000000185
2026-03-16 14:23:19,74997538,市价,19.82,3048.0000000000186
2026-03-16 22:10:01,75034298,市价,-3.1900000000002184,3044.8100000000186
2026-03-16 22:10:01,75034347,市价,-3.1900000000002184,3041.6200000000185
2026-03-16 22:10:01,75034013,市价,-3.1900000000002184,3038.4300000000185
2026-03-17 05:14:13,75073910,挂单,19.82,3058.2500000000186
2026-03-17 05:14:32,75073932,挂单,19.82,3078.070000000019
2026-03-17 05:14:44,75073950,挂单,19.82,3097.890000000019
2026-03-17 06:57:45,75079959,市价,-5.18,3092.710000000019
2026-03-17 07:37:45,75081913,市价,-5.18,3087.5300000000193
2026-03-18 13:35:38,75198765,市价,9.82,3097.3500000000195
2026-03-18 13:35:38,75198810,市价,-3.230000000000182,3094.1200000000194
2026-03-18 13:35:38,75198723,市价,-5.329999999999636,3088.79000000002
2026-03-18 13:35:38,75198747,市价,-5.329999999999636,3083.4600000000205
2026-03-18 13:35:38,75198777,市价,-3.230000000000182,3080.2300000000205
2026-03-18 13:35:38,75198730,市价,-5.329999999999636,3074.900000000021
2026-03-18 15:02:40,74920527,市价,-5.18,3069.720000000021
2026-03-18 15:02:40,74920549,市价,-5.18,3064.5400000000213
2026-03-18 15:02:40,74920565,市价,-5.18,3059.3600000000215
2026-03-18 15:10:45,74928689,市价,-5.18,3054.1800000000217
2026-03-18 15:10:45,74928615,市价,-5.18,3049.000000000022
2026-03-18 15:10:45,74928663,市价,-5.18,3043.820000000022
2026-03-18 15:32:31,74920649,市价,-5.18,3038.640000000022
2026-03-18 15:32:31,74920608,市价,-5.18,3033.4600000000223
2026-03-18 15:32:31,74920643,市价,-5.18,3028.2800000000225
2026-03-19 04:37:44,75311038,市价,-5.18,3023.1000000000226
2026-03-19 04:37:44,75311090,市价,-5.18,3017.920000000023
2026-03-19 04:37:44,75311014,市价,-5.18,3012.740000000023
2026-03-19 04:47:28,75319089,挂单,-5.18,3007.560000000023
2026-03-19 04:47:43,75319100,挂单,-5.18,3002.3800000000233
2026-03-19 04:47:57,75319122,挂单,-5.18,2997.2000000000235
2026-03-19 10:59:25,75310873,市价,-5.18,2992.0200000000236
2026-03-19 10:59:25,75310885,市价,-5.18,2986.840000000024
2026-03-19 10:59:25,75310833,市价,-5.18,2981.660000000024
2026-03-19 16:02:03,75366803,市价,19.82,3001.480000000024
2026-03-19 16:02:03,75366723,市价,19.82,3021.3000000000243
2026-03-19 16:02:03,75366556,市价,19.82,3041.1200000000244
2026-03-20 06:07:15,75479261,市价,-5.18,3035.9400000000246
2026-03-20 06:07:15,75479273,市价,-5.18,3030.760000000025
2026-03-20 06:07:15,75479234,市价,-5.18,3025.580000000025
2026-03-20 06:17:45,75377909,市价,-5.18,3020.400000000025
2026-03-20 06:17:45,75377967,市价,-5.18,3015.2200000000253
2026-03-20 06:17:45,75377705,市价,-5.18,3010.0400000000254
2026-03-20 08:58:18,75489343,市价,-3.43,3006.6100000000256
2026-03-20 08:58:18,75489328,市价,10.519999999999818,3017.1300000000256
2026-03-20 08:58:18,75489333,市价,-3.43,3013.7000000000257
2026-03-20 11:07:39,75505588,市价,-5.18,3008.520000000026
2026-03-20 11:07:39,75505610,市价,-5.18,3003.340000000026
2026-03-20 11:07:39,75505572,市价,-5.18,2998.1600000000262
2026-03-23 04:33:51,75633884,市价,19.82,3017.9800000000264
2026-03-23 04:33:51,75633845,市价,10.120000000000182,3028.1000000000267
2026-03-23 04:33:51,75633861,市价,19.82,3047.920000000027
2026-03-23 12:16:37,75653579,市价,-5.18,3042.740000000027
2026-03-23 12:16:37,75653759,市价,-5.18,3037.5600000000272
2026-03-23 12:16:37,75653790,市价,-5.18,3032.3800000000274
2026-03-23 15:52:20,75759470,市价,-5.18,3027.2000000000276
2026-03-23 15:52:20,75759516,市价,-5.18,3022.0200000000277
2026-03-23 15:52:20,75759660,市价,-5.18,3016.840000000028
2026-03-24 05:32:51,75842954,市价,-5.18,3011.660000000028
2026-03-24 05:32:51,75842898,市价,-5.18,3006.480000000028
2026-03-24 08:41:09,75861006,市价,-3.969999999999964,3002.5100000000284
2026-03-24 08:41:09,75861029,市价,-3.969999999999964,2998.5400000000286
2026-03-24 09:22:08,75836146,市价,-5.18,2993.360000000029
2026-03-24 09:22:08,75836180,市价,-5.18,2988.180000000029
2026-03-24 09:22:08,75836089,市价,-5.18,2983.000000000029
2026-03-24 17:26:32,75916783,市价,-5.18,2977.8200000000293
2026-03-24 17:26:32,75916811,市价,-5.18,2972.6400000000294
2026-03-24 17:26:32,75916756,市价,-5.18,2967.4600000000296
2026-03-24 18:37:55,75935080,市价,-5.18,2962.2800000000298
2026-03-25 09:45:16,75990858,挂单,19.82,2982.10000000003
2026-03-25 09:46:17,75990913,挂单,19.82,3001.92000000003
2026-03-25 09:47:51,75991035,挂单,19.82,3021.7400000000302
2026-03-25 22:08:50,76024655,市价,-5.18,3016.5600000000304
2026-03-25 22:08:50,76024530,市价,-5.18,3011.3800000000306
2026-03-25 22:08:50,76024481,市价,-5.18,3006.2000000000307
2026-03-25 22:11:46,76009302,市价,19.82,3026.020000000031
2026-03-25 22:11:46,76009256,市价,19.82,3045.840000000031
2026-03-25 22:11:46,76009324,市价,19.82,3065.6600000000312
2026-03-26 08:45:52,76071595,市价,-5.18,3060.4800000000314
2026-03-26 08:45:52,76071692,市价,-5.18,3055.3000000000316
2026-03-26 08:45:52,76071626,市价,-5.18,3050.1200000000317
2026-03-26 11:25:09,76099717,市价,-5.18,3044.940000000032
2026-03-26 11:25:09,76099705,市价,-5.18,3039.760000000032
2026-03-26 11:25:09,76099740,市价,-5.18,3034.580000000032
2026-03-26 19:21:32,76156390,市价,-5.18,3029.4000000000324
2026-03-26 19:21:32,76156411,市价,-5.18,3024.2200000000325
2026-03-26 19:21:32,76156370,市价,-5.18,3019.0400000000327
2026-03-26 19:30:32,76115128,市价,-5.18,3013.860000000033
2026-03-26 19:30:32,76115077,市价,-5.18,3008.680000000033
2026-03-26 19:30:32,76115094,市价,-5.18,3003.500000000033
2026-03-27 06:39:59,76191370,市价,-5.18,2998.3200000000334
2026-03-27 06:39:59,76191377,市价,-5.18,2993.1400000000335
2026-03-27 06:39:59,76191384,市价,-5.18,2987.9600000000337
2026-03-27 11:54:26,76208457,市价,-3.219999999999964,2984.740000000034
2026-03-27 11:54:26,76208370,市价,-3.219999999999964,2981.520000000034
2026-03-27 11:54:26,76208401,市价,-3.219999999999964,2978.3000000000343
2026-03-27 17:03:20,76236139,市价,-5.18,2973.1200000000345
2026-03-27 17:03:20,76236110,市价,-5.18,2967.9400000000346
2026-03-27 17:03:20,76236236,市价,-5.18,2962.760000000035
2026-03-30 01:09:35,76287830,挂单,19.82,2982.580000000035
2026-03-30 01:10:16,76287905,挂单,19.82,3002.400000000035
2026-03-30 01:10:37,76287926,挂单,19.82,3022.2200000000353
2026-03-30 02:32:15,76287530,市价,-5.18,3017.0400000000354
2026-03-30 02:32:15,76287443,市价,-5.18,3011.8600000000356
2026-03-30 02:32:15,76287475,市价,-5.18,3006.6800000000358
2026-03-30 09:50:08,76331069,挂单,19.82,3026.500000000036
2026-03-30 09:50:24,76331108,挂单,19.82,3046.320000000036
2026-03-30 09:50:47,76331149,挂单,19.82,3066.1400000000363
2026-03-30 14:47:08,76287660,市价,-5.18,3060.9600000000364
2026-03-30 14:47:08,76287676,市价,-5.18,3055.7800000000366
2026-03-30 14:47:08,76287706,市价,-5.18,3050.6000000000367
2026-03-30 16:58:48,76366956,市价,-5.18,3045.420000000037
2026-03-30 16:58:48,76367001,市价,-5.18,3040.240000000037
2026-03-30 16:58:48,76366924,市价,9.82,3050.0600000000372
2026-03-31 04:18:52,76397888,市价,-5.18,3044.8800000000374
2026-03-31 04:18:52,76397879,市价,-5.18,3039.7000000000376
2026-03-31 04:18:52,76397898,市价,-5.18,3034.5200000000377
2026-03-31 10:18:57,76435616,市价,-4.23999999999949,3030.2800000000384
2026-03-31 10:18:57,76435639,市价,-4.23999999999949,3026.040000000039
2026-03-31 10:18:57,76435647,市价,-4.23999999999949,3021.8000000000397
2026-03-31 17:00:32,76441172,市价,-3.3699999999996,3018.4300000000403
2026-03-31 17:00:32,76441182,市价,-3.3699999999996,3015.060000000041
2026-03-31 17:00:32,76441148,市价,-3.3699999999996,3011.6900000000414
2026-04-01 19:04:59,76596284,挂单,19.82,3031.5100000000416
2026-04-01 19:06:13,76596364,挂单,19.82,3051.3300000000418
2026-04-02 04:06:57,76611190,市价,19.82,3071.150000000042
2026-04-02 04:06:57,76611184,市价,19.82,3090.970000000042
2026-04-02 04:06:57,76611177,市价,19.82,3110.7900000000423
2026-04-02 10:14:28,76665038,市价,-5.18,3105.6100000000424
2026-04-02 10:14:28,76664979,市价,-5.18,3100.4300000000426
2026-04-02 10:14:28,76664961,市价,-5.18,3095.2500000000427
2026-04-02 16:53:27,76700697,市价,-5.18,3090.070000000043
2026-04-02 16:53:27,76700648,市价,-5.18,3084.890000000043
2026-04-02 16:53:27,76700764,市价,-5.18,3079.7100000000432
2026-04-02 17:11:46,76700860,市价,-5.18,3074.5300000000434
2026-04-02 17:11:46,76700891,市价,-5.18,3069.3500000000436
2026-04-02 17:11:46,76701014,市价,-5.18,3064.1700000000437
2026-04-06 15:25:54,76802826,市价,10.609999999999964,3074.780000000044
2026-04-06 15:25:54,76802875,市价,19.82,3094.600000000044
2026-04-06 15:25:54,76802857,市价,19.82,3114.420000000044
2026-04-07 11:20:44,76895717,市价,-5.18,3109.2400000000443
2026-04-07 11:20:44,76895783,市价,-5.18,3104.0600000000445
2026-04-07 11:20:44,76895764,市价,-5.18,3098.8800000000447
2026-04-07 12:59:46,76911711,挂单,-5.18,3093.700000000045
2026-04-07 13:00:03,76911764,挂单,-5.18,3088.520000000045
2026-04-07 13:00:14,76911784,挂单,-5.18,3083.340000000045
2026-04-07 14:27:45,76921993,挂单,19.82,3103.1600000000453
2026-04-07 14:28:06,76922044,挂单,19.82,3122.9800000000455
2026-04-07 14:28:31,76922064,挂单,19.82,3142.8000000000457
2026-04-07 22:20:15,76817841,市价,-3.18,3139.620000000046
2026-04-07 22:20:15,76817831,市价,-3.18,3136.440000000046
2026-04-07 22:20:15,76817821,市价,-3.18,3133.260000000046
2026-04-08 01:39:45,76972847,市价,-5.18,3128.0800000000463
2026-04-08 01:39:45,76972839,市价,-5.18,3122.9000000000465
2026-04-08 01:39:45,76972851,市价,-5.18,3117.7200000000466
2026-04-08 10:02:28,77024689,挂单,-5.18,3112.540000000047
2026-04-08 10:02:43,77024741,挂单,-5.18,3107.360000000047
2026-04-08 10:02:56,77024781,挂单,-5.18,3102.180000000047
2026-04-08 12:44:45,77024976,市价,-5.18,3097.0000000000473
2026-04-08 12:44:45,77024921,市价,9.439999999999891,3106.4400000000473
2026-04-08 12:44:45,77024959,市价,-5.18,3101.2600000000475
2026-04-08 12:57:57,77044495,挂单,19.82,3121.0800000000477
2026-04-08 12:58:11,77044515,挂单,19.82,3140.900000000048
2026-04-08 12:58:24,77044557,挂单,19.82,3160.720000000048
2026-04-08 15:57:59,77064473,挂单,-5.18,3155.540000000048
2026-04-08 15:58:33,77064503,挂单,-5.18,3150.3600000000483
2026-04-08 15:58:50,77064514,挂单,-5.18,3145.1800000000485
2026-04-08 17:56:14,77064537,市价,-5.18,3140.0000000000487
2026-04-08 17:56:14,77064550,市价,-5.18,3134.820000000049
2026-04-08 17:56:14,77064608,市价,-5.18,3129.640000000049
2026-04-08 21:18:45,77088854,市价,-3.68,3125.960000000049
2026-04-08 21:18:45,77088862,市价,-3.68,3122.2800000000493
2026-04-08 21:18:45,77088842,市价,-3.68,3118.6000000000495
2026-04-09 13:24:47,77108338,市价,-3.3399999999998546,3115.26000000005
2026-04-09 13:24:47,77108332,市价,-3.3399999999998546,3111.92000000005
2026-04-09 13:52:03,77108351,市价,-5.18,3106.7400000000503
2026-04-09 13:52:03,77108374,市价,-5.18,3101.5600000000504
2026-04-09 14:49:11,77174548,市价,9.809999999999782,3111.3700000000504
2026-04-09 14:49:11,77174670,市价,19.82,3131.1900000000505
2026-04-09 14:49:11,77174589,市价,19.82,3151.0100000000507
2026-04-09 23:42:04,77207201,市价,9.7799999999996,3160.7900000000504
2026-04-09 23:42:04,77207221,市价,-3.840000000000291,3156.9500000000503
2026-04-09 23:42:04,77207234,市价,-3.840000000000291,3153.11000000005
2026-04-10 05:31:05,77191651,市价,19.82,3172.9300000000503
2026-04-10 05:31:05,77191618,市价,19.82,3192.7500000000505
2026-04-10 05:31:05,77191681,市价,10.670000000000364,3203.420000000051
2026-04-10 15:32:10,77258643,市价,-5.18,3198.240000000051
2026-04-10 15:32:10,77258657,市价,-5.18,3193.0600000000513
2026-04-10 15:32:10,77258627,市价,-5.18,3187.8800000000515
2026-04-14 11:59:39,77517917,挂单,-5.18,3182.7000000000517
2026-04-14 11:59:51,77517933,挂单,-5.18,3177.520000000052
2026-04-14 13:39:02,77506113,市价,-6.379999999999818,3171.140000000052
2026-04-14 13:39:02,77506065,市价,-6.379999999999818,3164.7600000000525
2026-04-14 17:55:31,77565031,挂单,-5.18,3159.5800000000527
2026-04-14 17:55:46,77565076,挂单,-5.18,3154.400000000053
2026-04-14 17:56:43,77565250,挂单,-5.18,3149.220000000053
2026-04-14 23:56:27,77587957,挂单,-5.18,3144.040000000053
2026-04-14 23:56:44,77587963,挂单,-5.18,3138.8600000000533
2026-04-15 12:11:01,77638710,市价,-3.419999999999782,3135.4400000000537
2026-04-15 12:11:01,77638680,市价,-3.419999999999782,3132.020000000054
2026-04-15 18:07:33,77684068,市价,-3.5099999999999274,3128.5100000000543
2026-04-15 18:07:33,77684041,市价,-3.5099999999999274,3125.0000000000546
2026-04-15 18:07:33,77683996,市价,-3.5099999999999274,3121.490000000055
2026-04-15 18:31:24,77654348,市价,10.32,3131.810000000055
2026-04-15 18:31:24,77654439,市价,18.37,3150.180000000055
2026-04-16 11:05:02,77761490,市价,-3.5899999999998546,3146.590000000055
2026-04-16 11:05:02,77761433,市价,-3.5899999999998546,3143.0000000000555
2026-04-16 11:05:02,77761465,市价,-3.5899999999998546,3139.410000000056
2026-04-16 11:22:37,77768508,挂单,-5.18,3134.230000000056
2026-04-16 11:22:49,77768524,挂单,-5.18,3129.050000000056
2026-04-16 11:24:54,77768685,挂单,-5.18,3123.8700000000563
2026-04-16 16:55:23,77790131,市价,-3.4900000000004003,3120.380000000056
2026-04-16 16:55:23,77790124,市价,-3.4900000000004003,3116.890000000056
2026-04-16 16:55:23,77790083,市价,-3.4900000000004003,3113.4000000000556
2026-04-16 17:40:50,77587968,市价,-5.089999999999854,3108.310000000056
2026-04-16 17:40:50,77587977,市价,-5.089999999999854,3103.220000000056
2026-04-16 17:40:50,77587972,市价,-5.089999999999854,3098.1300000000565
2026-04-16 18:56:44,77822366,挂单,-5.18,3092.9500000000567
2026-04-16 18:56:58,77822415,挂单,-5.18,3087.770000000057
2026-04-16 18:57:12,77822473,挂单,-5.18,3082.590000000057
2026-04-17 04:12:20,77838467,市价,-5.18,3077.410000000057
2026-04-17 04:12:20,77838489,市价,-5.18,3072.2300000000573
2026-04-17 04:12:20,77838503,市价,-5.18,3067.0500000000575
2026-04-17 04:12:22,77838454,市价,5.359999999999964,3072.4100000000576
2026-04-17 04:12:22,77838405,市价,6.210000000000328,3078.620000000058
2026-04-17 04:12:22,77838392,市价,19.82,3098.4400000000583
2026-04-17 20:24:38,77954382,市价,-5.18,3093.2600000000584
2026-04-17 20:24:38,77654618,市价,8.870000000000182,3102.1300000000588
2026-04-17 23:11:31,77954454,市价,-5.18,3096.950000000059
2026-04-17 23:11:31,77954482,市价,-5.18,3091.770000000059
2026-04-21 09:00:07,78084749,市价,-5.18,3086.5900000000593
2026-04-21 09:02:59,78084939,市价,19.82,3106.4100000000594
2026-04-21 15:30:34,78084971,市价,19.82,3126.2300000000596
2026-04-21 18:05:12,78244068,挂单,19.82,3146.0500000000598
2026-04-21 22:43:16,78244410,市价,-5.18,3140.87000000006
2026-04-21 22:43:40,78244465,市价,-6.310000000000109,3134.56000000006
2026-04-21 22:44:08,78244488,市价,-4.310000000000109,3130.25000000006
2026-04-22 19:08:28,78382729,挂单,19.82,3150.07000000006
2026-04-23 03:14:49,78291013,市价,-5.18,3144.8900000000604
2026-04-23 03:14:57,78291024,市价,-5.18,3139.7100000000605
2026-04-23 03:15:18,78291044,市价,19.82,3159.5300000000607
2026-04-23 03:30:18,78382746,市价,19.82,3179.350000000061
2026-04-23 03:52:06,78382736,市价,13.870000000000182,3193.220000000061
2026-04-23 15:01:44,78471292,市价,-5.18,3188.0400000000614
2026-04-23 15:01:50,78471312,市价,-5.18,3182.8600000000615
2026-04-23 15:03:02,78471356,市价,-5.18,3177.6800000000617
2026-04-23 15:06:35,78471370,市价,20.06,3197.7400000000616
2026-04-23 15:31:01,78471395,市价,19.82,3217.560000000062
2026-04-23 15:43:33,78471422,市价,13.870000000000182,3231.430000000062
2026-04-24 17:05:42,78596407,市价,-5.18,3226.2500000000623
2026-04-24 17:05:45,78596626,市价,-5.18,3221.0700000000625
2026-04-24 17:09:18,78596708,市价,-5.18,3215.8900000000626
2026-04-27 01:17:36,78666382,挂单,19.82,3235.710000000063
2026-04-27 06:44:01,78666407,市价,19.82,3255.530000000063
2026-04-28 01:10:41,78780458,市价,-5.18,3250.350000000063
2026-04-28 02:36:30,78780449,市价,-5.18,3245.1700000000633
2026-04-28 02:49:27,78780411,市价,-5.18,3239.9900000000634
2026-04-28 08:43:24,78666431,市价,-5.18,3234.8100000000636
2026-04-28 08:44:38,78666464,市价,14.019999999999818,3248.8300000000636
2026-04-28 09:23:28,78666478,市价,-5.18,3243.6500000000638
2026-04-28 15:42:21,78874050,市价,-5.18,3238.470000000064
2026-04-28 15:46:00,78874136,市价,-5.18,3233.290000000064
2026-04-28 15:46:07,78874218,市价,-5.18,3228.1100000000642
2026-04-29 03:01:07,78882865,市价,-4.47,3223.6400000000644
2026-04-29 03:04:02,78882944,市价,19.82,3243.4600000000646
2026-04-29 03:08:55,78883023,市价,19.82,3263.280000000065
2026-04-29 16:20:02,78852720,市价,-5.18,3258.100000000065
2026-04-29 16:20:03,78852748,市价,-5.18,3252.920000000065
2026-04-29 16:20:08,78852776,市价,-5.18,3247.7400000000653
2026-04-29 17:16:30,79031745,市价,-5.18,3242.5600000000654
2026-04-29 17:26:48,79035192,市价,-5.18,3237.3800000000656
2026-04-29 17:35:45,79031835,市价,-5.18,3232.2000000000658
2026-04-29 18:45:20,79043448,市价,-4.47,3227.730000000066
2026-04-29 18:45:41,79043761,市价,15.32,3243.050000000066
2026-04-29 19:03:17,79043849,市价,19.82,3262.8700000000663
2026-04-29 21:00:19,79050235,市价,-5.18,3257.6900000000664
2026-04-29 21:06:41,79050256,市价,-5.18,3252.5100000000666
2026-04-29 21:07:03,79050268,市价,-5.18,3247.330000000067
2026-04-30 04:28:01,79050398,市价,-5.18,3242.150000000067
2026-04-30 04:28:03,79050445,市价,-5.18,3236.970000000067
2026-04-30 04:28:27,79050488,市价,19.82,3256.7900000000673
2026-04-30 09:52:49,79091614,市价,-5.18,3251.6100000000674
2026-04-30 09:54:47,79091659,市价,-5.18,3246.4300000000676
2026-04-30 09:55:16,79091690,市价,-5.18,3241.2500000000678
2026-04-30 11:04:06,79113544,市价,-5.18,3236.070000000068
2026-04-30 11:04:07,79113579,市价,-5.18,3230.890000000068
2026-04-30 11:04:12,79113633,市价,-5.18,3225.7100000000682
2026-05-01 10:33:51,79123936,市价,-5.18,3220.5300000000684
2026-05-01 10:54:59,79123994,市价,-5.18,3215.3500000000686
2026-05-01 11:10:49,79124039,市价,-5.18,3210.1700000000687
2026-05-01 11:21:04,79224117,市价,-5.18,3204.990000000069
2026-05-01 11:52:16,79186716,市价,-5.18,3199.810000000069
2026-05-01 12:54:54,79186729,市价,19.25,3219.060000000069
2026-05-01 17:12:20,79130914,市价,-5.18,3213.8800000000692
2026-05-01 17:12:24,79130953,市价,-5.18,3208.7000000000694
2026-05-01 17:12:36,79130984,市价,-5.18,3203.5200000000696
2026-05-01 17:12:41,79139168,市价,20.06,3223.5800000000695
2026-05-01 17:12:51,79139216,市价,19.82,3243.4000000000697
2026-05-01 17:15:31,79139231,市价,19.82,3263.22000000007
2026-05-04 09:38:54,79290713,市价,-5.18,3258.04000000007
2026-05-04 10:55:39,79290745,市价,-5.18,3252.86000000007
2026-05-04 11:04:48,79290802,市价,-5.18,3247.6800000000703
2026-05-04 13:04:05,79341043,市价,-5.18,3242.5000000000705
2026-05-04 13:05:32,79341083,市价,-5.18,3237.3200000000706
2026-05-04 13:08:07,79341106,市价,-5.18,3232.140000000071
2026-05-04 13:14:05,79352277,市价,-5.18,3226.960000000071
2026-05-04 13:18:22,79352779,市价,-5.18,3221.780000000071
2026-05-04 16:02:49,79373492,市价,-5.18,3216.6000000000713
2026-05-04 16:04:30,79373559,市价,-5.18,3211.4200000000715
2026-05-04 16:31:53,79373623,市价,19.82,3231.2400000000716
2026-05-05 04:04:38,79412761,市价,-5.18,3226.060000000072
2026-05-05 04:14:12,79412791,市价,-5.18,3220.880000000072
2026-05-05 05:43:00,79412856,市价,-5.18,3215.700000000072
2026-05-05 10:04:39,79378860,市价,-5.18,3210.5200000000723
2026-05-05 11:57:03,79378889,市价,-5.18,3205.3400000000725
2026-05-05 14:42:41,79378946,市价,-5.18,3200.1600000000726
2026-05-05 15:47:00,79477728,市价,17.780000000000037,3217.940000000073
2026-05-05 16:34:38,79484836,挂单,-5.18,3212.760000000073
2026-05-05 19:03:24,79500023,市价,-5.75,3207.010000000073
2026-05-05 19:25:12,79477753,市价,-5.75,3201.260000000073
2026-05-05 19:31:19,79477773,市价,-5.75,3195.510000000073
2026-05-06 09:59:34,79556977,挂单,19.82,3215.330000000073
2026-05-06 15:14:35,79583739,市价,-5.18,3210.1500000000733
2026-05-06 15:15:11,79583777,市价,-7.200000000000436,3202.950000000073
2026-05-06 15:15:11,79583814,市价,-5.200000000000436,3197.7500000000728
2026-05-07 03:42:45,79638013,市价,19.82,3217.570000000073
2026-05-07 03:42:45,79638002,市价,19.82,3237.390000000073
2026-05-07 19:10:53,79679412,市价,-5.18,3232.2100000000733
2026-05-07 19:10:53,79679373,市价,-5.18,3227.0300000000734
2026-05-07 19:19:10,79679467,市价,-5.18,3221.8500000000736
2026-05-07 19:19:10,79679447,市价,-5.18,3216.6700000000737
2026-05-07 20:27:02,79688544,市价,18.68,3235.3500000000736
2026-05-07 20:27:10,79688613,市价,19.25,3254.6000000000736
2026-05-08 01:45:33,79688657,市价,19.82,3274.4200000000737
2026-05-08 10:14:56,79793237,市价,-5.18,3269.240000000074
2026-05-08 10:14:56,79793300,市价,-5.18,3264.060000000074
2026-05-08 10:25:36,79775314,市价,14.870000000000182,3278.9300000000744
2026-05-08 10:25:36,79775357,市价,19.82,3298.7500000000746
2026-05-08 12:52:11,79811037,挂单,19.82,3318.5700000000747
2026-05-08 14:23:28,79818333,挂单,19.82,3338.390000000075
2026-05-08 17:49:06,79850557,市价,-5.18,3333.210000000075
2026-05-08 18:14:04,79850579,市价,-5.18,3328.0300000000752
2026-05-08 18:18:47,79850592,市价,19.82,3347.8500000000754
2026-05-11 01:05:00,79836262,市价,-5.18,3342.6700000000756
2026-05-11 01:05:00,79836288,市价,-5.18,3337.4900000000757
2026-05-11 01:05:00,79836186,市价,-5.18,3332.310000000076
2026-05-11 08:52:07,79818244,市价,-5.18,3327.130000000076
2026-05-11 08:52:24,79818283,市价,-5.18,3321.950000000076
2026-05-11 08:55:28,79818306,市价,-3.2099999999997455,3318.7400000000766
2026-05-11 12:32:25,79938952,市价,13.840000000000437,3332.5800000000772
2026-05-11 12:33:18,79938972,市价,19.82,3352.4000000000774
2026-05-11 12:33:26,79938994,市价,19.25,3371.6500000000774
2026-05-12 09:22:37,79976724,市价,-5.18,3366.4700000000776
2026-05-12 09:23:37,79976928,市价,-5.18,3361.2900000000777
2026-05-12 09:23:40,79976999,市价,-5.18,3356.110000000078
2026-05-12 12:57:07,80073414,挂单,-5.18,3350.930000000078
2026-05-12 12:57:47,80073456,挂单,-5.18,3345.750000000078
2026-05-12 12:58:09,80073464,挂单,-5.18,3340.5700000000784
2026-05-12 16:16:41,79992845,市价,-5.18,3335.3900000000785
2026-05-12 16:16:42,79992862,市价,-5.18,3330.2100000000787
2026-05-12 16:16:43,79992888,市价,19.82,3350.030000000079
2026-05-12 18:02:00,80094735,市价,-5.18,3344.850000000079
2026-05-12 18:12:10,80094836,市价,-5.18,3339.670000000079
2026-05-12 18:17:29,80094932,市价,-5.18,3334.4900000000794
2026-05-12 21:01:41,80125540,市价,-5.18,3329.3100000000795
2026-05-12 21:20:39,80125565,市价,-5.18,3324.1300000000797
2026-05-12 21:26:15,80125574,市价,-5.18,3318.95000000008
2026-05-13 07:54:59,80165927,挂单,19.82,3338.77000000008
2026-05-13 07:55:12,80165949,挂单,19.82,3358.59000000008
2026-05-13 09:15:57,80165911,市价,0.5999999999997454,3359.19000000008
2026-05-13 15:30:01,80181890,市价,-5.18,3354.0100000000803
2026-05-13 15:30:01,80181933,市价,-4.2800000000003635,3349.73000000008
2026-05-13 15:30:01,80181909,市价,-5.2800000000003635,3344.45000000008
2026-05-13 16:09:44,80211910,挂单,19.82,3364.27000000008
2026-05-13 19:24:33,80211825,市价,14.469999999999636,3378.74000000008
2026-05-13 19:24:41,80211882,市价,20.53,3399.27000000008
2026-05-14 10:36:34,80244821,市价,19.82,3419.09000000008
2026-05-14 10:36:54,80244845,市价,19.82,3438.9100000000803
2026-05-14 10:36:55,80244860,市价,20.06,3458.9700000000803
2026-05-14 16:40:17,80301823,市价,-6.390000000000036,3452.5800000000804
2026-05-14 16:40:27,80301856,市价,-5.43,3447.1500000000806
2026-05-14 16:40:28,80301887,市价,-4.440000000000218,3442.7100000000805
2026-05-14 22:32:48,80324165,市价,-5.18,3437.5300000000807
2026-05-14 22:38:47,80324218,市价,-5.18,3432.350000000081
2026-05-14 22:38:47,80324238,市价,-5.18,3427.170000000081
2026-05-15 03:39:12,79876063,市价,-5.18,3421.990000000081
2026-05-15 03:39:30,79876120,市价,-5.18,3416.8100000000813
2026-05-15 03:40:22,79876179,市价,-4.259999999999927,3412.5500000000816
2026-05-15 07:43:41,80245114,市价,-5.18,3407.3700000000817
2026-05-15 07:43:48,80245141,市价,-5.18,3402.190000000082
2026-05-15 07:44:35,80245151,市价,-5.18,3397.010000000082
2026-05-15 10:12:57,80418520,市价,12.70000000000011,3409.7100000000823
2026-05-15 10:13:56,80418545,市价,19.82,3429.5300000000825
2026-05-15 10:19:26,80418578,市价,20.06,3449.5900000000825
2026-05-15 12:10:22,80421844,市价,-5.18,3444.4100000000826
2026-05-15 12:10:59,80421870,市价,-5.18,3439.230000000083
2026-05-15 12:11:00,80421906,市价,-5.18,3434.050000000083
2026-05-15 12:58:17,80448423,挂单,19.82,3453.870000000083
2026-05-15 12:58:35,80448448,挂单,19.82,3473.6900000000833
2026-05-15 13:53:37,80448388,市价,19.82,3493.5100000000834
2026-05-15 16:45:14,80468761,市价,-5.870000000000509,3487.640000000083
2026-05-15 16:45:14,80468669,市价,-6.810000000000109,3480.830000000083
2026-05-15 16:45:17,80468801,市价,19.82,3500.6500000000833
2026-05-18 03:34:01,80513584,市价,-5.18,3495.4700000000835
2026-05-18 03:34:12,80513770,市价,-5.18,3490.2900000000836
2026-05-18 03:34:12,80513742,市价,-5.18,3485.110000000084
2026-05-18 03:34:12,80513663,市价,-5.18,3479.930000000084
2026-05-18 03:34:12,80513605,市价,-5.18,3474.750000000084
2026-05-18 03:34:24,80513799,市价,-5.18,3469.5700000000843
2026-05-18 16:01:10,80512984,市价,-5.18,3464.3900000000845
2026-05-18 16:18:20,80615968,挂单,-5.18,3459.2100000000846
2026-05-18 16:18:34,80615982,挂单,-5.18,3454.030000000085
2026-05-18 16:18:51,80615999,挂单,-5.18,3448.850000000085
2026-05-18 16:33:32,80513018,市价,-5.18,3443.670000000085
2026-05-18 16:33:35,80513036,市价,-5.18,3438.4900000000853
2026-05-19 16:23:35,80736078,市价,-5.18,3433.3100000000854
2026-05-19 16:23:42,80736188,市价,-5.18,3428.1300000000856
2026-05-19 16:24:42,80736276,市价,-5.18,3422.9500000000858
2026-05-19 16:41:46,80749150,挂单,19.82,3442.770000000086
2026-05-20 03:29:56,80783633,市价,-5.18,3437.590000000086
2026-05-20 03:29:59,80783643,市价,-5.18,3432.4100000000863
2026-05-20 03:30:02,80783657,市价,-4.560000000000109,3427.8500000000863
2026-05-20 16:07:31,80873171,挂单,19.82,3447.6700000000865
2026-05-20 16:08:09,80873249,挂单,19.82,3467.4900000000866
2026-05-20 17:30:45,80766987,市价,-5.18,3462.310000000087
2026-05-20 17:30:46,80767096,市价,-5.18,3457.130000000087
2026-05-20 17:30:46,80767140,市价,-5.18,3451.950000000087
2026-05-20 17:30:55,80844036,市价,-5.18,3446.7700000000873
2026-05-20 17:30:57,80844063,市价,-5.18,3441.5900000000875
2026-05-20 17:31:13,80844136,市价,-5.18,3436.4100000000876
2026-05-20 18:15:46,80896706,市价,-6.310000000000109,3430.1000000000877
2026-05-20 18:15:47,80896741,市价,-5.560000000000109,3424.5400000000877
2026-05-20 18:15:50,80896756,市价,-4.299999999999891,3420.240000000088
2026-05-21 10:24:55,80974029,挂单,19.82,3440.060000000088
2026-05-21 10:25:14,80974202,挂单,19.82,3459.8800000000883
2026-05-21 10:25:29,80974256,挂单,19.82,3479.7000000000885
2026-05-21 20:10:56,81037501,市价,-5.18,3474.5200000000887
2026-05-21 20:11:00,81038421,市价,-5.18,3469.340000000089
2026-05-21 20:11:00,81038366,市价,-5.18,3464.160000000089
2026-05-22 02:31:24,80917563,市价,-5.18,3458.980000000089
2026-05-22 02:31:33,80917620,市价,-5.18,3453.8000000000893
2026-05-22 02:36:17,80917655,市价,-5.18,3448.6200000000895
2026-05-22 06:54:10,81077069,市价,-5.18,3443.4400000000896
2026-05-22 06:54:13,81077078,市价,-5.18,3438.26000000009
2026-05-22 12:23:12,81107335,市价,-5.18,3433.08000000009
2026-05-22 12:23:18,81107344,市价,-5.18,3427.90000000009
