ticket,filled,sim_net,exit_reason,open_time
81078164,False,0.0,no_fill,2026.05.22 07:21:42
81078140,False,0.0,no_fill,2026.05.22 07:21:21
81078106,False,0.0,no_fill,2026.05.22 07:20:31
81056154,False,0.0,no_fill,2026.05.22 01:12:28
81056145,False,0.0,no_fill,2026.05.22 01:12:05
81056140,False,0.0,no_fill,2026.05.22 01:11:46
80992262,False,0.0,no_fill,2026.05.21 13:03:39
80992238,False,0.0,no_fill,2026.05.21 13:03:19
80992200,False,0.0,no_fill,2026.05.21 13:02:38
80974256,True,19.82,tp,2026.05.21 10:25:29
80974202,True,19.82,tp,2026.05.21 10:25:14
80974029,True,19.82,tp,2026.05.21 10:24:55
80900806,False,0.0,no_fill,2026.05.20 18:34:39
80900754,False,0.0,no_fill,2026.05.20 18:34:10
80900676,False,0.0,no_fill,2026.05.20 18:33:17
80899815,False,0.0,no_fill,2026.05.20 18:27:08
80899722,False,0.0,no_fill,2026.05.20 18:26:38
80899445,False,0.0,no_fill,2026.05.20 18:25:17
80873280,False,0.0,no_fill,2026.05.20 16:08:25
80873249,False,0.0,no_fill,2026.05.20 16:08:09
80873171,True,19.82,tp,2026.05.20 16:07:31
80749349,False,0.0,no_fill,2026.05.19 16:42:26
80749246,False,0.0,no_fill,2026.05.19 16:42:05
80749150,False,0.0,no_fill,2026.05.19 16:41:46
80735996,False,0.0,no_fill,2026.05.19 15:59:45
80735997,False,0.0,no_fill,2026.05.19 15:59:45
80735853,False,0.0,no_fill,2026.05.19 15:57:42
80721005,False,0.0,no_fill,2026.05.19 13:37:55
80720970,False,0.0,no_fill,2026.05.19 13:37:39
80720962,False,0.0,no_fill,2026.05.19 13:37:13
80720375,False,0.0,no_fill,2026.05.19 13:22:54
80720359,False,0.0,no_fill,2026.05.19 13:22:37
80720351,False,0.0,no_fill,2026.05.19 13:22:17
80667126,False,0.0,no_fill,2026.05.19 05:10:04
80667079,False,0.0,no_fill,2026.05.19 05:09:41
80667003,False,0.0,no_fill,2026.05.19 05:09:20
80615999,True,-5.18,sl,2026.05.18 16:18:51
80615982,True,-5.18,sl,2026.05.18 16:18:34
80615968,False,0.0,no_fill,2026.05.18 16:18:20
80614621,False,0.0,no_fill,2026.05.18 16:04:45
80614445,False,0.0,no_fill,2026.05.18 16:03:34
80614256,False,0.0,no_fill,2026.05.18 16:02:35
80577101,False,0.0,no_fill,2026.05.18 10:09:17
80576994,False,0.0,no_fill,2026.05.18 10:08:45
80576971,False,0.0,no_fill,2026.05.18 10:08:18
80576933,False,0.0,no_fill,2026.05.18 10:07:40
80576918,False,0.0,no_fill,2026.05.18 10:07:25
80576897,False,0.0,no_fill,2026.05.18 10:07:02
80513250,False,0.0,no_fill,2026.05.18 01:21:31
80513192,False,0.0,no_fill,2026.05.18 01:21:00
80513134,False,0.0,no_fill,2026.05.18 01:20:25
80468142,False,0.0,no_fill,2026.05.15 16:03:32
80468096,False,0.0,no_fill,2026.05.15 16:03:09
80468032,False,0.0,no_fill,2026.05.15 16:02:53
80448448,False,0.0,no_fill,2026.05.15 12:58:35
80448423,True,19.82,tp,2026.05.15 12:58:17
80364068,False,0.0,no_fill,2026.05.15 01:20:17
80364021,False,0.0,no_fill,2026.05.15 01:19:58
80364006,False,0.0,no_fill,2026.05.15 01:19:28
80323679,False,0.0,no_fill,2026.05.14 15:53:00
80323642,False,0.0,no_fill,2026.05.14 15:52:43
80323605,False,0.0,no_fill,2026.05.14 15:52:12
80233903,False,0.0,no_fill,2026.05.13 19:13:34
80233891,False,0.0,no_fill,2026.05.13 19:13:16
80233869,False,0.0,no_fill,2026.05.13 19:12:53
80211910,True,19.82,tp,2026.05.13 16:09:44
80194917,False,0.0,no_fill,2026.05.13 13:10:04
80194819,False,0.0,no_fill,2026.05.13 13:09:49
80194493,False,0.0,no_fill,2026.05.13 13:08:27
80194206,False,0.0,no_fill,2026.05.13 13:05:41
80194191,False,0.0,no_fill,2026.05.13 13:05:24
80194165,False,0.0,no_fill,2026.05.13 13:04:57
80178334,False,0.0,no_fill,2026.05.13 10:03:44
80178269,False,0.0,no_fill,2026.05.13 10:03:15
80166150,False,0.0,no_fill,2026.05.13 07:59:03
80166133,False,0.0,no_fill,2026.05.13 07:58:40
80166061,False,0.0,no_fill,2026.05.13 07:57:53
80165949,True,19.82,tp,2026.05.13 07:55:12
80165927,True,19.82,tp,2026.05.13 07:54:59
80073464,False,0.0,no_fill,2026.05.12 12:58:09
80073456,True,-5.18,sl,2026.05.12 12:57:47
80073414,True,-5.18,sl,2026.05.12 12:57:07
80060002,False,0.0,no_fill,2026.05.12 10:14:11
80059980,False,0.0,no_fill,2026.05.12 10:13:57
80059812,False,0.0,no_fill,2026.05.12 10:12:14
80059211,False,0.0,no_fill,2026.05.12 10:09:05
80059132,False,0.0,no_fill,2026.05.12 10:08:45
80059093,False,0.0,no_fill,2026.05.12 10:08:27
79876322,False,0.0,no_fill,2026.05.11 01:14:46
79876277,False,0.0,no_fill,2026.05.11 01:14:25
79876226,False,0.0,no_fill,2026.05.11 01:14:00
79818360,False,0.0,no_fill,2026.05.08 14:24:24
79818353,False,0.0,no_fill,2026.05.08 14:24:06
79818333,False,0.0,no_fill,2026.05.08 14:23:28
79811095,False,0.0,no_fill,2026.05.08 12:52:31
79811080,False,0.0,no_fill,2026.05.08 12:52:23
79811037,False,0.0,no_fill,2026.05.08 12:52:11
79788132,False,0.0,no_fill,2026.05.08 09:04:01
79788025,False,0.0,no_fill,2026.05.08 09:03:36
79775448,False,0.0,no_fill,2026.05.08 06:04:24
79775424,False,0.0,no_fill,2026.05.08 06:04:07
79765188,False,0.0,no_fill,2026.05.08 04:05:57
79765143,False,0.0,no_fill,2026.05.08 04:05:44
79765103,False,0.0,no_fill,2026.05.08 04:05:24
79583913,False,0.0,no_fill,2026.05.06 13:35:41
79583899,False,0.0,no_fill,2026.05.06 13:35:24
79583877,False,0.0,no_fill,2026.05.06 13:35:04
79557466,False,0.0,no_fill,2026.05.06 10:01:42
79557406,False,0.0,no_fill,2026.05.06 10:01:27
79557384,False,0.0,no_fill,2026.05.06 10:01:13
79557214,False,0.0,no_fill,2026.05.06 10:00:12
79557091,False,0.0,no_fill,2026.05.06 09:59:49
79556977,True,19.82,tp,2026.05.06 09:59:34
79542903,False,0.0,no_fill,2026.05.06 07:17:18
79542891,False,0.0,no_fill,2026.05.06 07:17:06
79542880,False,0.0,no_fill,2026.05.06 07:16:54
79542871,False,0.0,no_fill,2026.05.06 07:16:39
79542854,False,0.0,no_fill,2026.05.06 07:16:24
79542833,False,0.0,no_fill,2026.05.06 07:16:12
79542815,False,0.0,no_fill,2026.05.06 07:15:55
79542781,False,0.0,no_fill,2026.05.06 07:15:39
79542760,False,0.0,no_fill,2026.05.06 07:15:27
79539629,False,0.0,no_fill,2026.05.06 06:27:52
79539607,False,0.0,no_fill,2026.05.06 06:27:33
79539551,False,0.0,no_fill,2026.05.06 06:26:56
79525900,False,0.0,no_fill,2026.05.06 04:00:33
79525784,False,0.0,no_fill,2026.05.06 04:00:10
79525599,False,0.0,no_fill,2026.05.06 03:59:42
79484836,True,-5.18,sl,2026.05.05 16:34:38
79461298,False,0.0,no_fill,2026.05.05 12:32:02
79461269,False,0.0,no_fill,2026.05.05 12:31:39
79461253,False,0.0,no_fill,2026.05.05 12:31:23
79360706,False,0.0,no_fill,2026.05.04 14:03:39
79360655,False,0.0,no_fill,2026.05.04 14:03:19
79360093,False,0.0,no_fill,2026.05.04 14:00:39
79249337,False,0.0,no_fill,2026.05.01 16:29:57
79249288,False,0.0,no_fill,2026.05.01 16:29:28
79249189,False,0.0,no_fill,2026.05.01 16:28:50
79249166,False,0.0,no_fill,2026.05.01 16:28:28
79186734,False,0.0,no_fill,2026.05.01 01:17:16
79131537,False,0.0,no_fill,2026.04.30 13:00:01
79131493,False,0.0,no_fill,2026.04.30 12:59:36
79131468,False,0.0,no_fill,2026.04.30 12:59:04
79091798,False,0.0,no_fill,2026.04.30 06:43:06
79091765,False,0.0,no_fill,2026.04.30 06:42:54
79091716,False,0.0,no_fill,2026.04.30 06:42:01
78991292,False,0.0,no_fill,2026.04.29 12:09:21
78991270,False,0.0,no_fill,2026.04.29 12:09:07
78991230,False,0.0,no_fill,2026.04.29 12:08:33
78991208,False,0.0,no_fill,2026.04.29 12:08:09
78991194,False,0.0,no_fill,2026.04.29 12:07:53
78991163,False,0.0,no_fill,2026.04.29 12:07:29
78991056,False,0.0,no_fill,2026.04.29 12:06:34
78991027,False,0.0,no_fill,2026.04.29 12:06:18
78990980,False,0.0,no_fill,2026.04.29 12:05:39
78828637,False,0.0,no_fill,2026.04.28 10:31:41
78828614,False,0.0,no_fill,2026.04.28 10:31:29
78828600,False,0.0,no_fill,2026.04.28 10:31:17
78780499,False,0.0,no_fill,2026.04.28 01:08:10
78780480,False,0.0,no_fill,2026.04.28 01:07:57
78780472,False,0.0,no_fill,2026.04.28 01:07:34
78666382,False,0.0,no_fill,2026.04.27 01:17:36
78666345,False,0.0,no_fill,2026.04.27 01:16:18
78466503,False,0.0,no_fill,2026.04.23 12:37:44
78466481,False,0.0,no_fill,2026.04.23 12:37:35
78466458,False,0.0,no_fill,2026.04.23 12:37:22
78466433,False,0.0,no_fill,2026.04.23 12:37:09
78466325,False,0.0,no_fill,2026.04.23 12:35:49
78466319,False,0.0,no_fill,2026.04.23 12:35:39
78466307,False,0.0,no_fill,2026.04.23 12:35:25
78466299,False,0.0,no_fill,2026.04.23 12:35:15
78466272,False,0.0,no_fill,2026.04.23 12:34:52
78461845,False,0.0,no_fill,2026.04.23 11:57:38
78461780,False,0.0,no_fill,2026.04.23 11:56:50
78461768,False,0.0,no_fill,2026.04.23 11:56:34
78382729,True,19.82,tp,2026.04.22 19:08:28
78382512,False,0.0,no_fill,2026.04.22 19:05:57
78382372,False,0.0,no_fill,2026.04.22 19:05:03
78382342,False,0.0,no_fill,2026.04.22 19:04:48
78381406,False,0.0,no_fill,2026.04.22 18:53:41
78381379,False,0.0,no_fill,2026.04.22 18:53:19
78381365,False,0.0,no_fill,2026.04.22 18:53:03
78309453,False,0.0,no_fill,2026.04.22 06:34:45
78309426,False,0.0,no_fill,2026.04.22 06:34:19
78309391,False,0.0,no_fill,2026.04.22 06:33:47
78309172,False,0.0,no_fill,2026.04.22 06:31:55
78309049,False,0.0,no_fill,2026.04.22 06:30:24
78308805,False,0.0,no_fill,2026.04.22 06:29:27
78308474,False,0.0,no_fill,2026.04.22 06:26:14
78308358,False,0.0,no_fill,2026.04.22 06:24:40
78308318,False,0.0,no_fill,2026.04.22 06:24:11
78256448,False,0.0,no_fill,2026.04.21 19:19:44
78256422,False,0.0,no_fill,2026.04.21 19:19:24
78256396,False,0.0,no_fill,2026.04.21 19:19:01
78248105,False,0.0,no_fill,2026.04.21 18:24:04
78248049,False,0.0,no_fill,2026.04.21 18:23:47
78248006,False,0.0,no_fill,2026.04.21 18:23:32
78244240,False,0.0,no_fill,2026.04.21 18:05:43
78244122,False,0.0,no_fill,2026.04.21 18:05:27
78244068,False,0.0,no_fill,2026.04.21 18:05:12
78077642,False,0.0,no_fill,2026.04.20 16:05:32
78077605,False,0.0,no_fill,2026.04.20 16:05:18
78077558,False,0.0,no_fill,2026.04.20 16:04:49
78050146,False,0.0,no_fill,2026.04.20 11:31:44
78050128,False,0.0,no_fill,2026.04.20 11:31:33
78050110,False,0.0,no_fill,2026.04.20 11:31:19
78049948,False,0.0,no_fill,2026.04.20 11:30:08
78049906,False,0.0,no_fill,2026.04.20 11:29:54
78049892,False,0.0,no_fill,2026.04.20 11:29:40
77922050,False,0.0,no_fill,2026.04.17 16:06:19
77854374,False,0.0,no_fill,2026.04.17 05:03:22
77854370,False,0.0,no_fill,2026.04.17 05:03:16
77822473,True,-5.18,sl,2026.04.16 18:57:12
77822415,True,-5.18,sl,2026.04.16 18:56:58
77822366,True,-5.18,sl,2026.04.16 18:56:44
77768685,True,-5.18,sl,2026.04.16 11:24:54
77768524,True,-5.18,sl,2026.04.16 11:22:49
77768508,True,-5.18,sl,2026.04.16 11:22:37
77654656,False,0.0,no_fill,2026.04.15 12:49:36
77654545,False,0.0,no_fill,2026.04.15 12:49:00
77654485,False,0.0,no_fill,2026.04.15 12:48:26
77587963,True,-5.18,sl,2026.04.14 23:56:44
77587957,True,-5.18,sl,2026.04.14 23:56:27
77565250,True,-5.18,sl,2026.04.14 17:56:43
77565076,True,-5.18,sl,2026.04.14 17:55:46
77565031,True,-5.18,sl,2026.04.14 17:55:31
77543604,False,0.0,no_fill,2026.04.14 15:52:23
77543570,False,0.0,no_fill,2026.04.14 15:52:13
77543429,False,0.0,no_fill,2026.04.14 15:51:53
77517933,False,0.0,no_fill,2026.04.14 11:59:51
77517917,False,0.0,no_fill,2026.04.14 11:59:39
77467092,False,0.0,no_fill,2026.04.14 01:16:27
77467083,False,0.0,no_fill,2026.04.14 01:16:06
77448567,False,0.0,no_fill,2026.04.13 18:57:23
77448535,False,0.0,no_fill,2026.04.13 18:57:11
77448492,False,0.0,no_fill,2026.04.13 18:56:57
77448476,False,0.0,no_fill,2026.04.13 18:56:44
77425506,False,0.0,no_fill,2026.04.13 16:34:01
77425435,False,0.0,no_fill,2026.04.13 16:33:43
77398166,False,0.0,no_fill,2026.04.13 13:02:36
77398156,False,0.0,no_fill,2026.04.13 13:02:19
77398074,False,0.0,no_fill,2026.04.13 13:01:40
77398058,False,0.0,no_fill,2026.04.13 13:01:21
77384274,False,0.0,no_fill,2026.04.13 10:49:43
77384246,False,0.0,no_fill,2026.04.13 10:49:28
77287801,False,0.0,no_fill,2026.04.10 16:01:43
77287749,False,0.0,no_fill,2026.04.10 16:01:18
77287702,False,0.0,no_fill,2026.04.10 16:01:01
77191588,False,0.0,no_fill,2026.04.09 17:00:09
77191520,False,0.0,no_fill,2026.04.09 16:59:55
77191498,False,0.0,no_fill,2026.04.09 16:59:39
77185031,False,0.0,no_fill,2026.04.09 16:15:21
77184951,False,0.0,no_fill,2026.04.09 16:15:05
77184896,False,0.0,no_fill,2026.04.09 16:14:44
77064514,True,-5.18,sl,2026.04.08 15:58:50
77064503,True,-5.18,sl,2026.04.08 15:58:33
77064473,True,-5.18,sl,2026.04.08 15:57:59
77044557,True,19.82,tp,2026.04.08 12:58:24
77044515,True,19.82,tp,2026.04.08 12:58:11
77044495,True,19.82,tp,2026.04.08 12:57:57
77024781,False,0.0,no_fill,2026.04.08 10:02:56
77024741,False,0.0,no_fill,2026.04.08 10:02:43
77024689,False,0.0,no_fill,2026.04.08 10:02:28
76972830,False,0.0,no_fill,2026.04.08 01:25:23
76972827,False,0.0,no_fill,2026.04.08 01:25:07
76972810,False,0.0,no_fill,2026.04.08 01:24:46
76922064,False,0.0,no_fill,2026.04.07 14:28:31
76922044,False,0.0,no_fill,2026.04.07 14:28:06
76921993,False,0.0,no_fill,2026.04.07 14:27:45
76911784,False,0.0,no_fill,2026.04.07 13:00:14
76911764,False,0.0,no_fill,2026.04.07 13:00:03
76911711,False,0.0,no_fill,2026.04.07 12:59:46
76795023,False,0.0,no_fill,2026.04.06 11:22:09
76795009,False,0.0,no_fill,2026.04.06 11:21:58
76794928,False,0.0,no_fill,2026.04.06 11:21:16
76794906,False,0.0,no_fill,2026.04.06 11:21:02
76794896,False,0.0,no_fill,2026.04.06 11:20:47
76749273,False,0.0,no_fill,2026.04.06 01:19:41
76749222,False,0.0,no_fill,2026.04.06 01:18:46
76749206,False,0.0,no_fill,2026.04.06 01:18:25
76749191,False,0.0,no_fill,2026.04.06 01:18:03
76749164,False,0.0,no_fill,2026.04.06 01:17:42
76749013,False,0.0,no_fill,2026.04.06 01:15:50
76724329,False,0.0,no_fill,2026.04.02 19:03:32
76724283,False,0.0,no_fill,2026.04.02 19:02:55
76724252,False,0.0,no_fill,2026.04.02 19:02:31
76723993,False,0.0,no_fill,2026.04.02 19:00:02
76723949,False,0.0,no_fill,2026.04.02 18:59:50
76723936,False,0.0,no_fill,2026.04.02 18:59:34
76682499,False,0.0,no_fill,2026.04.02 13:08:00
76682492,False,0.0,no_fill,2026.04.02 13:07:45
76682476,False,0.0,no_fill,2026.04.02 13:07:29
76682453,False,0.0,no_fill,2026.04.02 13:07:14
76682427,False,0.0,no_fill,2026.04.02 13:07:00
76682405,False,0.0,no_fill,2026.04.02 13:06:45
76668362,False,0.0,no_fill,2026.04.02 10:22:21
76668331,False,0.0,no_fill,2026.04.02 10:22:08
76668301,False,0.0,no_fill,2026.04.02 10:21:49
76596422,False,0.0,no_fill,2026.04.01 19:07:23
76596408,False,0.0,no_fill,2026.04.01 19:07:03
76596364,True,19.82,tp,2026.04.01 19:06:13
76596284,True,19.82,tp,2026.04.01 19:04:59
76542983,False,0.0,no_fill,2026.04.01 10:09:03
76542958,False,0.0,no_fill,2026.04.01 10:08:48
76542931,False,0.0,no_fill,2026.04.01 10:08:34
76542758,False,0.0,no_fill,2026.04.01 10:07:20
76542711,False,0.0,no_fill,2026.04.01 10:07:06
76542670,False,0.0,no_fill,2026.04.01 10:06:52
76504826,False,0.0,no_fill,2026.04.01 01:39:05
76504805,False,0.0,no_fill,2026.04.01 01:38:46
76504637,False,0.0,no_fill,2026.04.01 01:38:12
76504563,False,0.0,no_fill,2026.04.01 01:36:45
76504538,False,0.0,no_fill,2026.04.01 01:36:22
76504530,False,0.0,no_fill,2026.04.01 01:35:40
76480545,False,0.0,no_fill,2026.03.31 18:04:17
76480521,False,0.0,no_fill,2026.03.31 18:04:02
76480489,False,0.0,no_fill,2026.03.31 18:03:41
76465408,False,0.0,no_fill,2026.03.31 16:03:50
76465390,False,0.0,no_fill,2026.03.31 16:03:38
76465378,False,0.0,no_fill,2026.03.31 16:03:25
76449146,False,0.0,no_fill,2026.03.31 12:45:59
76449129,False,0.0,no_fill,2026.03.31 12:45:37
76449117,False,0.0,no_fill,2026.03.31 12:45:23
76331238,False,0.0,no_fill,2026.03.30 09:51:49
76331222,False,0.0,no_fill,2026.03.30 09:51:37
76331208,False,0.0,no_fill,2026.03.30 09:51:26
76331149,True,19.82,tp,2026.03.30 09:50:47
76331108,True,19.82,tp,2026.03.30 09:50:24
76331069,True,19.82,tp,2026.03.30 09:50:08
76287926,True,19.82,tp,2026.03.30 01:10:37
76287905,True,19.82,tp,2026.03.30 01:10:16
76287830,True,19.82,tp,2026.03.30 01:09:35
76221912,False,0.0,no_fill,2026.03.27 13:10:18
76221864,False,0.0,no_fill,2026.03.27 13:09:32
76221810,False,0.0,no_fill,2026.03.27 13:09:11
76221657,False,0.0,no_fill,2026.03.27 13:06:24
76221625,False,0.0,no_fill,2026.03.27 13:05:52
76221614,False,0.0,no_fill,2026.03.27 13:05:34
76141714,False,0.0,no_fill,2026.03.26 16:52:50
76141676,False,0.0,no_fill,2026.03.26 16:52:36
76141635,False,0.0,no_fill,2026.03.26 16:52:22
75991035,False,0.0,no_fill,2026.03.25 09:47:51
75990913,False,0.0,no_fill,2026.03.25 09:46:17
75990858,False,0.0,no_fill,2026.03.25 09:45:16
75979502,False,0.0,no_fill,2026.03.25 07:03:29
75976147,False,0.0,no_fill,2026.03.25 06:07:27
75976136,False,0.0,no_fill,2026.03.25 06:07:17
75972158,False,0.0,no_fill,2026.03.25 05:17:50
75972104,False,0.0,no_fill,2026.03.25 05:16:19
75972088,False,0.0,no_fill,2026.03.25 05:16:04
75971867,False,0.0,no_fill,2026.03.25 05:13:01
75971837,False,0.0,no_fill,2026.03.25 05:12:40
75971774,False,0.0,no_fill,2026.03.25 05:11:54
75966917,False,0.0,no_fill,2026.03.25 04:23:34
75966898,False,0.0,no_fill,2026.03.25 04:23:16
75966859,False,0.0,no_fill,2026.03.25 04:22:40
75933547,False,0.0,no_fill,2026.03.24 18:17:22
75933504,False,0.0,no_fill,2026.03.24 18:16:47
75933462,False,0.0,no_fill,2026.03.24 18:16:18
75893207,False,0.0,no_fill,2026.03.24 13:05:22
75880992,False,0.0,no_fill,2026.03.24 10:59:33
75880972,False,0.0,no_fill,2026.03.24 10:59:18
75874335,False,0.0,no_fill,2026.03.24 10:01:44
75874310,False,0.0,no_fill,2026.03.24 10:01:27
75874277,False,0.0,no_fill,2026.03.24 10:01:11
75842939,False,0.0,no_fill,2026.03.24 05:16:45
75730291,False,0.0,no_fill,2026.03.23 13:32:22
75730280,False,0.0,no_fill,2026.03.23 13:32:09
75730257,False,0.0,no_fill,2026.03.23 13:31:48
75532630,False,0.0,no_fill,2026.03.20 14:15:21
75532592,False,0.0,no_fill,2026.03.20 14:15:00
75532556,False,0.0,no_fill,2026.03.20 14:14:45
75523887,False,0.0,no_fill,2026.03.20 13:03:46
75523847,False,0.0,no_fill,2026.03.20 13:03:29
75523798,False,0.0,no_fill,2026.03.20 13:03:10
75426230,False,0.0,no_fill,2026.03.19 17:19:53
75426145,False,0.0,no_fill,2026.03.19 17:19:36
75426024,False,0.0,no_fill,2026.03.19 17:19:12
75319122,True,-5.18,sl,2026.03.19 04:47:57
75319100,True,-5.18,sl,2026.03.19 04:47:43
75319089,True,-5.18,sl,2026.03.19 04:47:28
75315587,False,0.0,no_fill,2026.03.19 04:15:43
75315560,False,0.0,no_fill,2026.03.19 04:15:29
75315532,False,0.0,no_fill,2026.03.19 04:15:03
75262702,False,0.0,no_fill,2026.03.18 16:40:52
75262624,False,0.0,no_fill,2026.03.18 16:40:29
75262530,False,0.0,no_fill,2026.03.18 16:40:03
75250839,False,0.0,no_fill,2026.03.18 15:57:40
75250797,False,0.0,no_fill,2026.03.18 15:57:24
75250743,False,0.0,no_fill,2026.03.18 15:57:08
75213684,False,0.0,no_fill,2026.03.18 13:07:43
75213644,False,0.0,no_fill,2026.03.18 13:07:14
75213619,False,0.0,no_fill,2026.03.18 13:06:53
75213549,False,0.0,no_fill,2026.03.18 13:06:00
75213496,False,0.0,no_fill,2026.03.18 13:05:32
75213455,False,0.0,no_fill,2026.03.18 13:05:14
75198577,False,0.0,no_fill,2026.03.18 10:02:01
75198566,False,0.0,no_fill,2026.03.18 10:01:45
75198546,False,0.0,no_fill,2026.03.18 10:01:27
75185202,False,0.0,no_fill,2026.03.18 07:07:41
75185190,False,0.0,no_fill,2026.03.18 07:07:22
75185172,False,0.0,no_fill,2026.03.18 07:07:06
75169193,False,0.0,no_fill,2026.03.18 03:23:09
75169182,False,0.0,no_fill,2026.03.18 03:22:48
75169175,False,0.0,no_fill,2026.03.18 03:22:24
75169156,False,0.0,no_fill,2026.03.18 03:21:44
75169135,False,0.0,no_fill,2026.03.18 03:21:23
75169113,False,0.0,no_fill,2026.03.18 03:21:06
75130126,False,0.0,no_fill,2026.03.17 16:12:48
75130113,False,0.0,no_fill,2026.03.17 16:12:37
75130076,False,0.0,no_fill,2026.03.17 16:12:21
75130012,False,0.0,no_fill,2026.03.17 16:11:52
75129981,False,0.0,no_fill,2026.03.17 16:11:38
75129933,False,0.0,no_fill,2026.03.17 16:11:19
75114865,False,0.0,no_fill,2026.03.17 13:17:25
75114860,False,0.0,no_fill,2026.03.17 13:17:15
75114840,False,0.0,no_fill,2026.03.17 13:16:55
75114783,False,0.0,no_fill,2026.03.17 13:16:15
75114749,False,0.0,no_fill,2026.03.17 13:15:51
75114724,False,0.0,no_fill,2026.03.17 13:15:37
75098274,False,0.0,no_fill,2026.03.17 10:13:33
75098245,False,0.0,no_fill,2026.03.17 10:13:24
75098235,False,0.0,no_fill,2026.03.17 10:13:09
75080764,False,0.0,no_fill,2026.03.17 07:17:23
75080749,False,0.0,no_fill,2026.03.17 07:17:09
75080731,False,0.0,no_fill,2026.03.17 07:16:55
75080648,False,0.0,no_fill,2026.03.17 07:15:14
75080636,False,0.0,no_fill,2026.03.17 07:15:00
75080629,False,0.0,no_fill,2026.03.17 07:14:46
75073950,False,0.0,no_fill,2026.03.17 05:14:44
75073932,False,0.0,no_fill,2026.03.17 05:14:32
75073910,False,0.0,no_fill,2026.03.17 05:14:13
75065536,False,0.0,no_fill,2026.03.17 03:36:48
75065528,False,0.0,no_fill,2026.03.17 03:36:36
75065492,False,0.0,no_fill,2026.03.17 03:36:11
74958901,False,0.0,no_fill,2026.03.16 07:26:08
74958888,False,0.0,no_fill,2026.03.16 07:25:49
74958885,False,0.0,no_fill,2026.03.16 07:25:31
74944723,False,0.0,no_fill,2026.03.16 04:44:03
74944709,False,0.0,no_fill,2026.03.16 04:43:48
74944697,False,0.0,no_fill,2026.03.16 04:43:34
74891626,False,0.0,no_fill,2026.03.13 19:04:07
74891594,False,0.0,no_fill,2026.03.13 19:03:54
74891552,False,0.0,no_fill,2026.03.13 19:03:40
74891183,True,-5.18,sl,2026.03.13 19:02:29
74883935,True,-5.18,sl,2026.03.13 18:22:28
74883899,True,-5.18,sl,2026.03.13 18:22:10
74860697,False,0.0,no_fill,2026.03.13 16:12:56
74860680,False,0.0,no_fill,2026.03.13 16:12:42
74860649,False,0.0,no_fill,2026.03.13 16:12:25
74813910,False,0.0,no_fill,2026.03.13 09:51:34
74813860,False,0.0,no_fill,2026.03.13 09:51:21
74813837,False,0.0,no_fill,2026.03.13 09:51:05
74813781,False,0.0,no_fill,2026.03.13 09:50:46
74813755,False,0.0,no_fill,2026.03.13 09:50:31
74813610,False,0.0,no_fill,2026.03.13 09:49:33
74786768,False,0.0,no_fill,2026.03.13 04:06:32
74786743,False,0.0,no_fill,2026.03.13 04:06:20
74786713,False,0.0,no_fill,2026.03.13 04:06:02
74728100,False,0.0,no_fill,2026.03.12 16:44:39
74728024,False,0.0,no_fill,2026.03.12 16:44:25
74592303,False,0.0,no_fill,2026.03.11 16:00:37
74592224,False,0.0,no_fill,2026.03.11 16:00:19
74592096,False,0.0,no_fill,2026.03.11 16:00:05
74509376,True,19.82,tp,2026.03.11 03:29:58
74509366,True,19.82,tp,2026.03.11 03:29:42
74509357,True,19.82,tp,2026.03.11 03:29:15
74480489,False,0.0,no_fill,2026.03.10 19:12:39
74479860,False,0.0,no_fill,2026.03.10 19:03:33
74452439,False,0.0,no_fill,2026.03.10 16:09:31
74452411,False,0.0,no_fill,2026.03.10 16:09:16
74452353,False,0.0,no_fill,2026.03.10 16:09:03
74447934,False,0.0,no_fill,2026.03.10 15:39:34
74447909,False,0.0,no_fill,2026.03.10 15:39:21
74447895,False,0.0,no_fill,2026.03.10 15:39:08
74447879,False,0.0,no_fill,2026.03.10 15:38:49
74447858,False,0.0,no_fill,2026.03.10 15:38:37
74447828,False,0.0,no_fill,2026.03.10 15:38:20
74396317,False,0.0,no_fill,2026.03.10 07:01:27
74396289,False,0.0,no_fill,2026.03.10 07:01:16
74396269,False,0.0,no_fill,2026.03.10 07:01:05
74396248,False,0.0,no_fill,2026.03.10 07:00:50
74396206,False,0.0,no_fill,2026.03.10 07:00:36
74396184,False,0.0,no_fill,2026.03.10 07:00:23
74369758,False,0.0,no_fill,2026.03.10 03:02:15
74369730,False,0.0,no_fill,2026.03.10 03:02:01
74369550,True,19.82,tp,2026.03.10 03:00:50
74369504,False,0.0,no_fill,2026.03.10 03:00:31
74369469,False,0.0,no_fill,2026.03.10 03:00:18
74345457,False,0.0,no_fill,2026.03.09 18:46:34
74345430,False,0.0,no_fill,2026.03.09 18:46:21
74345374,False,0.0,no_fill,2026.03.09 18:46:05
74342888,False,0.0,no_fill,2026.03.09 18:23:51
74342757,False,0.0,no_fill,2026.03.09 18:23:23
74320203,False,0.0,no_fill,2026.03.09 16:35:01
74320117,False,0.0,no_fill,2026.03.09 16:34:42
74320062,False,0.0,no_fill,2026.03.09 16:34:28
74265589,False,0.0,no_fill,2026.03.09 10:13:01
74265551,False,0.0,no_fill,2026.03.09 10:12:43
74265539,False,0.0,no_fill,2026.03.09 10:12:30
74235400,False,0.0,no_fill,2026.03.09 06:58:06
74235371,False,0.0,no_fill,2026.03.09 06:57:44
74235350,False,0.0,no_fill,2026.03.09 06:57:24
74218158,False,0.0,no_fill,2026.03.09 05:03:54
74218097,False,0.0,no_fill,2026.03.09 05:03:39
74218044,False,0.0,no_fill,2026.03.09 05:03:22
74020209,False,0.0,no_fill,2026.03.06 01:18:13
74020174,False,0.0,no_fill,2026.03.06 01:17:48
74020161,False,0.0,no_fill,2026.03.06 01:17:21
74020138,False,0.0,no_fill,2026.03.06 01:16:38
74020131,False,0.0,no_fill,2026.03.06 01:16:23
74020122,False,0.0,no_fill,2026.03.06 01:15:34
74020090,False,0.0,no_fill,2026.03.06 01:14:49
74020084,False,0.0,no_fill,2026.03.06 01:14:22
74020038,False,0.0,no_fill,2026.03.06 01:13:04
73953279,True,-5.18,sl,2026.03.05 15:37:53
73953225,True,-5.18,sl,2026.03.05 15:37:32
73953130,True,-5.18,sl,2026.03.05 15:37:17
73842091,True,19.82,tp,2026.03.05 01:15:02
73842056,True,19.82,tp,2026.03.05 01:14:42
73842037,True,19.82,tp,2026.03.05 01:14:23
73841671,False,0.0,no_fill,2026.03.05 01:11:45
73841656,False,0.0,no_fill,2026.03.05 01:11:22
73841611,False,0.0,no_fill,2026.03.05 01:10:32
73755332,False,0.0,no_fill,2026.03.04 10:36:24
73755295,False,0.0,no_fill,2026.03.04 10:36:06
73755137,False,0.0,no_fill,2026.03.04 10:35:39
73685256,False,0.0,no_fill,2026.03.04 01:08:57
73685218,False,0.0,no_fill,2026.03.04 01:08:30
73685186,False,0.0,no_fill,2026.03.04 01:08:09
73685169,False,0.0,no_fill,2026.03.04 01:07:32
73685160,False,0.0,no_fill,2026.03.04 01:07:09
73685156,False,0.0,no_fill,2026.03.04 01:06:47
73685130,False,0.0,no_fill,2026.03.04 01:06:04
73685114,False,0.0,no_fill,2026.03.04 01:05:47
73685105,False,0.0,no_fill,2026.03.04 01:05:32
73565637,False,0.0,no_fill,2026.03.03 12:25:27
73565583,True,-5.18,sl,2026.03.03 12:24:49
73565564,True,-5.18,sl,2026.03.03 12:24:34
73565545,True,-5.18,sl,2026.03.03 12:24:03
73565534,True,-5.18,sl,2026.03.03 12:23:49
73565481,True,-5.18,sl,2026.03.03 12:22:53
73168945,True,-5.18,sl,2026.02.27 16:01:48
73168923,True,-5.18,sl,2026.02.27 16:01:36
73168887,True,-5.18,sl,2026.02.27 16:01:23
73145315,False,0.0,no_fill,2026.02.27 13:07:18
73145301,False,0.0,no_fill,2026.02.27 13:07:00
73145293,False,0.0,no_fill,2026.02.27 13:06:45
73132701,False,0.0,no_fill,2026.02.27 10:29:26
73132677,False,0.0,no_fill,2026.02.27 10:29:08
73132666,False,0.0,no_fill,2026.02.27 10:28:56
73101888,False,0.0,no_fill,2026.02.27 04:08:41
73101866,False,0.0,no_fill,2026.02.27 04:08:22
73101780,False,0.0,no_fill,2026.02.27 04:08:02
73087195,False,0.0,no_fill,2026.02.27 01:21:15
73087179,False,0.0,no_fill,2026.02.27 01:20:55
73087159,False,0.0,no_fill,2026.02.27 01:20:36
73041126,False,0.0,no_fill,2026.02.26 15:56:24
73041110,False,0.0,no_fill,2026.02.26 15:56:04
73041098,False,0.0,no_fill,2026.02.26 15:55:47
72999534,False,0.0,no_fill,2026.02.26 09:39:39
72999510,False,0.0,no_fill,2026.02.26 09:39:29
72999482,False,0.0,no_fill,2026.02.26 09:39:12
72971845,False,0.0,no_fill,2026.02.26 04:05:44
72971837,False,0.0,no_fill,2026.02.26 04:05:32
72971819,False,0.0,no_fill,2026.02.26 04:05:18
72956413,False,0.0,no_fill,2026.02.26 01:39:04
72956393,False,0.0,no_fill,2026.02.26 01:38:40
72956383,False,0.0,no_fill,2026.02.26 01:38:24
72956314,False,0.0,no_fill,2026.02.26 01:37:29
72956294,False,0.0,no_fill,2026.02.26 01:36:55
72956250,False,0.0,no_fill,2026.02.26 01:36:36
72918935,False,0.0,no_fill,2026.02.25 16:02:59
72918910,False,0.0,no_fill,2026.02.25 16:02:43
72918880,False,0.0,no_fill,2026.02.25 16:02:23
72905459,False,0.0,no_fill,2026.02.25 13:21:23
72905433,False,0.0,no_fill,2026.02.25 13:21:06
72905232,False,0.0,no_fill,2026.02.25 13:19:19
72904352,False,0.0,no_fill,2026.02.25 13:16:00
72904283,False,0.0,no_fill,2026.02.25 13:15:43
72904238,False,0.0,no_fill,2026.02.25 13:15:23
72904027,False,0.0,no_fill,2026.02.25 13:14:12
72903982,False,0.0,no_fill,2026.02.25 13:13:52
72903953,False,0.0,no_fill,2026.02.25 13:13:35
72898143,False,0.0,no_fill,2026.02.25 12:20:24
72898013,False,0.0,no_fill,2026.02.25 12:19:51
72897988,False,0.0,no_fill,2026.02.25 12:19:29
72887248,False,0.0,no_fill,2026.02.25 10:14:09
72887226,False,0.0,no_fill,2026.02.25 10:13:46
72887195,False,0.0,no_fill,2026.02.25 10:13:27
72886178,False,0.0,no_fill,2026.02.25 09:56:43
72886157,False,0.0,no_fill,2026.02.25 09:56:30
72811608,True,-5.18,sl,2026.02.24 16:28:44
72811582,True,-5.18,sl,2026.02.24 16:28:33
72811555,True,-5.18,sl,2026.02.24 16:28:21
72735481,True,-5.18,sl,2026.02.24 03:44:43
72735461,True,-5.18,sl,2026.02.24 03:44:13
72735445,True,-5.18,sl,2026.02.24 03:43:53
72685691,True,-5.18,sl,2026.02.23 17:06:51
72685637,True,-5.18,sl,2026.02.23 17:06:37
72685605,True,-5.18,sl,2026.02.23 17:06:20
72670950,False,0.0,no_fill,2026.02.23 15:28:51
72670928,False,0.0,no_fill,2026.02.23 15:28:37
72670902,False,0.0,no_fill,2026.02.23 15:28:21
72643292,False,0.0,no_fill,2026.02.23 10:35:55
72643278,False,0.0,no_fill,2026.02.23 10:35:41
72643237,False,0.0,no_fill,2026.02.23 10:35:10
72590108,True,-5.18,sl,2026.02.23 01:44:17
72589951,True,-5.18,sl,2026.02.23 01:43:57
72589915,True,-5.18,sl,2026.02.23 01:43:37
72587293,False,0.0,no_fill,2026.02.23 01:16:19
72587123,False,0.0,no_fill,2026.02.23 01:15:37
72586864,False,0.0,no_fill,2026.02.23 01:14:56
72586614,False,0.0,no_fill,2026.02.23 01:13:50
72586586,False,0.0,no_fill,2026.02.23 01:13:28
72586469,False,0.0,no_fill,2026.02.23 01:12:14
72525911,False,0.0,no_fill,2026.02.20 13:55:38
72525895,False,0.0,no_fill,2026.02.20 13:55:26
72525876,False,0.0,no_fill,2026.02.20 13:55:07
72517876,False,0.0,no_fill,2026.02.20 11:41:58
72517862,False,0.0,no_fill,2026.02.20 11:41:31
72517850,False,0.0,no_fill,2026.02.20 11:41:07
72517752,True,-5.18,sl,2026.02.20 11:38:26
72517734,True,-5.18,sl,2026.02.20 11:38:04
72517720,True,-5.18,sl,2026.02.20 11:37:45
72501446,False,0.0,no_fill,2026.02.20 08:04:03
72501432,False,0.0,no_fill,2026.02.20 08:03:41
72501412,False,0.0,no_fill,2026.02.20 08:03:19
72426916,False,0.0,no_fill,2026.02.19 10:14:20
72426908,False,0.0,no_fill,2026.02.19 10:14:06
72416074,False,0.0,no_fill,2026.02.19 07:11:01
72416054,False,0.0,no_fill,2026.02.19 07:10:37
72415989,False,0.0,no_fill,2026.02.19 07:09:56
72372430,False,0.0,no_fill,2026.02.18 15:49:51
72372414,False,0.0,no_fill,2026.02.18 15:49:33
72372406,False,0.0,no_fill,2026.02.18 15:49:18
72363579,True,-5.18,sl,2026.02.18 14:20:52
72363549,True,-5.18,sl,2026.02.18 14:20:39
72363500,True,-5.18,sl,2026.02.18 14:20:24
72269369,False,0.0,no_fill,2026.02.17 13:45:36
72269359,False,0.0,no_fill,2026.02.17 13:45:22
72269342,False,0.0,no_fill,2026.02.17 13:45:09
72162445,False,0.0,no_fill,2026.02.16 09:59:42
72162438,False,0.0,no_fill,2026.02.16 09:59:28
72162434,False,0.0,no_fill,2026.02.16 09:59:16
72074345,False,0.0,no_fill,2026.02.13 15:50:23
72074270,False,0.0,no_fill,2026.02.13 15:50:02
72074231,False,0.0,no_fill,2026.02.13 15:49:48
72057968,False,0.0,no_fill,2026.02.13 13:14:57
72057954,False,0.0,no_fill,2026.02.13 13:14:41
72057915,False,0.0,no_fill,2026.02.13 13:14:24
72015562,False,0.0,no_fill,2026.02.13 06:55:39
72015545,False,0.0,no_fill,2026.02.13 06:55:22
72015535,False,0.0,no_fill,2026.02.13 06:55:07
72015505,False,0.0,no_fill,2026.02.13 06:54:13
72015489,False,0.0,no_fill,2026.02.13 06:53:57
72015477,False,0.0,no_fill,2026.02.13 06:53:40
71847254,False,0.0,no_fill,2026.02.12 03:44:41
71847231,False,0.0,no_fill,2026.02.12 03:44:16
71847212,False,0.0,no_fill,2026.02.12 03:44:02
71753142,False,0.0,no_fill,2026.02.11 12:09:30
71753138,False,0.0,no_fill,2026.02.11 12:09:18
71753132,False,0.0,no_fill,2026.02.11 12:09:06
71726221,False,0.0,no_fill,2026.02.11 07:01:15
71726194,False,0.0,no_fill,2026.02.11 07:00:59
71726150,False,0.0,no_fill,2026.02.11 07:00:39
71700795,False,0.0,no_fill,2026.02.11 01:11:25
71700791,False,0.0,no_fill,2026.02.11 01:11:09
71700782,False,0.0,no_fill,2026.02.11 01:10:54
71639795,False,0.0,no_fill,2026.02.10 13:15:06
71639768,False,0.0,no_fill,2026.02.10 13:14:41
71639755,False,0.0,no_fill,2026.02.10 13:14:26
71623202,False,0.0,no_fill,2026.02.10 10:16:45
71623165,False,0.0,no_fill,2026.02.10 10:16:30
71623155,False,0.0,no_fill,2026.02.10 10:16:15
71532786,False,0.0,no_fill,2026.02.09 15:47:22
71532764,False,0.0,no_fill,2026.02.09 15:47:05
71532738,False,0.0,no_fill,2026.02.09 15:46:51
71509246,False,0.0,no_fill,2026.02.09 12:24:46
71509231,False,0.0,no_fill,2026.02.09 12:24:28
71509185,False,0.0,no_fill,2026.02.09 12:23:55
71502603,False,0.0,no_fill,2026.02.09 11:25:54
71502595,False,0.0,no_fill,2026.02.09 11:25:36
71502587,False,0.0,no_fill,2026.02.09 11:25:22
71444390,False,0.0,no_fill,2026.02.09 02:25:22
71444318,False,0.0,no_fill,2026.02.09 02:25:03
71444249,False,0.0,no_fill,2026.02.09 02:24:39
