ticket,direction,open_time,orig_limit_price,entry,filled,sl5_net,sl5_exit,sl7_net,sl7_exit,fill_time_m5,sl5_price,sl7_price,sl5_at_orig,tp20_price,delta_sl7_minus_sl5
81078164,sell,2026.05.22 07:21:42,4555.0,,False,0.0,no_fill,0.0,no_fill,,,,,,
81078140,sell,2026.05.22 07:21:21,4554.0,,False,0.0,no_fill,0.0,no_fill,,,,,,
81078106,sell,2026.05.22 07:20:31,4553.0,,False,0.0,no_fill,0.0,no_fill,,,,,,
81056154,buy,2026.05.22 01:12:28,4514.0,,False,0.0,no_fill,0.0,no_fill,,,,,,
81056145,buy,2026.05.22 01:12:05,4515.0,,False,0.0,no_fill,0.0,no_fill,,,,,,
81056140,buy,2026.05.22 01:11:46,4516.0,,False,0.0,no_fill,0.0,no_fill,,,,,,
80992262,buy,2026.05.21 13:03:39,4494.0,,False,0.0,no_fill,0.0,no_fill,,,,,,
80992238,buy,2026.05.21 13:03:19,4495.0,,False,0.0,no_fill,0.0,no_fill,,,,,,
80992200,buy,2026.05.21 13:02:38,4496.0,,False,0.0,no_fill,0.0,no_fill,,,,,,
80974256,sell,2026.05.21 10:25:29,4543.0,4541.0,True,19.82,tp,19.82,tp,2026-05-21 09:15:00,4546.0,4548.0,4548.0,4521.0,0.0
80974202,sell,2026.05.21 10:25:14,4542.0,4540.0,True,19.82,tp,19.82,tp,2026-05-21 09:10:00,4545.0,4547.0,4547.0,4520.0,0.0
80974029,sell,2026.05.21 10:24:55,4541.0,4539.0,True,19.82,tp,19.82,tp,2026-05-21 09:10:00,4544.0,4546.0,4546.0,4519.0,0.0
80900806,buy,2026.05.20 18:34:39,4451.5,,False,0.0,no_fill,0.0,no_fill,,,,,,
80900754,buy,2026.05.20 18:34:10,4450.5,,False,0.0,no_fill,0.0,no_fill,,,,,,
80900676,buy,2026.05.20 18:33:17,4449.5,,False,0.0,no_fill,0.0,no_fill,,,,,,
80899815,sell,2026.05.20 18:27:08,4553.0,,False,0.0,no_fill,0.0,no_fill,,,,,,
80899722,sell,2026.05.20 18:26:38,4554.0,,False,0.0,no_fill,0.0,no_fill,,,,,,
80899445,sell,2026.05.20 18:25:17,4555.0,,False,0.0,no_fill,0.0,no_fill,,,,,,
80873280,buy,2026.05.20 16:08:25,4465.0,,False,0.0,no_fill,0.0,no_fill,,,,,,
80873249,buy,2026.05.20 16:08:09,4466.0,4468.0,True,19.82,tp,19.82,tp,2026-05-20 14:10:00,4463.0,4461.0,4461.0,4488.0,0.0
80873171,buy,2026.05.20 16:07:31,4467.0,4469.0,True,19.82,tp,19.82,tp,2026-05-20 14:10:00,4464.0,4462.0,4462.0,4489.0,0.0
80749349,sell,2026.05.19 16:42:26,4517.5,,False,0.0,no_fill,0.0,no_fill,,,,,,
80749246,sell,2026.05.19 16:42:05,4516.5,,False,0.0,no_fill,0.0,no_fill,,,,,,
80749150,sell,2026.05.19 16:41:46,4515.5,4513.5,True,19.82,tp,19.82,tp,2026-05-19 14:05:00,4518.5,4520.5,4520.5,4493.5,0.0
80735996,sell,2026.05.19 15:59:45,4572.0,,False,0.0,no_fill,0.0,no_fill,,,,,,
80735997,sell,2026.05.19 15:59:45,4573.0,,False,0.0,no_fill,0.0,no_fill,,,,,,
80735853,sell,2026.05.19 15:57:42,4571.0,,False,0.0,no_fill,0.0,no_fill,,,,,,
80721005,sell,2026.05.19 13:37:55,4597.0,,False,0.0,no_fill,0.0,no_fill,,,,,,
80720970,sell,2026.05.19 13:37:39,4596.0,,False,0.0,no_fill,0.0,no_fill,,,,,,
80720962,sell,2026.05.19 13:37:13,4595.0,,False,0.0,no_fill,0.0,no_fill,,,,,,
80720375,sell,2026.05.19 13:22:54,4587.0,,False,0.0,no_fill,0.0,no_fill,,,,,,
80720359,sell,2026.05.19 13:22:37,4586.0,,False,0.0,no_fill,0.0,no_fill,,,,,,
80720351,sell,2026.05.19 13:22:17,4585.0,,False,0.0,no_fill,0.0,no_fill,,,,,,
80667126,sell,2026.05.19 05:10:04,4581.0,,False,0.0,no_fill,0.0,no_fill,,,,,,
80667079,sell,2026.05.19 05:09:41,4580.0,,False,0.0,no_fill,0.0,no_fill,,,,,,
80667003,sell,2026.05.19 05:09:20,4579.0,,False,0.0,no_fill,0.0,no_fill,,,,,,
80615999,buy,2026.05.18 16:18:51,4515.0,4517.0,True,-5.18,sl,-7.18,sl,2026-05-19 13:05:00,4512.0,4510.0,4510.0,4537.0,-2.0
80615982,buy,2026.05.18 16:18:34,4514.0,4516.0,True,-5.18,sl,-7.18,sl,2026-05-19 13:05:00,4511.0,4509.0,4509.0,4536.0,-2.0
80615968,buy,2026.05.18 16:18:20,4513.0,4515.0,True,-5.18,sl,-7.18,sl,2026-05-19 13:05:00,4510.0,4508.0,4508.0,4535.0,-2.0
80614621,sell,2026.05.18 16:04:45,4597.0,,False,0.0,no_fill,0.0,no_fill,,,,,,
80614445,sell,2026.05.18 16:03:34,4596.0,,False,0.0,no_fill,0.0,no_fill,,,,,,
80614256,sell,2026.05.18 16:02:35,4595.0,,False,0.0,no_fill,0.0,no_fill,,,,,,
80577101,buy,2026.05.18 10:09:17,4501.0,,False,0.0,no_fill,0.0,no_fill,,,,,,
80576994,buy,2026.05.18 10:08:45,4502.0,,False,0.0,no_fill,0.0,no_fill,,,,,,
80576971,buy,2026.05.18 10:08:18,4503.0,,False,0.0,no_fill,0.0,no_fill,,,,,,
80576933,sell,2026.05.18 10:07:40,4583.0,,False,0.0,no_fill,0.0,no_fill,,,,,,
80576918,sell,2026.05.18 10:07:25,4582.0,,False,0.0,no_fill,0.0,no_fill,,,,,,
80576897,sell,2026.05.18 10:07:02,4581.0,,False,0.0,no_fill,0.0,no_fill,,,,,,
80513250,sell,2026.05.18 01:21:31,4621.0,,False,0.0,no_fill,0.0,no_fill,,,,,,
80513192,sell,2026.05.18 01:21:00,4620.0,,False,0.0,no_fill,0.0,no_fill,,,,,,
80513134,sell,2026.05.18 01:20:25,4619.0,,False,0.0,no_fill,0.0,no_fill,,,,,,
80468142,sell,2026.05.15 16:03:32,4575.0,,False,0.0,no_fill,0.0,no_fill,,,,,,
80468096,sell,2026.05.15 16:03:09,4574.0,,False,0.0,no_fill,0.0,no_fill,,,,,,
80468032,sell,2026.05.15 16:02:53,4573.0,,False,0.0,no_fill,0.0,no_fill,,,,,,
80448448,sell,2026.05.15 12:58:35,4574.0,4572.0,True,19.82,tp,19.82,tp,2026-05-15 10:50:00,4577.0,4579.0,4579.0,4552.0,0.0
80448423,sell,2026.05.15 12:58:17,4573.0,4571.0,True,19.82,tp,19.82,tp,2026-05-15 10:50:00,4576.0,4578.0,4578.0,4551.0,0.0
80364068,sell,2026.05.15 01:20:17,4682.0,,False,0.0,no_fill,0.0,no_fill,,,,,,
80364021,sell,2026.05.15 01:19:58,4681.0,,False,0.0,no_fill,0.0,no_fill,,,,,,
80364006,sell,2026.05.15 01:19:28,4680.0,,False,0.0,no_fill,0.0,no_fill,,,,,,
80323679,sell,2026.05.14 15:53:00,4730.3,,False,0.0,no_fill,0.0,no_fill,,,,,,
80323642,sell,2026.05.14 15:52:43,4729.3,,False,0.0,no_fill,0.0,no_fill,,,,,,
80323605,sell,2026.05.14 15:52:12,4728.3,,False,0.0,no_fill,0.0,no_fill,,,,,,
80233903,buy,2026.05.13 19:13:34,4662.0,,False,0.0,no_fill,0.0,no_fill,,,,,,
80233891,buy,2026.05.13 19:13:16,4663.0,,False,0.0,no_fill,0.0,no_fill,,,,,,
80233869,buy,2026.05.13 19:12:53,4664.0,,False,0.0,no_fill,0.0,no_fill,,,,,,
80211910,sell,2026.05.13 16:09:44,4710.5,4708.5,True,19.82,tp,19.82,tp,2026-05-13 16:20:00,4713.5,4715.5,4715.5,4688.5,0.0
80194917,buy,2026.05.13 13:10:04,4661.3,,False,0.0,no_fill,0.0,no_fill,,,,,,
80194819,buy,2026.05.13 13:09:49,4662.3,,False,0.0,no_fill,0.0,no_fill,,,,,,
80194493,buy,2026.05.13 13:08:27,4663.3,,False,0.0,no_fill,0.0,no_fill,,,,,,
80194206,sell,2026.05.13 13:05:41,4717.0,,False,0.0,no_fill,0.0,no_fill,,,,,,
80194191,sell,2026.05.13 13:05:24,4716.0,,False,0.0,no_fill,0.0,no_fill,,,,,,
80194165,sell,2026.05.13 13:04:57,4715.0,,False,0.0,no_fill,0.0,no_fill,,,,,,
80178334,sell,2026.05.13 10:03:44,4714.0,,False,0.0,no_fill,0.0,no_fill,,,,,,
80178269,sell,2026.05.13 10:03:15,4713.0,,False,0.0,no_fill,0.0,no_fill,,,,,,
80166150,sell,2026.05.13 07:59:03,4735.5,,False,0.0,no_fill,0.0,no_fill,,,,,,
80166133,sell,2026.05.13 07:58:40,4734.5,,False,0.0,no_fill,0.0,no_fill,,,,,,
80166061,sell,2026.05.13 07:57:53,4733.5,,False,0.0,no_fill,0.0,no_fill,,,,,,
80165949,sell,2026.05.13 07:55:12,4715.5,4713.5,True,19.82,tp,19.82,tp,2026-05-13 06:15:00,4718.5,4720.5,4720.5,4693.5,0.0
80165927,sell,2026.05.13 07:54:59,4714.5,4712.5,True,19.82,tp,19.82,tp,2026-05-13 06:05:00,4717.5,4719.5,4719.5,4692.5,0.0
80073464,buy,2026.05.12 12:58:09,4674.0,4676.0,True,-5.18,sl,-7.18,sl,2026-05-12 14:00:00,4671.0,4669.0,4669.0,4696.0,-2.0
80073456,buy,2026.05.12 12:57:47,4675.0,4677.0,True,-5.18,sl,-7.18,sl,2026-05-12 13:55:00,4672.0,4670.0,4670.0,4697.0,-2.0
80073414,buy,2026.05.12 12:57:07,4676.0,4678.0,True,-5.18,sl,-7.18,sl,2026-05-12 13:55:00,4673.0,4671.0,4671.0,4698.0,-2.0
80060002,sell,2026.05.12 10:14:11,4734.0,,False,0.0,no_fill,0.0,no_fill,,,,,,
80059980,sell,2026.05.12 10:13:57,4733.0,,False,0.0,no_fill,0.0,no_fill,,,,,,
80059812,sell,2026.05.12 10:12:14,4732.0,,False,0.0,no_fill,0.0,no_fill,,,,,,
80059211,buy,2026.05.12 10:09:05,4687.0,,False,0.0,no_fill,0.0,no_fill,,,,,,
80059132,buy,2026.05.12 10:08:45,4688.0,,False,0.0,no_fill,0.0,no_fill,,,,,,
80059093,buy,2026.05.12 10:08:27,4689.0,,False,0.0,no_fill,0.0,no_fill,,,,,,
79876322,buy,2026.05.11 01:14:46,4612.0,,False,0.0,no_fill,0.0,no_fill,,,,,,
79876277,buy,2026.05.11 01:14:25,4613.0,,False,0.0,no_fill,0.0,no_fill,,,,,,
79876226,buy,2026.05.11 01:14:00,4614.0,,False,0.0,no_fill,0.0,no_fill,,,,,,
79818360,buy,2026.05.08 14:24:24,4645.0,,False,0.0,no_fill,0.0,no_fill,,,,,,
79818353,buy,2026.05.08 14:24:06,4646.0,,False,0.0,no_fill,0.0,no_fill,,,,,,
79818333,buy,2026.05.08 14:23:28,4647.0,4649.0,True,19.82,tp,19.82,tp,2026-05-11 05:55:00,4644.0,4642.0,4642.0,4669.0,0.0
79811095,buy,2026.05.08 12:52:31,4704.0,,False,0.0,no_fill,0.0,no_fill,,,,,,
79811080,buy,2026.05.08 12:52:23,4705.0,,False,0.0,no_fill,0.0,no_fill,,,,,,
79811037,buy,2026.05.08 12:52:11,4706.0,4708.0,True,19.82,tp,19.82,tp,2026-05-08 09:55:00,4703.0,4701.0,4701.0,4728.0,0.0
79788132,buy,2026.05.08 09:04:01,4714.0,,False,0.0,no_fill,0.0,no_fill,,,,,,
79788025,buy,2026.05.08 09:03:36,4714.0,,False,0.0,no_fill,0.0,no_fill,,,,,,
79775448,buy,2026.05.08 06:04:24,4688.0,,False,0.0,no_fill,0.0,no_fill,,,,,,
79775424,buy,2026.05.08 06:04:07,4688.0,,False,0.0,no_fill,0.0,no_fill,,,,,,
79765188,buy,2026.05.08 04:05:57,4659.5,,False,0.0,no_fill,0.0,no_fill,,,,,,
79765143,buy,2026.05.08 04:05:44,4664.5,,False,0.0,no_fill,0.0,no_fill,,,,,,
79765103,buy,2026.05.08 04:05:24,4669.5,,False,0.0,no_fill,0.0,no_fill,,,,,,
79583913,buy,2026.05.06 13:35:41,4650.5,,False,0.0,no_fill,0.0,no_fill,,,,,,
79583899,buy,2026.05.06 13:35:24,4615.0,,False,0.0,no_fill,0.0,no_fill,,,,,,
79583877,buy,2026.05.06 13:35:04,4654.5,,False,0.0,no_fill,0.0,no_fill,,,,,,
79557466,buy,2026.05.06 10:01:42,4620.0,,False,0.0,no_fill,0.0,no_fill,,,,,,
79557406,buy,2026.05.06 10:01:27,4625.0,,False,0.0,no_fill,0.0,no_fill,,,,,,
79557384,buy,2026.05.06 10:01:13,4614.5,,False,0.0,no_fill,0.0,no_fill,,,,,,
79557214,buy,2026.05.06 10:00:12,4647.0,,False,0.0,no_fill,0.0,no_fill,,,,,,
79557091,buy,2026.05.06 09:59:49,4652.0,,False,0.0,no_fill,0.0,no_fill,,,,,,
79556977,buy,2026.05.06 09:59:34,4657.0,4659.0,True,19.82,tp,19.82,tp,2026-05-06 07:10:00,4654.0,4652.0,4652.0,4679.0,0.0
79542903,buy,2026.05.06 07:17:18,4607.0,,False,0.0,no_fill,0.0,no_fill,,,,,,
79542891,buy,2026.05.06 07:17:06,4607.0,,False,0.0,no_fill,0.0,no_fill,,,,,,
79542880,buy,2026.05.06 07:16:54,4607.0,,False,0.0,no_fill,0.0,no_fill,,,,,,
79542871,buy,2026.05.06 07:16:39,4617.0,,False,0.0,no_fill,0.0,no_fill,,,,,,
79542854,buy,2026.05.06 07:16:24,4617.0,,False,0.0,no_fill,0.0,no_fill,,,,,,
79542833,buy,2026.05.06 07:16:12,4617.0,,False,0.0,no_fill,0.0,no_fill,,,,,,
79542815,buy,2026.05.06 07:15:55,4627.0,,False,0.0,no_fill,0.0,no_fill,,,,,,
79542781,buy,2026.05.06 07:15:39,4627.0,,False,0.0,no_fill,0.0,no_fill,,,,,,
79542760,buy,2026.05.06 07:15:27,4627.0,,False,0.0,no_fill,0.0,no_fill,,,,,,
79539629,buy,2026.05.06 06:27:52,4602.0,,False,0.0,no_fill,0.0,no_fill,,,,,,
79539607,buy,2026.05.06 06:27:33,4607.0,,False,0.0,no_fill,0.0,no_fill,,,,,,
79539551,buy,2026.05.06 06:26:56,4612.0,,False,0.0,no_fill,0.0,no_fill,,,,,,
79525900,buy,2026.05.06 04:00:33,4576.0,,False,0.0,no_fill,0.0,no_fill,,,,,,
79525784,buy,2026.05.06 04:00:10,4581.0,,False,0.0,no_fill,0.0,no_fill,,,,,,
79525599,buy,2026.05.06 03:59:42,4586.0,,False,0.0,no_fill,0.0,no_fill,,,,,,
79484836,buy,2026.05.05 16:34:38,4566.0,4568.0,True,-5.18,sl,-7.18,sl,2026-05-05 14:15:00,4563.0,4561.0,4561.0,4588.0,-2.0
79461298,buy,2026.05.05 12:32:02,4506.0,,False,0.0,no_fill,0.0,no_fill,,,,,,
79461269,buy,2026.05.05 12:31:39,4511.0,,False,0.0,no_fill,0.0,no_fill,,,,,,
79461253,buy,2026.05.05 12:31:23,4516.0,,False,0.0,no_fill,0.0,no_fill,,,,,,
79360706,buy,2026.05.04 14:03:39,4536.0,,False,0.0,no_fill,0.0,no_fill,,,,,,
79360655,buy,2026.05.04 14:03:19,4541.0,,False,0.0,no_fill,0.0,no_fill,,,,,,
79360093,buy,2026.05.04 14:00:39,4546.0,,False,0.0,no_fill,0.0,no_fill,,,,,,
79249337,buy,2026.05.01 16:29:57,4561.0,,False,0.0,no_fill,0.0,no_fill,,,,,,
79249288,buy,2026.05.01 16:29:28,4561.0,,False,0.0,no_fill,0.0,no_fill,,,,,,
79249189,buy,2026.05.01 16:28:50,4571.0,,False,0.0,no_fill,0.0,no_fill,,,,,,
79249166,buy,2026.05.01 16:28:28,4571.0,,False,0.0,no_fill,0.0,no_fill,,,,,,
79186734,buy,2026.05.01 01:17:16,4556.0,,False,0.0,no_fill,0.0,no_fill,,,,,,
79131537,buy,2026.04.30 13:00:01,4576.2,,False,0.0,no_fill,0.0,no_fill,,,,,,
79131493,buy,2026.04.30 12:59:36,4578.2,,False,0.0,no_fill,0.0,no_fill,,,,,,
79131468,buy,2026.04.30 12:59:04,4580.2,,False,0.0,no_fill,0.0,no_fill,,,,,,
79091798,buy,2026.04.30 06:43:06,4513.0,,False,0.0,no_fill,0.0,no_fill,,,,,,
79091765,buy,2026.04.30 06:42:54,4515.0,,False,0.0,no_fill,0.0,no_fill,,,,,,
79091716,buy,2026.04.30 06:42:01,4517.0,,False,0.0,no_fill,0.0,no_fill,,,,,,
78991292,buy,2026.04.29 12:09:21,4368.5,,False,0.0,no_fill,0.0,no_fill,,,,,,
78991270,buy,2026.04.29 12:09:07,4370.5,,False,0.0,no_fill,0.0,no_fill,,,,,,
78991230,buy,2026.04.29 12:08:33,4372.5,,False,0.0,no_fill,0.0,no_fill,,,,,,
78991208,buy,2026.04.29 12:08:09,4378.5,,False,0.0,no_fill,0.0,no_fill,,,,,,
78991194,buy,2026.04.29 12:07:53,4380.5,,False,0.0,no_fill,0.0,no_fill,,,,,,
78991163,buy,2026.04.29 12:07:29,4382.5,,False,0.0,no_fill,0.0,no_fill,,,,,,
78991056,buy,2026.04.29 12:06:34,4388.5,,False,0.0,no_fill,0.0,no_fill,,,,,,
78991027,buy,2026.04.29 12:06:18,4390.5,,False,0.0,no_fill,0.0,no_fill,,,,,,
78990980,buy,2026.04.29 12:05:39,4392.5,,False,0.0,no_fill,0.0,no_fill,,,,,,
78828637,sell,2026.04.28 10:31:41,4660.0,,False,0.0,no_fill,0.0,no_fill,,,,,,
78828614,sell,2026.04.28 10:31:29,4658.0,,False,0.0,no_fill,0.0,no_fill,,,,,,
78828600,sell,2026.04.28 10:31:17,4656.0,,False,0.0,no_fill,0.0,no_fill,,,,,,
78780499,sell,2026.04.28 01:08:10,4711.0,,False,0.0,no_fill,0.0,no_fill,,,,,,
78780480,sell,2026.04.28 01:07:57,4713.0,,False,0.0,no_fill,0.0,no_fill,,,,,,
78780472,sell,2026.04.28 01:07:34,4715.0,,False,0.0,no_fill,0.0,no_fill,,,,,,
78666382,sell,2026.04.27 01:17:36,4731.4,4729.4,True,19.82,tp,19.82,tp,2026-04-27 03:40:00,4734.4,4736.4,4736.4,4709.4,0.0
78666345,sell,2026.04.27 01:16:18,4733.4,,False,0.0,no_fill,0.0,no_fill,,,,,,
78466503,buy,2026.04.23 12:37:44,4603.0,,False,0.0,no_fill,0.0,no_fill,,,,,,
78466481,buy,2026.04.23 12:37:35,4605.0,,False,0.0,no_fill,0.0,no_fill,,,,,,
78466458,buy,2026.04.23 12:37:22,4607.0,,False,0.0,no_fill,0.0,no_fill,,,,,,
78466433,buy,2026.04.23 12:37:09,4613.0,,False,0.0,no_fill,0.0,no_fill,,,,,,
78466325,buy,2026.04.23 12:35:49,4615.0,,False,0.0,no_fill,0.0,no_fill,,,,,,
78466319,buy,2026.04.23 12:35:39,4617.0,,False,0.0,no_fill,0.0,no_fill,,,,,,
78466307,buy,2026.04.23 12:35:25,4623.0,,False,0.0,no_fill,0.0,no_fill,,,,,,
78466299,buy,2026.04.23 12:35:15,4625.0,,False,0.0,no_fill,0.0,no_fill,,,,,,
78466272,buy,2026.04.23 12:34:52,4627.0,,False,0.0,no_fill,0.0,no_fill,,,,,,
78461845,sell,2026.04.23 11:57:38,4740.8,,False,0.0,no_fill,0.0,no_fill,,,,,,
78461780,sell,2026.04.23 11:56:50,4738.8,,False,0.0,no_fill,0.0,no_fill,,,,,,
78461768,sell,2026.04.23 11:56:34,4736.8,,False,0.0,no_fill,0.0,no_fill,,,,,,
78382729,sell,2026.04.22 19:08:28,4754.0,4752.0,True,19.82,tp,19.82,tp,2026-04-23 00:30:00,4757.0,4759.0,4759.0,4732.0,0.0
78382512,buy,2026.04.22 19:05:57,4659.5,,False,0.0,no_fill,0.0,no_fill,,,,,,
78382372,buy,2026.04.22 19:05:03,4661.5,,False,0.0,no_fill,0.0,no_fill,,,,,,
78382342,buy,2026.04.22 19:04:48,4663.5,,False,0.0,no_fill,0.0,no_fill,,,,,,
78381406,buy,2026.04.22 18:53:41,4702.8,,False,0.0,no_fill,0.0,no_fill,,,,,,
78381379,buy,2026.04.22 18:53:19,4704.8,,False,0.0,no_fill,0.0,no_fill,,,,,,
78381365,buy,2026.04.22 18:53:03,4706.8,,False,0.0,no_fill,0.0,no_fill,,,,,,
78309453,buy,2026.04.22 06:34:45,4686.64,,False,0.0,no_fill,0.0,no_fill,,,,,,
78309426,buy,2026.04.22 06:34:19,4688.64,,False,0.0,no_fill,0.0,no_fill,,,,,,
78309391,buy,2026.04.22 06:33:47,4690.64,,False,0.0,no_fill,0.0,no_fill,,,,,,
78309172,buy,2026.04.22 06:31:55,4696.64,,False,0.0,no_fill,0.0,no_fill,,,,,,
78309049,buy,2026.04.22 06:30:24,4698.64,,False,0.0,no_fill,0.0,no_fill,,,,,,
78308805,buy,2026.04.22 06:29:27,4700.64,,False,0.0,no_fill,0.0,no_fill,,,,,,
78308474,buy,2026.04.22 06:26:14,4706.64,,False,0.0,no_fill,0.0,no_fill,,,,,,
78308358,buy,2026.04.22 06:24:40,4708.64,,False,0.0,no_fill,0.0,no_fill,,,,,,
78308318,buy,2026.04.22 06:24:11,4710.64,,False,0.0,no_fill,0.0,no_fill,,,,,,
78256448,sell,2026.04.21 19:19:44,4772.0,,False,0.0,no_fill,0.0,no_fill,,,,,,
78256422,sell,2026.04.21 19:19:24,4770.0,,False,0.0,no_fill,0.0,no_fill,,,,,,
78256396,sell,2026.04.21 19:19:01,4768.0,,False,0.0,no_fill,0.0,no_fill,,,,,,
78248105,sell,2026.04.21 18:24:04,4763.0,,False,0.0,no_fill,0.0,no_fill,,,,,,
78248049,sell,2026.04.21 18:23:47,4761.0,,False,0.0,no_fill,0.0,no_fill,,,,,,
78248006,sell,2026.04.21 18:23:32,4759.0,,False,0.0,no_fill,0.0,no_fill,,,,,,
78244240,buy,2026.04.21 18:05:43,4663.0,,False,0.0,no_fill,0.0,no_fill,,,,,,
78244122,buy,2026.04.21 18:05:27,4665.0,,False,0.0,no_fill,0.0,no_fill,,,,,,
78244068,buy,2026.04.21 18:05:12,4667.0,4669.0,True,19.82,tp,19.82,tp,2026-04-21 19:40:00,4664.0,4662.0,4662.0,4689.0,0.0
78077642,buy,2026.04.20 16:05:32,4773.0,,False,0.0,no_fill,0.0,no_fill,,,,,,
78077605,buy,2026.04.20 16:05:18,4780.0,,False,0.0,no_fill,0.0,no_fill,,,,,,
78077558,buy,2026.04.20 16:04:49,4787.0,,False,0.0,no_fill,0.0,no_fill,,,,,,
78050146,sell,2026.04.20 11:31:44,4823.0,,False,0.0,no_fill,0.0,no_fill,,,,,,
78050128,sell,2026.04.20 11:31:33,4818.0,,False,0.0,no_fill,0.0,no_fill,,,,,,
78050110,sell,2026.04.20 11:31:19,4813.0,,False,0.0,no_fill,0.0,no_fill,,,,,,
78049948,buy,2026.04.20 11:30:08,4750.0,,False,0.0,no_fill,0.0,no_fill,,,,,,
78049906,buy,2026.04.20 11:29:54,4755.0,,False,0.0,no_fill,0.0,no_fill,,,,,,
78049892,buy,2026.04.20 11:29:40,4760.0,,False,0.0,no_fill,0.0,no_fill,,,,,,
77922050,buy,2026.04.17 16:06:19,4821.7,,False,0.0,no_fill,0.0,no_fill,,,,,,
77854374,sell,2026.04.17 05:03:22,4815.0,,False,0.0,no_fill,0.0,no_fill,,,,,,
77854370,sell,2026.04.17 05:03:16,4810.0,,False,0.0,no_fill,0.0,no_fill,,,,,,
77822473,buy,2026.04.16 18:57:12,4786.0,4788.0,True,-5.18,sl,8.102000000000153,time,2026-04-16 16:30:00,4783.0,4781.0,4781.0,4808.0,13.282000000000153
77822415,buy,2026.04.16 18:56:58,4786.0,4788.0,True,-5.18,sl,8.102000000000153,time,2026-04-16 16:30:00,4783.0,4781.0,4781.0,4808.0,13.282000000000153
77822366,buy,2026.04.16 18:56:44,4786.0,4788.0,True,-5.18,sl,8.102000000000153,time,2026-04-16 16:30:00,4783.0,4781.0,4781.0,4808.0,13.282000000000153
77768685,buy,2026.04.16 11:24:54,4804.5,4806.5,True,-5.18,sl,-7.18,sl,2026-04-16 08:30:00,4801.5,4799.5,4799.5,4826.5,-2.0
77768524,buy,2026.04.16 11:22:49,4804.5,4806.5,True,-5.18,sl,-7.18,sl,2026-04-16 08:30:00,4801.5,4799.5,4799.5,4826.5,-2.0
77768508,buy,2026.04.16 11:22:37,4804.5,4806.5,True,-5.18,sl,-7.18,sl,2026-04-16 08:30:00,4801.5,4799.5,4799.5,4826.5,-2.0
77654656,buy,2026.04.15 12:49:36,4754.8,,False,0.0,no_fill,0.0,no_fill,,,,,,
77654545,buy,2026.04.15 12:49:00,4765.0,,False,0.0,no_fill,0.0,no_fill,,,,,,
77654485,buy,2026.04.15 12:48:26,4765.0,,False,0.0,no_fill,0.0,no_fill,,,,,,
77587963,buy,2026.04.14 23:56:44,4803.0,4805.0,True,-5.18,sl,-7.18,sl,2026-04-15 07:00:00,4800.0,4798.0,4798.0,4825.0,-2.0
77587957,buy,2026.04.14 23:56:27,4803.0,4805.0,True,-5.18,sl,-7.18,sl,2026-04-15 07:00:00,4800.0,4798.0,4798.0,4825.0,-2.0
77565250,buy,2026.04.14 17:56:43,4803.0,4805.0,True,-5.18,sl,-7.18,sl,2026-04-14 15:00:00,4800.0,4798.0,4798.0,4825.0,-2.0
77565076,buy,2026.04.14 17:55:46,4820.0,4822.0,True,-5.18,sl,-7.18,sl,2026-04-14 15:00:00,4817.0,4815.0,4815.0,4842.0,-2.0
77565031,buy,2026.04.14 17:55:31,4820.0,4822.0,True,-5.18,sl,-7.18,sl,2026-04-14 15:00:00,4817.0,4815.0,4815.0,4842.0,-2.0
77543604,buy,2026.04.14 15:52:23,4751.0,,False,0.0,no_fill,0.0,no_fill,,,,,,
77543570,buy,2026.04.14 15:52:13,4751.0,,False,0.0,no_fill,0.0,no_fill,,,,,,
77543429,buy,2026.04.14 15:51:53,4751.0,,False,0.0,no_fill,0.0,no_fill,,,,,,
77517933,buy,2026.04.14 11:59:51,4770.0,4772.0,True,-5.18,sl,-7.18,sl,2026-04-14 09:30:00,4767.0,4765.0,4765.0,4792.0,-2.0
77517917,buy,2026.04.14 11:59:39,4770.0,4772.0,True,-5.18,sl,-7.18,sl,2026-04-14 09:30:00,4767.0,4765.0,4765.0,4792.0,-2.0
77467092,buy,2026.04.14 01:16:27,4675.0,,False,0.0,no_fill,0.0,no_fill,,,,,,
77467083,buy,2026.04.14 01:16:06,4675.0,,False,0.0,no_fill,0.0,no_fill,,,,,,
77448567,buy,2026.04.13 18:57:23,4675.0,,False,0.0,no_fill,0.0,no_fill,,,,,,
77448535,buy,2026.04.13 18:57:11,4685.0,,False,0.0,no_fill,0.0,no_fill,,,,,,
77448492,buy,2026.04.13 18:56:57,4685.0,,False,0.0,no_fill,0.0,no_fill,,,,,,
77448476,buy,2026.04.13 18:56:44,4685.0,,False,0.0,no_fill,0.0,no_fill,,,,,,
77425506,sell,2026.04.13 16:34:01,4770.0,,False,0.0,no_fill,0.0,no_fill,,,,,,
77425435,sell,2026.04.13 16:33:43,4770.0,,False,0.0,no_fill,0.0,no_fill,,,,,,
77398166,sell,2026.04.13 13:02:36,4750.0,,False,0.0,no_fill,0.0,no_fill,,,,,,
77398156,sell,2026.04.13 13:02:19,4750.0,,False,0.0,no_fill,0.0,no_fill,,,,,,
77398074,buy,2026.04.13 13:01:40,4663.0,,False,0.0,no_fill,0.0,no_fill,,,,,,
77398058,buy,2026.04.13 13:01:21,4663.0,,False,0.0,no_fill,0.0,no_fill,,,,,,
77384274,buy,2026.04.13 10:49:43,4682.0,,False,0.0,no_fill,0.0,no_fill,,,,,,
77384246,buy,2026.04.13 10:49:28,4682.0,,False,0.0,no_fill,0.0,no_fill,,,,,,
77287801,buy,2026.04.10 16:01:43,4745.0,,False,0.0,no_fill,0.0,no_fill,,,,,,
77287749,buy,2026.04.10 16:01:18,4745.0,,False,0.0,no_fill,0.0,no_fill,,,,,,
77287702,buy,2026.04.10 16:01:01,4745.0,,False,0.0,no_fill,0.0,no_fill,,,,,,
77191588,buy,2026.04.09 17:00:09,4759.0,,False,0.0,no_fill,0.0,no_fill,,,,,,
77191520,buy,2026.04.09 16:59:55,4759.0,,False,0.0,no_fill,0.0,no_fill,,,,,,
77191498,buy,2026.04.09 16:59:39,4759.0,,False,0.0,no_fill,0.0,no_fill,,,,,,
77185031,buy,2026.04.09 16:15:21,4713.0,,False,0.0,no_fill,0.0,no_fill,,,,,,
77184951,buy,2026.04.09 16:15:05,4713.0,,False,0.0,no_fill,0.0,no_fill,,,,,,
77184896,buy,2026.04.09 16:14:44,4713.0,,False,0.0,no_fill,0.0,no_fill,,,,,,
77064514,buy,2026.04.08 15:58:50,4760.5,4762.5,True,-5.18,sl,-7.18,sl,2026-04-08 14:25:00,4757.5,4755.5,4755.5,4782.5,-2.0
77064503,buy,2026.04.08 15:58:33,4760.5,4762.5,True,-5.18,sl,-7.18,sl,2026-04-08 14:25:00,4757.5,4755.5,4755.5,4782.5,-2.0
77064473,buy,2026.04.08 15:57:59,4760.5,4762.5,True,-5.18,sl,-7.18,sl,2026-04-08 14:25:00,4757.5,4755.5,4755.5,4782.5,-2.0
77044557,buy,2026.04.08 12:58:24,4768.0,4770.0,True,19.82,tp,19.82,tp,2026-04-08 12:20:00,4765.0,4763.0,4763.0,4790.0,0.0
77044515,buy,2026.04.08 12:58:11,4768.0,4770.0,True,19.82,tp,19.82,tp,2026-04-08 12:20:00,4765.0,4763.0,4763.0,4790.0,0.0
77044495,buy,2026.04.08 12:57:57,4768.0,4770.0,True,19.82,tp,19.82,tp,2026-04-08 12:20:00,4765.0,4763.0,4763.0,4790.0,0.0
77024781,buy,2026.04.08 10:02:56,4797.0,4799.0,True,-5.18,sl,-7.18,sl,2026-04-08 08:25:00,4794.0,4792.0,4792.0,4819.0,-2.0
77024741,buy,2026.04.08 10:02:43,4797.0,4799.0,True,-5.18,sl,-7.18,sl,2026-04-08 08:25:00,4794.0,4792.0,4792.0,4819.0,-2.0
77024689,buy,2026.04.08 10:02:28,4797.0,4799.0,True,-5.18,sl,-7.18,sl,2026-04-08 08:25:00,4794.0,4792.0,4792.0,4819.0,-2.0
76972830,buy,2026.04.08 01:25:23,4671.0,,False,0.0,no_fill,0.0,no_fill,,,,,,
76972827,buy,2026.04.08 01:25:07,4671.0,,False,0.0,no_fill,0.0,no_fill,,,,,,
76972810,buy,2026.04.08 01:24:46,4671.0,,False,0.0,no_fill,0.0,no_fill,,,,,,
76922064,sell,2026.04.07 14:28:31,4672.0,4670.0,True,19.82,tp,19.82,tp,2026-04-07 12:20:00,4675.0,4677.0,4677.0,4650.0,0.0
76922044,sell,2026.04.07 14:28:06,4672.0,4670.0,True,19.82,tp,19.82,tp,2026-04-07 12:20:00,4675.0,4677.0,4677.0,4650.0,0.0
76921993,sell,2026.04.07 14:27:45,4672.0,4670.0,True,19.82,tp,19.82,tp,2026-04-07 12:20:00,4675.0,4677.0,4677.0,4650.0,0.0
76911784,buy,2026.04.07 13:00:14,4648.0,4650.0,True,-5.18,sl,-7.18,sl,2026-04-07 10:45:00,4645.0,4643.0,4643.0,4670.0,-2.0
76911764,buy,2026.04.07 13:00:03,4648.0,4650.0,True,-5.18,sl,-7.18,sl,2026-04-07 10:45:00,4645.0,4643.0,4643.0,4670.0,-2.0
76911711,buy,2026.04.07 12:59:46,4648.0,4650.0,True,-5.18,sl,-7.18,sl,2026-04-07 10:45:00,4645.0,4643.0,4643.0,4670.0,-2.0
76795023,buy,2026.04.06 11:22:09,4632.3,,False,0.0,no_fill,0.0,no_fill,,,,,,
76795009,buy,2026.04.06 11:21:58,4632.3,,False,0.0,no_fill,0.0,no_fill,,,,,,
76794928,buy,2026.04.06 11:21:16,4632.3,,False,0.0,no_fill,0.0,no_fill,,,,,,
76794906,buy,2026.04.06 11:21:02,4632.3,,False,0.0,no_fill,0.0,no_fill,,,,,,
76794896,buy,2026.04.06 11:20:47,4632.3,,False,0.0,no_fill,0.0,no_fill,,,,,,
76749273,sell,2026.04.06 01:19:41,4764.0,,False,0.0,no_fill,0.0,no_fill,,,,,,
76749222,sell,2026.04.06 01:18:46,4764.0,,False,0.0,no_fill,0.0,no_fill,,,,,,
76749206,sell,2026.04.06 01:18:25,4764.0,,False,0.0,no_fill,0.0,no_fill,,,,,,
76749191,sell,2026.04.06 01:18:03,4753.0,,False,0.0,no_fill,0.0,no_fill,,,,,,
76749164,sell,2026.04.06 01:17:42,4753.0,,False,0.0,no_fill,0.0,no_fill,,,,,,
76749013,sell,2026.04.06 01:15:50,4753.0,,False,0.0,no_fill,0.0,no_fill,,,,,,
76724329,sell,2026.04.02 19:03:32,4707.0,,False,0.0,no_fill,0.0,no_fill,,,,,,
76724283,sell,2026.04.02 19:02:55,4707.0,,False,0.0,no_fill,0.0,no_fill,,,,,,
76724252,sell,2026.04.02 19:02:31,4707.0,,False,0.0,no_fill,0.0,no_fill,,,,,,
76723993,buy,2026.04.02 19:00:02,4634.5,,False,0.0,no_fill,0.0,no_fill,,,,,,
76723949,buy,2026.04.02 18:59:50,4634.5,,False,0.0,no_fill,0.0,no_fill,,,,,,
76723936,buy,2026.04.02 18:59:34,4634.5,,False,0.0,no_fill,0.0,no_fill,,,,,,
76682499,sell,2026.04.02 13:08:00,4649.7,,False,0.0,no_fill,0.0,no_fill,,,,,,
76682492,sell,2026.04.02 13:07:45,4649.7,,False,0.0,no_fill,0.0,no_fill,,,,,,
76682476,sell,2026.04.02 13:07:29,4649.7,,False,0.0,no_fill,0.0,no_fill,,,,,,
76682453,sell,2026.04.02 13:07:14,4643.7,,False,0.0,no_fill,0.0,no_fill,,,,,,
76682427,sell,2026.04.02 13:07:00,4643.7,,False,0.0,no_fill,0.0,no_fill,,,,,,
76682405,sell,2026.04.02 13:06:45,4643.7,,False,0.0,no_fill,0.0,no_fill,,,,,,
76668362,buy,2026.04.02 10:22:21,4372.0,,False,0.0,no_fill,0.0,no_fill,,,,,,
76668331,buy,2026.04.02 10:22:08,4372.0,,False,0.0,no_fill,0.0,no_fill,,,,,,
76668301,buy,2026.04.02 10:21:49,4372.0,,False,0.0,no_fill,0.0,no_fill,,,,,,
76596422,buy,2026.04.01 19:07:23,4722.0,,False,0.0,no_fill,0.0,no_fill,,,,,,
76596408,buy,2026.04.01 19:07:03,4722.0,,False,0.0,no_fill,0.0,no_fill,,,,,,
76596364,buy,2026.04.01 19:06:13,4741.0,4743.0,True,19.82,tp,19.82,tp,2026-04-01 18:35:00,4738.0,4736.0,4736.0,4763.0,0.0
76596284,buy,2026.04.01 19:04:59,4741.0,4743.0,True,19.82,tp,19.82,tp,2026-04-01 18:35:00,4738.0,4736.0,4736.0,4763.0,0.0
76542983,buy,2026.04.01 10:09:03,4685.5,,False,0.0,no_fill,0.0,no_fill,,,,,,
76542958,buy,2026.04.01 10:08:48,4685.5,,False,0.0,no_fill,0.0,no_fill,,,,,,
76542931,buy,2026.04.01 10:08:34,4685.5,,False,0.0,no_fill,0.0,no_fill,,,,,,
76542758,buy,2026.04.01 10:07:20,4697.7,,False,0.0,no_fill,0.0,no_fill,,,,,,
76542711,buy,2026.04.01 10:07:06,4697.7,,False,0.0,no_fill,0.0,no_fill,,,,,,
76542670,buy,2026.04.01 10:06:52,4697.7,,False,0.0,no_fill,0.0,no_fill,,,,,,
76504826,buy,2026.04.01 01:39:05,4598.0,,False,0.0,no_fill,0.0,no_fill,,,,,,
76504805,buy,2026.04.01 01:38:46,4598.0,,False,0.0,no_fill,0.0,no_fill,,,,,,
76504637,buy,2026.04.01 01:38:12,4598.0,,False,0.0,no_fill,0.0,no_fill,,,,,,
76504563,buy,2026.04.01 01:36:45,4617.0,,False,0.0,no_fill,0.0,no_fill,,,,,,
76504538,buy,2026.04.01 01:36:22,4617.0,,False,0.0,no_fill,0.0,no_fill,,,,,,
76504530,buy,2026.04.01 01:35:40,4617.0,,False,0.0,no_fill,0.0,no_fill,,,,,,
76480545,buy,2026.03.31 18:04:17,4582.5,,False,0.0,no_fill,0.0,no_fill,,,,,,
76480521,buy,2026.03.31 18:04:02,4582.5,,False,0.0,no_fill,0.0,no_fill,,,,,,
76480489,buy,2026.03.31 18:03:41,4582.5,,False,0.0,no_fill,0.0,no_fill,,,,,,
76465408,buy,2026.03.31 16:03:50,4544.0,,False,0.0,no_fill,0.0,no_fill,,,,,,
76465390,buy,2026.03.31 16:03:38,4544.0,,False,0.0,no_fill,0.0,no_fill,,,,,,
76465378,buy,2026.03.31 16:03:25,4544.0,,False,0.0,no_fill,0.0,no_fill,,,,,,
76449146,buy,2026.03.31 12:45:59,4486.0,,False,0.0,no_fill,0.0,no_fill,,,,,,
76449129,buy,2026.03.31 12:45:37,4486.0,,False,0.0,no_fill,0.0,no_fill,,,,,,
76449117,buy,2026.03.31 12:45:23,4486.0,,False,0.0,no_fill,0.0,no_fill,,,,,,
76331238,buy,2026.03.30 09:51:49,4473.0,,False,0.0,no_fill,0.0,no_fill,,,,,,
76331222,buy,2026.03.30 09:51:37,4473.0,,False,0.0,no_fill,0.0,no_fill,,,,,,
76331208,buy,2026.03.30 09:51:26,4473.0,,False,0.0,no_fill,0.0,no_fill,,,,,,
76331149,buy,2026.03.30 09:50:47,4493.0,4495.0,True,19.82,tp,19.82,tp,2026-03-30 19:00:00,4490.0,4488.0,4488.0,4515.0,0.0
76331108,buy,2026.03.30 09:50:24,4493.0,4495.0,True,19.82,tp,19.82,tp,2026-03-30 19:00:00,4490.0,4488.0,4488.0,4515.0,0.0
76331069,buy,2026.03.30 09:50:08,4493.0,4495.0,True,19.82,tp,19.82,tp,2026-03-30 19:00:00,4490.0,4488.0,4488.0,4515.0,0.0
76287926,sell,2026.03.30 01:10:37,4581.0,4579.0,True,19.82,tp,19.82,tp,2026-03-30 11:50:00,4584.0,4586.0,4586.0,4559.0,0.0
76287905,sell,2026.03.30 01:10:16,4581.0,4579.0,True,19.82,tp,19.82,tp,2026-03-30 11:50:00,4584.0,4586.0,4586.0,4559.0,0.0
76287830,sell,2026.03.30 01:09:35,4581.0,4579.0,True,19.82,tp,19.82,tp,2026-03-30 11:50:00,4584.0,4586.0,4586.0,4559.0,0.0
76221912,buy,2026.03.27 13:10:18,4387.1,,False,0.0,no_fill,0.0,no_fill,,,,,,
76221864,buy,2026.03.27 13:09:32,4387.1,,False,0.0,no_fill,0.0,no_fill,,,,,,
76221810,buy,2026.03.27 13:09:11,4387.1,,False,0.0,no_fill,0.0,no_fill,,,,,,
76221657,sell,2026.03.27 13:06:24,4468.2,,False,0.0,no_fill,0.0,no_fill,,,,,,
76221625,sell,2026.03.27 13:05:52,4468.2,,False,0.0,no_fill,0.0,no_fill,,,,,,
76221614,sell,2026.03.27 13:05:34,4468.2,,False,0.0,no_fill,0.0,no_fill,,,,,,
76141714,sell,2026.03.26 16:52:50,4491.0,,False,0.0,no_fill,0.0,no_fill,,,,,,
76141676,sell,2026.03.26 16:52:36,4491.0,,False,0.0,no_fill,0.0,no_fill,,,,,,
76141635,sell,2026.03.26 16:52:22,4491.0,,False,0.0,no_fill,0.0,no_fill,,,,,,
75991035,buy,2026.03.25 09:47:51,4520.5,4522.5,True,19.82,tp,19.82,tp,2026-03-25 12:30:00,4517.5,4515.5,4515.5,4542.5,0.0
75990913,buy,2026.03.25 09:46:17,4520.5,4522.5,True,19.82,tp,19.82,tp,2026-03-25 12:30:00,4517.5,4515.5,4515.5,4542.5,0.0
75990858,buy,2026.03.25 09:45:16,4520.5,4522.5,True,19.82,tp,19.82,tp,2026-03-25 12:30:00,4517.5,4515.5,4515.5,4542.5,0.0
75979502,sell,2026.03.25 07:03:29,4622.5,,False,0.0,no_fill,0.0,no_fill,,,,,,
75976147,sell,2026.03.25 06:07:27,4622.5,,False,0.0,no_fill,0.0,no_fill,,,,,,
75976136,sell,2026.03.25 06:07:17,4622.5,,False,0.0,no_fill,0.0,no_fill,,,,,,
75972158,sell,2026.03.25 05:17:50,4711.7,,False,0.0,no_fill,0.0,no_fill,,,,,,
75972104,sell,2026.03.25 05:16:19,4711.7,,False,0.0,no_fill,0.0,no_fill,,,,,,
75972088,sell,2026.03.25 05:16:04,4711.7,,False,0.0,no_fill,0.0,no_fill,,,,,,
75971867,sell,2026.03.25 05:13:01,4704.7,,False,0.0,no_fill,0.0,no_fill,,,,,,
75971837,sell,2026.03.25 05:12:40,4704.7,,False,0.0,no_fill,0.0,no_fill,,,,,,
75971774,sell,2026.03.25 05:11:54,4704.7,,False,0.0,no_fill,0.0,no_fill,,,,,,
75966917,buy,2026.03.25 04:23:34,4494.5,,False,0.0,no_fill,0.0,no_fill,,,,,,
75966898,buy,2026.03.25 04:23:16,4494.5,,False,0.0,no_fill,0.0,no_fill,,,,,,
75966859,buy,2026.03.25 04:22:40,4494.5,,False,0.0,no_fill,0.0,no_fill,,,,,,
75933547,buy,2026.03.24 18:17:22,3957.0,,False,0.0,no_fill,0.0,no_fill,,,,,,
75933504,buy,2026.03.24 18:16:47,3957.0,,False,0.0,no_fill,0.0,no_fill,,,,,,
75933462,buy,2026.03.24 18:16:18,3957.0,,False,0.0,no_fill,0.0,no_fill,,,,,,
75893207,sell,2026.03.24 13:05:22,4462.5,,False,0.0,no_fill,0.0,no_fill,,,,,,
75880992,sell,2026.03.24 10:59:33,4462.5,,False,0.0,no_fill,0.0,no_fill,,,,,,
75880972,sell,2026.03.24 10:59:18,4462.5,,False,0.0,no_fill,0.0,no_fill,,,,,,
75874335,buy,2026.03.24 10:01:44,4351.0,,False,0.0,no_fill,0.0,no_fill,,,,,,
75874310,buy,2026.03.24 10:01:27,4351.0,,False,0.0,no_fill,0.0,no_fill,,,,,,
75874277,buy,2026.03.24 10:01:11,4351.0,,False,0.0,no_fill,0.0,no_fill,,,,,,
75842939,sell,2026.03.24 05:16:45,4364.0,,False,0.0,no_fill,0.0,no_fill,,,,,,
75730291,buy,2026.03.23 13:32:22,3957.0,,False,0.0,no_fill,0.0,no_fill,,,,,,
75730280,buy,2026.03.23 13:32:09,3957.0,,False,0.0,no_fill,0.0,no_fill,,,,,,
75730257,buy,2026.03.23 13:31:48,3957.0,,False,0.0,no_fill,0.0,no_fill,,,,,,
75532630,sell,2026.03.20 14:15:21,4671.0,,False,0.0,no_fill,0.0,no_fill,,,,,,
75532592,sell,2026.03.20 14:15:00,4671.0,,False,0.0,no_fill,0.0,no_fill,,,,,,
75532556,sell,2026.03.20 14:14:45,4671.0,,False,0.0,no_fill,0.0,no_fill,,,,,,
75523887,sell,2026.03.20 13:03:46,4704.5,,False,0.0,no_fill,0.0,no_fill,,,,,,
75523847,sell,2026.03.20 13:03:29,4704.5,,False,0.0,no_fill,0.0,no_fill,,,,,,
75523798,sell,2026.03.20 13:03:10,4704.5,,False,0.0,no_fill,0.0,no_fill,,,,,,
75426230,buy,2026.03.19 17:19:53,4523.5,,False,0.0,no_fill,0.0,no_fill,,,,,,
75426145,buy,2026.03.19 17:19:36,4523.5,,False,0.0,no_fill,0.0,no_fill,,,,,,
75426024,buy,2026.03.19 17:19:12,4523.5,,False,0.0,no_fill,0.0,no_fill,,,,,,
75319122,sell,2026.03.19 04:47:57,4794.0,4792.0,True,-5.18,sl,-7.18,sl,2026-03-19 01:50:00,4797.0,4799.0,4799.0,4772.0,-2.0
75319100,sell,2026.03.19 04:47:43,4794.0,4792.0,True,-5.18,sl,-7.18,sl,2026-03-19 01:50:00,4797.0,4799.0,4799.0,4772.0,-2.0
75319089,sell,2026.03.19 04:47:28,4794.0,4792.0,True,-5.18,sl,-7.18,sl,2026-03-19 01:50:00,4797.0,4799.0,4799.0,4772.0,-2.0
75315587,sell,2026.03.19 04:15:43,4851.0,,False,0.0,no_fill,0.0,no_fill,,,,,,
75315560,sell,2026.03.19 04:15:29,4851.0,,False,0.0,no_fill,0.0,no_fill,,,,,,
75315532,sell,2026.03.19 04:15:03,4851.0,,False,0.0,no_fill,0.0,no_fill,,,,,,
75262702,sell,2026.03.18 16:40:52,4931.0,,False,0.0,no_fill,0.0,no_fill,,,,,,
75262624,sell,2026.03.18 16:40:29,4931.0,,False,0.0,no_fill,0.0,no_fill,,,,,,
75262530,sell,2026.03.18 16:40:03,4931.0,,False,0.0,no_fill,0.0,no_fill,,,,,,
75250839,sell,2026.03.18 15:57:40,4911.5,,False,0.0,no_fill,0.0,no_fill,,,,,,
75250797,sell,2026.03.18 15:57:24,4911.5,,False,0.0,no_fill,0.0,no_fill,,,,,,
75250743,sell,2026.03.18 15:57:08,4911.5,,False,0.0,no_fill,0.0,no_fill,,,,,,
75213684,sell,2026.03.18 13:07:43,5031.5,,False,0.0,no_fill,0.0,no_fill,,,,,,
75213644,sell,2026.03.18 13:07:14,5031.5,,False,0.0,no_fill,0.0,no_fill,,,,,,
75213619,sell,2026.03.18 13:06:53,5031.5,,False,0.0,no_fill,0.0,no_fill,,,,,,
75213549,sell,2026.03.18 13:06:00,5024.5,,False,0.0,no_fill,0.0,no_fill,,,,,,
75213496,sell,2026.03.18 13:05:32,5024.5,,False,0.0,no_fill,0.0,no_fill,,,,,,
75213455,sell,2026.03.18 13:05:14,5024.5,,False,0.0,no_fill,0.0,no_fill,,,,,,
75198577,sell,2026.03.18 10:02:01,5034.0,,False,0.0,no_fill,0.0,no_fill,,,,,,
75198566,sell,2026.03.18 10:01:45,5034.0,,False,0.0,no_fill,0.0,no_fill,,,,,,
75198546,sell,2026.03.18 10:01:27,5034.0,,False,0.0,no_fill,0.0,no_fill,,,,,,
75185202,sell,2026.03.18 07:07:41,5034.0,,False,0.0,no_fill,0.0,no_fill,,,,,,
75185190,sell,2026.03.18 07:07:22,5034.0,,False,0.0,no_fill,0.0,no_fill,,,,,,
75185172,sell,2026.03.18 07:07:06,5034.0,,False,0.0,no_fill,0.0,no_fill,,,,,,
75169193,buy,2026.03.18 03:23:09,4957.0,,False,0.0,no_fill,0.0,no_fill,,,,,,
75169182,buy,2026.03.18 03:22:48,4957.0,,False,0.0,no_fill,0.0,no_fill,,,,,,
75169175,buy,2026.03.18 03:22:24,4957.0,,False,0.0,no_fill,0.0,no_fill,,,,,,
75169156,sell,2026.03.18 03:21:44,5040.0,,False,0.0,no_fill,0.0,no_fill,,,,,,
75169135,sell,2026.03.18 03:21:23,5040.0,,False,0.0,no_fill,0.0,no_fill,,,,,,
75169113,sell,2026.03.18 03:21:06,5040.0,,False,0.0,no_fill,0.0,no_fill,,,,,,
75130126,sell,2026.03.17 16:12:48,5046.0,,False,0.0,no_fill,0.0,no_fill,,,,,,
75130113,sell,2026.03.17 16:12:37,5046.0,,False,0.0,no_fill,0.0,no_fill,,,,,,
75130076,sell,2026.03.17 16:12:21,5046.0,,False,0.0,no_fill,0.0,no_fill,,,,,,
75130012,sell,2026.03.17 16:11:52,5039.0,,False,0.0,no_fill,0.0,no_fill,,,,,,
75129981,sell,2026.03.17 16:11:38,5039.0,,False,0.0,no_fill,0.0,no_fill,,,,,,
75129933,sell,2026.03.17 16:11:19,5039.0,,False,0.0,no_fill,0.0,no_fill,,,,,,
75114865,sell,2026.03.17 13:17:25,5063.0,,False,0.0,no_fill,0.0,no_fill,,,,,,
75114860,sell,2026.03.17 13:17:15,5063.0,,False,0.0,no_fill,0.0,no_fill,,,,,,
75114840,sell,2026.03.17 13:16:55,5063.0,,False,0.0,no_fill,0.0,no_fill,,,,,,
75114783,sell,2026.03.17 13:16:15,5056.0,,False,0.0,no_fill,0.0,no_fill,,,,,,
75114749,sell,2026.03.17 13:15:51,5056.0,,False,0.0,no_fill,0.0,no_fill,,,,,,
75114724,sell,2026.03.17 13:15:37,5056.0,,False,0.0,no_fill,0.0,no_fill,,,,,,
75098274,sell,2026.03.17 10:13:33,5059.0,,False,0.0,no_fill,0.0,no_fill,,,,,,
75098245,sell,2026.03.17 10:13:24,5059.0,,False,0.0,no_fill,0.0,no_fill,,,,,,
75098235,sell,2026.03.17 10:13:09,5059.0,,False,0.0,no_fill,0.0,no_fill,,,,,,
75080764,buy,2026.03.17 07:17:23,4950.0,,False,0.0,no_fill,0.0,no_fill,,,,,,
75080749,buy,2026.03.17 07:17:09,4950.0,,False,0.0,no_fill,0.0,no_fill,,,,,,
75080731,buy,2026.03.17 07:16:55,4950.0,,False,0.0,no_fill,0.0,no_fill,,,,,,
75080648,buy,2026.03.17 07:15:14,4980.0,,False,0.0,no_fill,0.0,no_fill,,,,,,
75080636,buy,2026.03.17 07:15:00,4980.0,,False,0.0,no_fill,0.0,no_fill,,,,,,
75080629,buy,2026.03.17 07:14:46,4980.0,,False,0.0,no_fill,0.0,no_fill,,,,,,
75073950,buy,2026.03.17 05:14:44,5003.5,5005.5,True,19.82,tp,19.82,tp,2026-03-17 06:20:00,5000.5,4998.5,4998.5,5025.5,0.0
75073932,buy,2026.03.17 05:14:32,5003.5,5005.5,True,19.82,tp,19.82,tp,2026-03-17 06:20:00,5000.5,4998.5,4998.5,5025.5,0.0
75073910,buy,2026.03.17 05:14:13,5003.5,5005.5,True,19.82,tp,19.82,tp,2026-03-17 06:20:00,5000.5,4998.5,4998.5,5025.5,0.0
75065536,buy,2026.03.17 03:36:48,4941.0,,False,0.0,no_fill,0.0,no_fill,,,,,,
75065528,buy,2026.03.17 03:36:36,4941.0,,False,0.0,no_fill,0.0,no_fill,,,,,,
75065492,buy,2026.03.17 03:36:11,4941.0,,False,0.0,no_fill,0.0,no_fill,,,,,,
74958901,buy,2026.03.16 07:26:08,4962.6,,False,0.0,no_fill,0.0,no_fill,,,,,,
74958888,buy,2026.03.16 07:25:49,4962.6,,False,0.0,no_fill,0.0,no_fill,,,,,,
74958885,buy,2026.03.16 07:25:31,4962.6,,False,0.0,no_fill,0.0,no_fill,,,,,,
74944723,sell,2026.03.16 04:44:03,5028.5,,False,0.0,no_fill,0.0,no_fill,,,,,,
74944709,sell,2026.03.16 04:43:48,5028.55,,False,0.0,no_fill,0.0,no_fill,,,,,,
74944697,sell,2026.03.16 04:43:34,5028.5,,False,0.0,no_fill,0.0,no_fill,,,,,,
74891626,sell,2026.03.13 19:04:07,5070.5,,False,0.0,no_fill,0.0,no_fill,,,,,,
74891594,sell,2026.03.13 19:03:54,5070.5,,False,0.0,no_fill,0.0,no_fill,,,,,,
74891552,sell,2026.03.13 19:03:40,5070.5,,False,0.0,no_fill,0.0,no_fill,,,,,,
74891183,sell,2026.03.13 19:02:29,5051.5,5049.5,True,-5.18,sl,-7.18,sl,2026-03-13 16:35:00,5054.5,5056.5,5056.5,5029.5,-2.0
74883935,sell,2026.03.13 18:22:28,5051.5,5049.5,True,-5.18,sl,-7.18,sl,2026-03-13 15:25:00,5054.5,5056.5,5056.5,5029.5,-2.0
74883899,sell,2026.03.13 18:22:10,5051.5,5049.5,True,-5.18,sl,-7.18,sl,2026-03-13 15:25:00,5054.5,5056.5,5056.5,5029.5,-2.0
74860697,sell,2026.03.13 16:12:56,5134.5,,False,0.0,no_fill,0.0,no_fill,,,,,,
74860680,sell,2026.03.13 16:12:42,5134.5,,False,0.0,no_fill,0.0,no_fill,,,,,,
74860649,sell,2026.03.13 16:12:25,5134.5,,False,0.0,no_fill,0.0,no_fill,,,,,,
74813910,sell,2026.03.13 09:51:34,5142.5,,False,0.0,no_fill,0.0,no_fill,,,,,,
74813860,sell,2026.03.13 09:51:21,5142.5,,False,0.0,no_fill,0.0,no_fill,,,,,,
74813837,sell,2026.03.13 09:51:05,5142.5,,False,0.0,no_fill,0.0,no_fill,,,,,,
74813781,sell,2026.03.13 09:50:46,5135.5,,False,0.0,no_fill,0.0,no_fill,,,,,,
74813755,sell,2026.03.13 09:50:31,5135.5,,False,0.0,no_fill,0.0,no_fill,,,,,,
74813610,sell,2026.03.13 09:49:33,5135.5,,False,0.0,no_fill,0.0,no_fill,,,,,,
74786768,buy,2026.03.13 04:06:32,5081.0,,False,0.0,no_fill,0.0,no_fill,,,,,,
74786743,buy,2026.03.13 04:06:20,5081.0,,False,0.0,no_fill,0.0,no_fill,,,,,,
74786713,buy,2026.03.13 04:06:02,5081.0,,False,0.0,no_fill,0.0,no_fill,,,,,,
74728100,buy,2026.03.12 16:44:39,5144.5,5146.5,True,-5.18,sl,-7.18,sl,2026-03-12 13:55:00,5141.5,5139.5,5139.5,5166.5,-2.0
74728024,buy,2026.03.12 16:44:25,5144.5,5146.5,True,-5.18,sl,-7.18,sl,2026-03-12 13:55:00,5141.5,5139.5,5139.5,5166.5,-2.0
74592303,sell,2026.03.11 16:00:37,5216.0,,False,0.0,no_fill,0.0,no_fill,,,,,,
74592224,sell,2026.03.11 16:00:19,5216.0,,False,0.0,no_fill,0.0,no_fill,,,,,,
74592096,sell,2026.03.11 16:00:05,5216.0,,False,0.0,no_fill,0.0,no_fill,,,,,,
74509376,buy,2026.03.11 03:29:58,5125.0,5127.0,True,19.82,tp,19.82,tp,2026-03-12 00:00:00,5122.0,5120.0,5120.0,5147.0,0.0
74509366,buy,2026.03.11 03:29:42,5125.0,5127.0,True,19.82,tp,19.82,tp,2026-03-12 00:00:00,5122.0,5120.0,5120.0,5147.0,0.0
74509357,buy,2026.03.11 03:29:15,5125.0,5127.0,True,19.82,tp,19.82,tp,2026-03-12 00:00:00,5122.0,5120.0,5120.0,5147.0,0.0
74480489,buy,2026.03.10 19:12:39,5192.0,,False,0.0,no_fill,0.0,no_fill,,,,,,
74479860,buy,2026.03.10 19:03:33,5192.0,,False,0.0,no_fill,0.0,no_fill,,,,,,
74452439,buy,2026.03.10 16:09:31,5168.0,,False,0.0,no_fill,0.0,no_fill,,,,,,
74452411,buy,2026.03.10 16:09:16,5168.0,,False,0.0,no_fill,0.0,no_fill,,,,,,
74452353,buy,2026.03.10 16:09:03,5168.0,,False,0.0,no_fill,0.0,no_fill,,,,,,
74447934,buy,2026.03.10 15:39:34,5122.0,,False,0.0,no_fill,0.0,no_fill,,,,,,
74447909,buy,2026.03.10 15:39:21,5122.0,,False,0.0,no_fill,0.0,no_fill,,,,,,
74447895,buy,2026.03.10 15:39:08,5122.0,,False,0.0,no_fill,0.0,no_fill,,,,,,
74447879,buy,2026.03.10 15:38:49,5142.0,,False,0.0,no_fill,0.0,no_fill,,,,,,
74447858,buy,2026.03.10 15:38:37,5142.0,,False,0.0,no_fill,0.0,no_fill,,,,,,
74447828,buy,2026.03.10 15:38:20,5142.0,,False,0.0,no_fill,0.0,no_fill,,,,,,
74396317,buy,2026.03.10 07:01:27,5125.0,,False,0.0,no_fill,0.0,no_fill,,,,,,
74396289,buy,2026.03.10 07:01:16,5125.0,,False,0.0,no_fill,0.0,no_fill,,,,,,
74396269,buy,2026.03.10 07:01:05,5125.0,,False,0.0,no_fill,0.0,no_fill,,,,,,
74396248,buy,2026.03.10 07:00:50,5134.5,,False,0.0,no_fill,0.0,no_fill,,,,,,
74396206,buy,2026.03.10 07:00:36,5134.5,,False,0.0,no_fill,0.0,no_fill,,,,,,
74396184,buy,2026.03.10 07:00:23,5134.5,,False,0.0,no_fill,0.0,no_fill,,,,,,
74369758,buy,2026.03.10 03:02:15,5100.0,,False,0.0,no_fill,0.0,no_fill,,,,,,
74369730,buy,2026.03.10 03:02:01,5100.0,,False,0.0,no_fill,0.0,no_fill,,,,,,
74369550,buy,2026.03.10 03:00:50,5109.5,5111.5,True,19.82,tp,19.82,tp,2026-03-12 15:10:00,5106.5,5104.5,5104.5,5131.5,0.0
74369504,buy,2026.03.10 03:00:31,5109.5,,False,0.0,no_fill,0.0,no_fill,,,,,,
74369469,buy,2026.03.10 03:00:18,5109.5,,False,0.0,no_fill,0.0,no_fill,,,,,,
74345457,buy,2026.03.09 18:46:34,5069.5,,False,0.0,no_fill,0.0,no_fill,,,,,,
74345430,buy,2026.03.09 18:46:21,5069.5,,False,0.0,no_fill,0.0,no_fill,,,,,,
74345374,buy,2026.03.09 18:46:05,5069.5,,False,0.0,no_fill,0.0,no_fill,,,,,,
74342888,buy,2026.03.09 18:23:51,5068.5,,False,0.0,no_fill,0.0,no_fill,,,,,,
74342757,buy,2026.03.09 18:23:23,5068.5,,False,0.0,no_fill,0.0,no_fill,,,,,,
74320203,buy,2026.03.09 16:35:01,5065.7,5067.7,True,19.82,tp,19.82,tp,2026-03-09 13:55:00,5062.7,5060.7,5060.7,5087.7,0.0
74320117,buy,2026.03.09 16:34:42,5065.7,5067.7,True,19.82,tp,19.82,tp,2026-03-09 13:55:00,5062.7,5060.7,5060.7,5087.7,0.0
74320062,buy,2026.03.09 16:34:28,5065.7,5067.7,True,19.82,tp,19.82,tp,2026-03-09 13:55:00,5062.7,5060.7,5060.7,5087.7,0.0
74265589,buy,2026.03.09 10:13:01,5089.0,,False,0.0,no_fill,0.0,no_fill,,,,,,
74265551,buy,2026.03.09 10:12:43,5089.0,,False,0.0,no_fill,0.0,no_fill,,,,,,
74265539,buy,2026.03.09 10:12:30,5089.0,,False,0.0,no_fill,0.0,no_fill,,,,,,
74235400,buy,2026.03.09 06:58:06,5055.7,,False,0.0,no_fill,0.0,no_fill,,,,,,
74235371,buy,2026.03.09 06:57:44,5055.7,,False,0.0,no_fill,0.0,no_fill,,,,,,
74235350,buy,2026.03.09 06:57:24,5055.7,,False,0.0,no_fill,0.0,no_fill,,,,,,
74218158,buy,2026.03.09 05:03:54,5041.0,,False,0.0,no_fill,0.0,no_fill,,,,,,
74218097,buy,2026.03.09 05:03:39,5041.0,,False,0.0,no_fill,0.0,no_fill,,,,,,
74218044,buy,2026.03.09 05:03:22,5041.0,,False,0.0,no_fill,0.0,no_fill,,,,,,
74020209,buy,2026.03.06 01:18:13,4883.5,,False,0.0,no_fill,0.0,no_fill,,,,,,
74020174,buy,2026.03.06 01:17:48,4883.5,,False,0.0,no_fill,0.0,no_fill,,,,,,
74020161,buy,2026.03.06 01:17:21,4883.5,,False,0.0,no_fill,0.0,no_fill,,,,,,
74020138,buy,2026.03.06 01:16:38,4921.6,,False,0.0,no_fill,0.0,no_fill,,,,,,
74020131,buy,2026.03.06 01:16:23,4921.6,,False,0.0,no_fill,0.0,no_fill,,,,,,
74020122,buy,2026.03.06 01:15:34,4921.6,,False,0.0,no_fill,0.0,no_fill,,,,,,
74020090,sell,2026.03.06 01:14:49,5144.0,,False,0.0,no_fill,0.0,no_fill,,,,,,
74020084,sell,2026.03.06 01:14:22,5144.0,,False,0.0,no_fill,0.0,no_fill,,,,,,
74020038,sell,2026.03.06 01:13:04,5144.0,,False,0.0,no_fill,0.0,no_fill,,,,,,
73953279,sell,2026.03.05 15:37:53,5144.0,5142.0,True,-5.18,sl,-7.18,sl,2026-03-05 12:40:00,5147.0,5149.0,5149.0,5122.0,-2.0
73953225,sell,2026.03.05 15:37:32,5144.0,5142.0,True,-5.18,sl,-7.18,sl,2026-03-05 12:40:00,5147.0,5149.0,5149.0,5122.0,-2.0
73953130,sell,2026.03.05 15:37:17,5144.0,5142.0,True,-5.18,sl,-7.18,sl,2026-03-05 12:40:00,5147.0,5149.0,5149.0,5122.0,-2.0
73842091,buy,2026.03.05 01:15:02,5051.0,5053.0,True,19.82,tp,19.82,tp,2026-03-05 18:00:00,5048.0,5046.0,5046.0,5073.0,0.0
73842056,buy,2026.03.05 01:14:42,5051.0,5053.0,True,19.82,tp,19.82,tp,2026-03-05 18:00:00,5048.0,5046.0,5046.0,5073.0,0.0
73842037,buy,2026.03.05 01:14:23,5051.0,5053.0,True,19.82,tp,19.82,tp,2026-03-05 18:00:00,5048.0,5046.0,5046.0,5073.0,0.0
73841671,sell,2026.03.05 01:11:45,5244.0,,False,0.0,no_fill,0.0,no_fill,,,,,,
73841656,sell,2026.03.05 01:11:22,5244.0,,False,0.0,no_fill,0.0,no_fill,,,,,,
73841611,sell,2026.03.05 01:10:32,5244.0,,False,0.0,no_fill,0.0,no_fill,,,,,,
73755332,sell,2026.03.04 10:36:24,5184.5,,False,0.0,no_fill,0.0,no_fill,,,,,,
73755295,sell,2026.03.04 10:36:06,5184.5,,False,0.0,no_fill,0.0,no_fill,,,,,,
73755137,sell,2026.03.04 10:35:39,5184.5,,False,0.0,no_fill,0.0,no_fill,,,,,,
73685256,buy,2026.03.04 01:08:57,5046.3,,False,0.0,no_fill,0.0,no_fill,,,,,,
73685218,buy,2026.03.04 01:08:30,5046.3,,False,0.0,no_fill,0.0,no_fill,,,,,,
73685186,buy,2026.03.04 01:08:09,5046.3,,False,0.0,no_fill,0.0,no_fill,,,,,,
73685169,buy,2026.03.04 01:07:32,5056.3,,False,0.0,no_fill,0.0,no_fill,,,,,,
73685160,buy,2026.03.04 01:07:09,5056.3,,False,0.0,no_fill,0.0,no_fill,,,,,,
73685156,buy,2026.03.04 01:06:47,5056.3,,False,0.0,no_fill,0.0,no_fill,,,,,,
73685130,buy,2026.03.04 01:06:04,5080.0,,False,0.0,no_fill,0.0,no_fill,,,,,,
73685114,buy,2026.03.04 01:05:47,5080.0,,False,0.0,no_fill,0.0,no_fill,,,,,,
73685105,buy,2026.03.04 01:05:32,5080.0,,False,0.0,no_fill,0.0,no_fill,,,,,,
73565637,buy,2026.03.03 12:25:27,5237.0,,False,0.0,no_fill,0.0,no_fill,,,,,,
73565583,buy,2026.03.03 12:24:49,5237.0,5239.0,True,-5.18,sl,-7.18,sl,2026-03-03 09:25:00,5234.0,5232.0,5232.0,5259.0,-2.0
73565564,buy,2026.03.03 12:24:34,5237.0,5239.0,True,-5.18,sl,-7.18,sl,2026-03-03 09:25:00,5234.0,5232.0,5232.0,5259.0,-2.0
73565545,sell,2026.03.03 12:24:03,5204.5,5202.5,True,-5.18,sl,-7.18,sl,2026-03-03 09:25:00,5207.5,5209.5,5209.5,5182.5,-2.0
73565534,sell,2026.03.03 12:23:49,5204.5,5202.5,True,-5.18,sl,-7.18,sl,2026-03-03 09:25:00,5207.5,5209.5,5209.5,5182.5,-2.0
73565481,sell,2026.03.03 12:22:53,5204.5,5202.5,True,-5.18,sl,-7.18,sl,2026-03-03 09:25:00,5207.5,5209.5,5209.5,5182.5,-2.0
73168945,buy,2026.02.27 16:01:48,5211.0,5213.0,True,-5.18,sl,-7.18,sl,2026-02-27 13:05:00,5208.0,5206.0,5206.0,5233.0,-2.0
73168923,buy,2026.02.27 16:01:36,5211.0,5213.0,True,-5.18,sl,-7.18,sl,2026-02-27 13:05:00,5208.0,5206.0,5206.0,5233.0,-2.0
73168887,buy,2026.02.27 16:01:23,5211.0,5213.0,True,-5.18,sl,-7.18,sl,2026-02-27 13:05:00,5208.0,5206.0,5206.0,5233.0,-2.0
73145315,buy,2026.02.27 13:07:18,5129.2,,False,0.0,no_fill,0.0,no_fill,,,,,,
73145301,buy,2026.02.27 13:07:00,5129.2,,False,0.0,no_fill,0.0,no_fill,,,,,,
73145293,buy,2026.02.27 13:06:45,5129.2,,False,0.0,no_fill,0.0,no_fill,,,,,,
73132701,buy,2026.02.27 10:29:26,5147.0,,False,0.0,no_fill,0.0,no_fill,,,,,,
73132677,buy,2026.02.27 10:29:08,5147.0,,False,0.0,no_fill,0.0,no_fill,,,,,,
73132666,buy,2026.02.27 10:28:56,5147.0,,False,0.0,no_fill,0.0,no_fill,,,,,,
73101888,buy,2026.02.27 04:08:41,5166.5,,False,0.0,no_fill,0.0,no_fill,,,,,,
73101866,buy,2026.02.27 04:08:22,5166.5,,False,0.0,no_fill,0.0,no_fill,,,,,,
73101780,buy,2026.02.27 04:08:02,5166.5,,False,0.0,no_fill,0.0,no_fill,,,,,,
73087195,buy,2026.02.27 01:21:15,5140.0,,False,0.0,no_fill,0.0,no_fill,,,,,,
73087179,buy,2026.02.27 01:20:55,5140.0,,False,0.0,no_fill,0.0,no_fill,,,,,,
73087159,buy,2026.02.27 01:20:36,5140.0,,False,0.0,no_fill,0.0,no_fill,,,,,,
73041126,sell,2026.02.26 15:56:24,5211.2,,False,0.0,no_fill,0.0,no_fill,,,,,,
73041110,sell,2026.02.26 15:56:04,5211.2,,False,0.0,no_fill,0.0,no_fill,,,,,,
73041098,sell,2026.02.26 15:55:47,5211.2,,False,0.0,no_fill,0.0,no_fill,,,,,,
72999534,buy,2026.02.26 09:39:39,5152.0,,False,0.0,no_fill,0.0,no_fill,,,,,,
72999510,buy,2026.02.26 09:39:29,5152.0,,False,0.0,no_fill,0.0,no_fill,,,,,,
72999482,buy,2026.02.26 09:39:12,5152.0,,False,0.0,no_fill,0.0,no_fill,,,,,,
72971845,buy,2026.02.26 04:05:44,5145.0,,False,0.0,no_fill,0.0,no_fill,,,,,,
72971837,buy,2026.02.26 04:05:32,5145.0,,False,0.0,no_fill,0.0,no_fill,,,,,,
72971819,buy,2026.02.26 04:05:18,5145.0,,False,0.0,no_fill,0.0,no_fill,,,,,,
72956413,buy,2026.02.26 01:39:04,5113.2,,False,0.0,no_fill,0.0,no_fill,,,,,,
72956393,buy,2026.02.26 01:38:40,5113.2,,False,0.0,no_fill,0.0,no_fill,,,,,,
72956383,buy,2026.02.26 01:38:24,5113.2,,False,0.0,no_fill,0.0,no_fill,,,,,,
72956314,buy,2026.02.26 01:37:29,5123.35,,False,0.0,no_fill,0.0,no_fill,,,,,,
72956294,buy,2026.02.26 01:36:55,5123.35,,False,0.0,no_fill,0.0,no_fill,,,,,,
72956250,buy,2026.02.26 01:36:36,5123.35,,False,0.0,no_fill,0.0,no_fill,,,,,,
72918935,buy,2026.02.25 16:02:59,5138.0,,False,0.0,no_fill,0.0,no_fill,,,,,,
72918910,buy,2026.02.25 16:02:43,5138.0,,False,0.0,no_fill,0.0,no_fill,,,,,,
72918880,buy,2026.02.25 16:02:23,5138.0,,False,0.0,no_fill,0.0,no_fill,,,,,,
72905459,buy,2026.02.25 13:21:23,5082.5,,False,0.0,no_fill,0.0,no_fill,,,,,,
72905433,buy,2026.02.25 13:21:06,5082.5,,False,0.0,no_fill,0.0,no_fill,,,,,,
72905232,buy,2026.02.25 13:19:19,5082.5,,False,0.0,no_fill,0.0,no_fill,,,,,,
72904352,buy,2026.02.25 13:16:00,5102.5,,False,0.0,no_fill,0.0,no_fill,,,,,,
72904283,buy,2026.02.25 13:15:43,5102.5,,False,0.0,no_fill,0.0,no_fill,,,,,,
72904238,buy,2026.02.25 13:15:23,5102.5,,False,0.0,no_fill,0.0,no_fill,,,,,,
72904027,buy,2026.02.25 13:14:12,5111.8,,False,0.0,no_fill,0.0,no_fill,,,,,,
72903982,buy,2026.02.25 13:13:52,5111.8,,False,0.0,no_fill,0.0,no_fill,,,,,,
72903953,buy,2026.02.25 13:13:35,5111.8,,False,0.0,no_fill,0.0,no_fill,,,,,,
72898143,buy,2026.02.25 12:20:24,5103.5,,False,0.0,no_fill,0.0,no_fill,,,,,,
72898013,buy,2026.02.25 12:19:51,5103.5,,False,0.0,no_fill,0.0,no_fill,,,,,,
72897988,buy,2026.02.25 12:19:29,5103.5,,False,0.0,no_fill,0.0,no_fill,,,,,,
72887248,sell,2026.02.25 10:14:09,5229.5,,False,0.0,no_fill,0.0,no_fill,,,,,,
72887226,sell,2026.02.25 10:13:46,5229.5,,False,0.0,no_fill,0.0,no_fill,,,,,,
72887195,sell,2026.02.25 10:13:27,5229.5,,False,0.0,no_fill,0.0,no_fill,,,,,,
72886178,buy,2026.02.25 09:56:43,5157.0,,False,0.0,no_fill,0.0,no_fill,,,,,,
72886157,buy,2026.02.25 09:56:30,5157.0,,False,0.0,no_fill,0.0,no_fill,,,,,,
72811608,buy,2026.02.24 16:28:44,5103.5,5105.5,True,-5.18,sl,-7.18,sl,2026-02-24 14:10:00,5100.5,5098.5,5098.5,5125.5,-2.0
72811582,buy,2026.02.24 16:28:33,5103.5,5105.5,True,-5.18,sl,-7.18,sl,2026-02-24 14:10:00,5100.5,5098.5,5098.5,5125.5,-2.0
72811555,buy,2026.02.24 16:28:21,5157.0,5159.0,True,-5.18,sl,-7.18,sl,2026-02-24 13:30:00,5154.0,5152.0,5152.0,5179.0,-2.0
72735481,sell,2026.02.24 03:44:43,5218.2,5216.2,True,-5.18,sl,-7.18,sl,2026-02-24 00:45:00,5221.2,5223.2,5223.2,5196.2,-2.0
72735461,sell,2026.02.24 03:44:13,5218.2,5216.2,True,-5.18,sl,-7.18,sl,2026-02-24 00:45:00,5221.2,5223.2,5223.2,5196.2,-2.0
72735445,sell,2026.02.24 03:43:53,5218.2,5216.2,True,-5.18,sl,-7.18,sl,2026-02-24 00:45:00,5221.2,5223.2,5223.2,5196.2,-2.0
72685691,buy,2026.02.23 17:06:51,5167.0,5169.0,True,-5.18,sl,-7.18,sl,2026-02-23 14:10:00,5164.0,5162.0,5162.0,5189.0,-2.0
72685637,buy,2026.02.23 17:06:37,5167.0,5169.0,True,-5.18,sl,-7.18,sl,2026-02-23 14:10:00,5164.0,5162.0,5162.0,5189.0,-2.0
72685605,buy,2026.02.23 17:06:20,5167.0,5169.0,True,-5.18,sl,-7.18,sl,2026-02-23 14:10:00,5164.0,5162.0,5162.0,5189.0,-2.0
72670950,buy,2026.02.23 15:28:51,5098.0,,False,0.0,no_fill,0.0,no_fill,,,,,,
72670928,buy,2026.02.23 15:28:37,5098.0,,False,0.0,no_fill,0.0,no_fill,,,,,,
72670902,buy,2026.02.23 15:28:21,5098.0,,False,0.0,no_fill,0.0,no_fill,,,,,,
72643292,buy,2026.02.23 10:35:55,5112.0,,False,0.0,no_fill,0.0,no_fill,,,,,,
72643278,buy,2026.02.23 10:35:41,5112.0,,False,0.0,no_fill,0.0,no_fill,,,,,,
72643237,buy,2026.02.23 10:35:10,5112.0,,False,0.0,no_fill,0.0,no_fill,,,,,,
72590108,buy,2026.02.23 01:44:17,5118.5,5120.5,True,-5.18,sl,-7.18,sl,2026-02-22 23:00:00,5115.5,5113.5,5113.5,5140.5,-2.0
72589951,buy,2026.02.23 01:43:57,5118.5,5120.5,True,-5.18,sl,-7.18,sl,2026-02-22 23:00:00,5115.5,5113.5,5113.5,5140.5,-2.0
72589915,buy,2026.02.23 01:43:37,5118.5,5120.5,True,-5.18,sl,-7.18,sl,2026-02-22 23:00:00,5115.5,5113.5,5113.5,5140.5,-2.0
72587293,buy,2026.02.23 01:16:19,5048.6,,False,0.0,no_fill,0.0,no_fill,,,,,,
72587123,buy,2026.02.23 01:15:37,5048.6,,False,0.0,no_fill,0.0,no_fill,,,,,,
72586864,buy,2026.02.23 01:14:56,5048.6,,False,0.0,no_fill,0.0,no_fill,,,,,,
72586614,buy,2026.02.23 01:13:50,5066.3,,False,0.0,no_fill,0.0,no_fill,,,,,,
72586586,buy,2026.02.23 01:13:28,5066.3,,False,0.0,no_fill,0.0,no_fill,,,,,,
72586469,buy,2026.02.23 01:12:14,5066.3,,False,0.0,no_fill,0.0,no_fill,,,,,,
72525911,buy,2026.02.20 13:55:38,5000.0,,False,0.0,no_fill,0.0,no_fill,,,,,,
72525895,buy,2026.02.20 13:55:26,5000.0,,False,0.0,no_fill,0.0,no_fill,,,,,,
72525876,buy,2026.02.20 13:55:07,5000.0,,False,0.0,no_fill,0.0,no_fill,,,,,,
72517876,buy,2026.02.20 11:41:58,4952.0,,False,0.0,no_fill,0.0,no_fill,,,,,,
72517862,buy,2026.02.20 11:41:31,4952.0,,False,0.0,no_fill,0.0,no_fill,,,,,,
72517850,buy,2026.02.20 11:41:07,4952.0,,False,0.0,no_fill,0.0,no_fill,,,,,,
72517752,buy,2026.02.20 11:38:26,5094.7,5096.7,True,-5.18,sl,-7.18,sl,2026-02-20 08:40:00,5091.7,5089.7,5089.7,5116.7,-2.0
72517734,buy,2026.02.20 11:38:04,5094.7,5096.7,True,-5.18,sl,-7.18,sl,2026-02-20 08:40:00,5091.7,5089.7,5089.7,5116.7,-2.0
72517720,buy,2026.02.20 11:37:45,5094.7,5096.7,True,-5.18,sl,-7.18,sl,2026-02-20 08:40:00,5091.7,5089.7,5089.7,5116.7,-2.0
72501446,buy,2026.02.20 08:04:03,4986.5,,False,0.0,no_fill,0.0,no_fill,,,,,,
72501432,buy,2026.02.20 08:03:41,4986.5,,False,0.0,no_fill,0.0,no_fill,,,,,,
72501412,buy,2026.02.20 08:03:19,4986.5,,False,0.0,no_fill,0.0,no_fill,,,,,,
72426916,buy,2026.02.19 10:14:20,4971.5,,False,0.0,no_fill,0.0,no_fill,,,,,,
72426908,buy,2026.02.19 10:14:06,4971.5,,False,0.0,no_fill,0.0,no_fill,,,,,,
72416074,buy,2026.02.19 07:11:01,4932.0,,False,0.0,no_fill,0.0,no_fill,,,,,,
72416054,buy,2026.02.19 07:10:37,4932.0,,False,0.0,no_fill,0.0,no_fill,,,,,,
72415989,buy,2026.02.19 07:09:56,4932.0,,False,0.0,no_fill,0.0,no_fill,,,,,,
72372430,buy,2026.02.18 15:49:51,4925.3,,False,0.0,no_fill,0.0,no_fill,,,,,,
72372414,buy,2026.02.18 15:49:33,4925.3,,False,0.0,no_fill,0.0,no_fill,,,,,,
72372406,buy,2026.02.18 15:49:18,4925.3,,False,0.0,no_fill,0.0,no_fill,,,,,,
72363579,buy,2026.02.18 14:20:52,4949.0,4951.0,True,-5.18,sl,-7.18,sl,2026-02-18 11:25:00,4946.0,4944.0,4944.0,4971.0,-2.0
72363549,buy,2026.02.18 14:20:39,4949.0,4951.0,True,-5.18,sl,-7.18,sl,2026-02-18 11:25:00,4946.0,4944.0,4944.0,4971.0,-2.0
72363500,buy,2026.02.18 14:20:24,4949.0,4951.0,True,-5.18,sl,-7.18,sl,2026-02-18 11:25:00,4946.0,4944.0,4944.0,4971.0,-2.0
72269369,sell,2026.02.17 13:45:36,4953.0,,False,0.0,no_fill,0.0,no_fill,,,,,,
72269359,sell,2026.02.17 13:45:22,4953.0,,False,0.0,no_fill,0.0,no_fill,,,,,,
72269342,sell,2026.02.17 13:45:09,4953.0,,False,0.0,no_fill,0.0,no_fill,,,,,,
72162445,buy,2026.02.16 09:59:42,4956.5,,False,0.0,no_fill,0.0,no_fill,,,,,,
72162438,buy,2026.02.16 09:59:28,4956.5,,False,0.0,no_fill,0.0,no_fill,,,,,,
72162434,buy,2026.02.16 09:59:16,4956.5,,False,0.0,no_fill,0.0,no_fill,,,,,,
72074345,buy,2026.02.13 15:50:23,4956.0,4958.0,True,19.82,tp,19.82,tp,2026-02-13 13:20:00,4953.0,4951.0,4951.0,4978.0,0.0
72074270,buy,2026.02.13 15:50:02,4956.0,4958.0,True,19.82,tp,19.82,tp,2026-02-13 13:20:00,4953.0,4951.0,4951.0,4978.0,0.0
72074231,buy,2026.02.13 15:49:48,4956.0,4958.0,True,19.82,tp,19.82,tp,2026-02-13 13:20:00,4953.0,4951.0,4951.0,4978.0,0.0
72057968,sell,2026.02.13 13:14:57,5000.0,,False,0.0,no_fill,0.0,no_fill,,,,,,
72057954,sell,2026.02.13 13:14:41,5000.0,,False,0.0,no_fill,0.0,no_fill,,,,,,
72057915,sell,2026.02.13 13:14:24,5000.0,,False,0.0,no_fill,0.0,no_fill,,,,,,
72015562,buy,2026.02.13 06:55:39,4933.5,,False,0.0,no_fill,0.0,no_fill,,,,,,
72015545,buy,2026.02.13 06:55:22,4933.5,,False,0.0,no_fill,0.0,no_fill,,,,,,
72015535,buy,2026.02.13 06:55:07,4933.5,,False,0.0,no_fill,0.0,no_fill,,,,,,
72015505,buy,2026.02.13 06:54:13,4899.0,,False,0.0,no_fill,0.0,no_fill,,,,,,
72015489,buy,2026.02.13 06:53:57,4899.0,,False,0.0,no_fill,0.0,no_fill,,,,,,
72015477,buy,2026.02.13 06:53:40,4899.0,,False,0.0,no_fill,0.0,no_fill,,,,,,
71847254,sell,2026.02.12 03:44:41,5086.0,,False,0.0,no_fill,0.0,no_fill,,,,,,
71847231,sell,2026.02.12 03:44:16,5086.0,,False,0.0,no_fill,0.0,no_fill,,,,,,
71847212,sell,2026.02.12 03:44:02,5086.0,,False,0.0,no_fill,0.0,no_fill,,,,,,
71753142,buy,2026.02.11 12:09:30,5026.0,,False,0.0,no_fill,0.0,no_fill,,,,,,
71753138,buy,2026.02.11 12:09:18,5026.0,,False,0.0,no_fill,0.0,no_fill,,,,,,
71753132,buy,2026.02.11 12:09:06,5026.0,,False,0.0,no_fill,0.0,no_fill,,,,,,
71726221,buy,2026.02.11 07:01:15,5017.5,,False,0.0,no_fill,0.0,no_fill,,,,,,
71726194,buy,2026.02.11 07:00:59,5017.5,,False,0.0,no_fill,0.0,no_fill,,,,,,
71726150,buy,2026.02.11 07:00:39,5017.5,,False,0.0,no_fill,0.0,no_fill,,,,,,
71700795,buy,2026.02.11 01:11:25,5011.0,,False,0.0,no_fill,0.0,no_fill,,,,,,
71700791,buy,2026.02.11 01:11:09,5011.0,,False,0.0,no_fill,0.0,no_fill,,,,,,
71700782,buy,2026.02.11 01:10:54,5011.0,,False,0.0,no_fill,0.0,no_fill,,,,,,
71639795,buy,2026.02.10 13:15:06,5019.0,,False,0.0,no_fill,0.0,no_fill,,,,,,
71639768,buy,2026.02.10 13:14:41,5019.0,,False,0.0,no_fill,0.0,no_fill,,,,,,
71639755,buy,2026.02.10 13:14:26,5019.0,,False,0.0,no_fill,0.0,no_fill,,,,,,
71623202,buy,2026.02.10 10:16:45,4965.0,,False,0.0,no_fill,0.0,no_fill,,,,,,
71623165,buy,2026.02.10 10:16:30,4965.0,,False,0.0,no_fill,0.0,no_fill,,,,,,
71623155,buy,2026.02.10 10:16:15,4965.0,,False,0.0,no_fill,0.0,no_fill,,,,,,
71532786,sell,2026.02.09 15:47:22,5042.0,,False,0.0,no_fill,0.0,no_fill,,,,,,
71532764,sell,2026.02.09 15:47:05,5042.0,,False,0.0,no_fill,0.0,no_fill,,,,,,
71532738,sell,2026.02.09 15:46:51,5042.0,,False,0.0,no_fill,0.0,no_fill,,,,,,
71509246,buy,2026.02.09 12:24:46,4978.5,,False,0.0,no_fill,0.0,no_fill,,,,,,
71509231,buy,2026.02.09 12:24:28,4978.5,,False,0.0,no_fill,0.0,no_fill,,,,,,
71509185,buy,2026.02.09 12:23:55,4978.5,,False,0.0,no_fill,0.0,no_fill,,,,,,
71502603,buy,2026.02.09 11:25:54,4996.0,,False,0.0,no_fill,0.0,no_fill,,,,,,
71502595,buy,2026.02.09 11:25:36,4996.0,,False,0.0,no_fill,0.0,no_fill,,,,,,
71502587,buy,2026.02.09 11:25:22,4996.0,,False,0.0,no_fill,0.0,no_fill,,,,,,
71444390,buy,2026.02.09 02:25:22,4974.5,,False,0.0,no_fill,0.0,no_fill,,,,,,
71444318,buy,2026.02.09 02:25:03,4974.5,,False,0.0,no_fill,0.0,no_fill,,,,,,
71444249,buy,2026.02.09 02:24:39,4974.5,,False,0.0,no_fill,0.0,no_fill,,,,,,
