session_date,direction,entry,exit_px,sl,tp,range_top,range_bottom,range_width,open_ts,close_ts,exit_reason,gross_usd
2023-12-05,sell,2030.28,2030.88,2033.78,2025.92,2030.78,2021.05,9.73,2023-12-04 19:45:00,2023-12-04 19:55:00,session_end,-0.6
2023-12-06,sell,2020.06,2019.72,2023.56,2016.54,2020.56,2012.53,8.03,2023-12-05 19:50:00,2023-12-05 19:55:00,session_end,0.34
2023-12-07,sell,2030.83,2029.88,2034.33,2027.61,2031.33,2023.88,7.45,2023-12-06 18:50:00,2023-12-06 19:55:00,session_end,0.96
2023-12-08,buy,2025.6,2023.72,2022.1,2032.34,2039.58,2025.1,14.48,2023-12-07 16:50:00,2023-12-07 17:00:00,breakout,-1.89
2023-12-09,buy,2003.0,1999.5,1999.5,2014.25,2026.01,2002.5,23.51,2023-12-08 16:45:00,2023-12-08 17:00:00,sl,-3.5
2023-12-12,buy,1980.5,1978.22,1977.0,1986.73,1993.45,1980.0,13.45,2023-12-11 17:10:00,2023-12-11 17:15:00,breakout,-2.28
2023-12-13,buy,1980.51,1978.21,1977.01,1988.34,1996.66,1980.01,16.65,2023-12-12 16:30:00,2023-12-12 17:05:00,breakout,-2.3
2023-12-15,buy,2036.93,2035.93,2033.43,2042.17,2047.91,2036.43,11.48,2023-12-14 17:30:00,2023-12-14 17:40:00,breakout,-1.0
2023-12-16,buy,2032.39,2028.89,2028.89,2035.21,2038.52,2031.89,6.63,2023-12-15 17:50:00,2023-12-15 18:15:00,sl,-3.5
2023-12-22,buy,2038.82,2041.51,2035.32,2041.51,2044.71,2038.32,6.39,2023-12-21 18:15:00,2023-12-21 19:15:00,tp,2.7
2023-12-22,sell,2044.21,2043.93,2047.71,2041.06,2044.71,2037.41,7.3,2023-12-21 19:30:00,2023-12-21 19:55:00,session_end,0.28
2023-12-23,buy,2058.15,2056.93,2054.65,2064.12,2070.59,2057.65,12.94,2023-12-22 16:00:00,2023-12-22 16:40:00,breakout,-1.22
2023-12-28,sell,2081.38,2083.99,2084.88,2073.97,2081.88,2066.07,15.82,2023-12-27 16:35:00,2023-12-27 18:00:00,breakout,-2.61
2023-12-29,buy,2072.57,2070.96,2069.07,2076.6,2081.13,2072.07,9.06,2023-12-28 17:05:00,2023-12-28 19:10:00,breakout,-1.61
2023-12-30,sell,2065.57,2062.08,2069.07,2062.08,2066.07,2058.09,7.97,2023-12-29 16:10:00,2023-12-29 18:00:00,tp,3.49
2023-12-30,buy,2061.6,2064.62,2058.1,2064.62,2068.15,2061.1,7.05,2023-12-29 18:05:00,2023-12-29 18:10:00,tp,3.03
2024-01-03,buy,2061.01,2060.95,2057.51,2063.72,2066.92,2060.51,6.4,2024-01-02 19:25:00,2024-01-02 19:55:00,session_end,-0.07
2024-01-04,buy,2032.18,2038.71,2028.68,2040.22,2048.77,2031.68,17.08,2024-01-03 16:00:00,2024-01-03 19:25:00,breakout,6.53
2024-01-06,buy,2041.43,2045.68,2037.93,2052.46,2063.98,2040.93,23.06,2024-01-05 17:25:00,2024-01-05 19:55:00,session_end,4.25
2024-01-09,buy,2026.9,2029.3,2023.4,2031.65,2036.9,2026.4,10.5,2024-01-08 18:05:00,2024-01-08 19:55:00,session_end,2.4
2024-01-11,buy,2025.27,2023.1,2021.77,2029.18,2033.59,2024.77,8.82,2024-01-10 16:30:00,2024-01-10 17:50:00,breakout,-2.18
2024-01-12,buy,2025.35,2021.85,2021.85,2036.51,2048.17,2024.85,23.32,2024-01-11 16:10:00,2024-01-11 16:20:00,sl,-3.5
2024-01-12,buy,2016.09,2024.43,2012.59,2025.77,2035.95,2015.59,20.36,2024-01-11 16:35:00,2024-01-11 19:25:00,breakout,8.34
2024-01-13,buy,2051.29,2048.24,2047.79,2056.53,2062.27,2050.79,11.48,2024-01-12 16:35:00,2024-01-12 16:55:00,breakout,-3.04
2024-01-17,buy,2032.95,2029.45,2029.45,2038.77,2045.08,2032.45,12.63,2024-01-16 16:35:00,2024-01-16 17:05:00,sl,-3.5
2024-01-17,buy,2025.79,2029.19,2022.29,2033.91,2042.52,2025.29,17.23,2024-01-16 17:30:00,2024-01-16 19:55:00,session_end,3.4
2024-01-19,sell,2015.15,2016.95,2018.65,2011.51,2015.65,2007.36,8.29,2024-01-18 16:10:00,2024-01-18 16:25:00,breakout,-1.8
2024-01-20,buy,2023.63,2029.08,2020.13,2029.86,2036.6,2023.13,13.47,2024-01-19 16:40:00,2024-01-19 19:55:00,session_end,5.45
2024-01-23,buy,2020.54,2019.36,2017.04,2023.05,2026.06,2020.04,6.02,2024-01-22 18:40:00,2024-01-22 19:15:00,breakout,-1.18
2024-01-27,buy,2016.53,2017.02,2013.03,2021.43,2026.82,2016.03,10.78,2024-01-26 16:00:00,2024-01-26 19:55:00,session_end,0.48
2024-01-30,sell,2030.28,2025.55,2033.63,2025.55,2030.63,2020.47,10.17,2024-01-29 17:35:00,2024-01-29 18:45:00,tp,4.73
2024-02-01,buy,2047.93,2046.92,2044.43,2051.7,2055.97,2047.43,8.54,2024-01-31 18:10:00,2024-01-31 18:40:00,breakout,-1.0
2024-02-03,sell,2037.14,2038.05,2040.21,2032.48,2037.21,2027.74,9.47,2024-02-02 16:50:00,2024-02-02 19:55:00,session_end,-0.91
2024-02-06,sell,2023.23,2025.4,2026.73,2019.27,2023.73,2014.81,8.92,2024-02-05 17:00:00,2024-02-05 17:40:00,breakout,-2.17
2024-02-08,buy,2034.47,2035.51,2030.97,2037.49,2041.0,2033.97,7.03,2024-02-07 18:40:00,2024-02-07 19:55:00,session_end,1.04
2024-02-13,sell,2018.09,2019.7,2021.59,2015.23,2018.59,2011.87,6.72,2024-02-12 17:30:00,2024-02-12 17:50:00,breakout,-1.62
2024-02-15,sell,1992.67,1994.53,1996.17,1988.65,1993.17,1984.12,9.05,2024-02-14 16:30:00,2024-02-14 17:45:00,breakout,-1.86
2024-02-16,buy,1999.29,2003.52,1995.79,2003.52,2008.25,1998.79,9.46,2024-02-15 16:45:00,2024-02-15 17:50:00,tp,4.23
2024-02-16,sell,2004.38,2005.16,2007.88,2001.62,2004.88,1998.37,6.52,2024-02-15 18:50:00,2024-02-15 19:00:00,breakout,-0.78
2024-02-17,sell,2010.5,2012.27,2014.0,2003.14,2011.0,1995.28,15.72,2024-02-16 17:15:00,2024-02-16 17:35:00,breakout,-1.77
2024-02-22,buy,2024.19,2022.57,2021.03,2027.78,2031.54,2024.03,7.51,2024-02-21 16:00:00,2024-02-21 17:10:00,breakout,-1.62
2024-02-23,buy,2020.71,2024.11,2017.21,2024.11,2028.0,2020.21,7.79,2024-02-22 16:35:00,2024-02-22 17:30:00,tp,3.4
2024-02-28,buy,2032.56,2030.97,2029.31,2035.38,2038.46,2032.31,6.15,2024-02-27 16:15:00,2024-02-27 17:10:00,breakout,-1.6
2024-03-01,buy,2044.2,2044.48,2040.7,2047.19,2050.67,2043.7,6.96,2024-02-29 17:30:00,2024-02-29 19:55:00,session_end,0.27
2024-03-06,sell,2133.04,2129.53,2136.54,2128.59,2133.54,2123.64,9.9,2024-03-05 19:15:00,2024-03-05 19:55:00,session_end,3.51
2024-03-07,sell,2148.69,2150.64,2152.19,2140.52,2149.19,2131.85,17.34,2024-03-06 16:55:00,2024-03-06 18:25:00,breakout,-1.95
2024-03-08,sell,2158.03,2160.6,2161.53,2153.2,2158.53,2147.87,10.66,2024-03-07 17:10:00,2024-03-07 19:50:00,breakout,-2.57
2024-03-09,sell,2178.41,2181.91,2181.91,2171.29,2178.91,2163.68,15.22,2024-03-08 16:50:00,2024-03-08 17:00:00,sl,-3.5
2024-03-12,buy,2179.04,2177.86,2175.54,2182.1,2185.65,2178.54,7.11,2024-03-11 17:45:00,2024-03-11 18:20:00,breakout,-1.18
2024-03-13,sell,2165.92,2159.49,2169.42,2159.49,2166.42,2152.55,13.87,2024-03-12 16:50:00,2024-03-12 17:30:00,tp,6.43
2024-03-13,buy,2158.02,2155.05,2154.52,2162.01,2166.5,2157.52,8.97,2024-03-12 17:45:00,2024-03-12 17:55:00,breakout,-2.98
2024-03-14,sell,2174.02,2175.36,2177.52,2168.96,2174.52,2163.4,11.12,2024-03-13 16:55:00,2024-03-13 17:00:00,breakout,-1.34
2024-03-15,sell,2162.86,2163.45,2166.36,2158.01,2163.36,2152.65,10.71,2024-03-14 17:15:00,2024-03-14 19:55:00,session_end,-0.59
2024-03-16,buy,2158.58,2156.92,2155.08,2162.37,2166.67,2158.08,8.59,2024-03-15 16:50:00,2024-03-15 19:55:00,session_end,-1.66
2024-03-20,sell,2155.47,2157.68,2158.97,2152.17,2155.97,2148.36,7.61,2024-03-19 16:30:00,2024-03-19 19:55:00,session_end,-2.21
2024-03-22,sell,2183.24,2181.43,2186.74,2175.02,2183.74,2166.3,17.45,2024-03-21 17:25:00,2024-03-21 19:55:00,session_end,1.82
2024-03-23,buy,2165.9,2162.4,2162.4,2172.73,2180.06,2165.4,14.66,2024-03-22 16:00:00,2024-03-22 16:45:00,sl,-3.5
2024-03-26,buy,2175.4,2173.39,2171.9,2178.08,2181.26,2174.9,6.36,2024-03-25 16:35:00,2024-03-25 18:00:00,breakout,-2.01
2024-03-29,sell,2216.63,2219.02,2220.13,2209.67,2217.13,2202.21,14.92,2024-03-28 16:00:00,2024-03-28 16:25:00,breakout,-2.39
2024-04-02,sell,2241.16,2244.66,2244.66,2238.16,2241.66,2234.66,6.99,2024-04-01 19:50:00,2024-04-01 19:55:00,sl,-3.5
2024-04-03,sell,2263.95,2267.36,2267.36,2257.57,2264.36,2250.77,13.59,2024-04-02 17:50:00,2024-04-02 18:00:00,sl,-3.41
2024-04-05,buy,2286.86,2292.92,2283.47,2292.92,2299.37,2286.47,12.91,2024-04-04 17:00:00,2024-04-04 17:50:00,tp,6.06
2024-04-05,sell,2295.02,2298.52,2298.52,2290.92,2295.52,2286.32,9.2,2024-04-04 18:05:00,2024-04-04 18:15:00,sl,-3.5
2024-04-06,buy,2322.65,2323.12,2319.15,2326.34,2330.53,2322.15,8.38,2024-04-05 19:10:00,2024-04-05 19:55:00,session_end,0.47
2024-04-09,sell,2331.2,2334.7,2334.7,2326.51,2331.7,2321.32,10.38,2024-04-08 17:20:00,2024-04-08 17:30:00,sl,-3.5
2024-04-09,sell,2337.99,2341.21,2341.21,2331.26,2338.21,2324.31,13.9,2024-04-08 17:35:00,2024-04-08 18:25:00,sl,-3.21
2024-04-10,sell,2349.22,2351.12,2352.72,2343.98,2349.72,2338.24,11.48,2024-04-09 18:30:00,2024-04-09 19:55:00,breakout,-1.9
2024-04-12,sell,2346.93,2350.04,2350.43,2339.85,2347.43,2332.27,15.16,2024-04-11 16:40:00,2024-04-11 16:45:00,breakout,-3.11
2024-04-18,buy,2382.22,2378.92,2378.92,2388.75,2395.58,2381.92,13.66,2024-04-17 16:00:00,2024-04-17 16:25:00,sl,-3.3
2024-04-19,sell,2387.53,2378.76,2391.03,2378.76,2388.03,2369.48,18.55,2024-04-18 16:35:00,2024-04-18 19:25:00,tp,8.78
2024-04-19,buy,2378.55,2380.23,2375.05,2383.68,2389.31,2378.05,11.27,2024-04-18 19:30:00,2024-04-18 19:55:00,session_end,1.69
2024-04-20,sell,2395.52,2398.26,2399.02,2386.79,2396.02,2377.56,18.46,2024-04-19 16:40:00,2024-04-19 16:50:00,breakout,-2.74
2024-04-23,buy,2331.53,2328.03,2328.03,2337.44,2343.86,2331.03,12.83,2024-04-22 16:20:00,2024-04-22 18:05:00,sl,-3.5
2024-04-23,buy,2325.39,2331.5,2322.15,2331.5,2337.85,2325.15,12.7,2024-04-22 18:10:00,2024-04-22 19:10:00,tp,6.11
2024-04-24,buy,2323.05,2322.05,2319.9,2327.12,2331.35,2322.9,8.46,2024-04-23 19:10:00,2024-04-23 19:35:00,breakout,-1.01
2024-04-25,buy,2322.3,2318.8,2318.8,2329.58,2337.35,2321.8,15.55,2024-04-24 17:35:00,2024-04-24 18:30:00,sl,-3.5
2024-04-25,buy,2318.98,2319.07,2315.59,2324.54,2330.48,2318.59,11.89,2024-04-24 18:35:00,2024-04-24 19:55:00,session_end,0.1
2024-04-26,sell,2334.55,2332.89,2338.05,2329.0,2335.05,2322.95,12.09,2024-04-25 19:20:00,2024-04-25 19:55:00,session_end,1.66
2024-04-27,sell,2338.45,2339.85,2341.95,2333.81,2338.95,2328.66,10.29,2024-04-26 17:40:00,2024-04-26 17:45:00,breakout,-1.4
2024-04-30,sell,2339.01,2341.26,2342.51,2332.55,2339.51,2325.58,13.93,2024-04-29 16:00:00,2024-04-29 16:05:00,breakout,-2.25
2024-05-01,buy,2293.59,2290.09,2290.09,2299.5,2305.9,2293.09,12.81,2024-04-30 17:20:00,2024-04-30 18:55:00,sl,-3.5
2024-05-01,buy,2290.13,2294.56,2286.81,2294.56,2299.3,2289.81,9.49,2024-04-30 19:00:00,2024-04-30 19:40:00,tp,4.43
2024-05-02,buy,2298.79,2304.37,2295.29,2304.37,2310.45,2298.29,12.16,2024-05-01 17:50:00,2024-05-01 18:00:00,tp,5.58
2024-05-03,sell,2306.41,2309.12,2309.91,2302.1,2306.91,2297.29,9.62,2024-05-02 17:45:00,2024-05-02 18:05:00,breakout,-2.71
2024-05-04,sell,2299.72,2301.36,2303.22,2291.74,2300.22,2283.26,16.96,2024-05-03 17:25:00,2024-05-03 19:55:00,session_end,-1.64
2024-05-07,buy,2319.41,2325.5,2315.91,2325.5,2332.09,2318.91,13.18,2024-05-06 16:30:00,2024-05-06 16:55:00,tp,6.09
2024-05-07,sell,2326.96,2325.03,2330.46,2322.56,2327.46,2317.66,9.8,2024-05-06 19:05:00,2024-05-06 19:55:00,session_end,1.92
2024-05-08,buy,2312.81,2314.62,2309.31,2318.01,2323.72,2312.31,11.41,2024-05-07 16:00:00,2024-05-07 19:55:00,session_end,1.81
2024-05-09,sell,2320.42,2313.56,2323.39,2313.56,2320.39,2306.72,13.67,2024-05-08 16:00:00,2024-05-08 18:00:00,tp,6.87
2024-05-09,buy,2312.97,2312.14,2309.67,2316.88,2321.09,2312.67,8.42,2024-05-08 18:05:00,2024-05-08 18:20:00,breakout,-0.83
2024-05-10,sell,2335.3,2337.49,2338.8,2331.96,2335.8,2328.12,7.68,2024-05-09 18:30:00,2024-05-09 18:55:00,breakout,-2.19
2024-05-11,sell,2369.47,2363.25,2372.97,2363.25,2369.97,2356.53,13.43,2024-05-10 17:30:00,2024-05-10 19:25:00,tp,6.22
2024-05-11,buy,2363.23,2363.32,2359.73,2366.85,2370.96,2362.73,8.23,2024-05-10 19:30:00,2024-05-10 19:55:00,session_end,0.09
2024-05-15,sell,2355.3,2357.31,2358.8,2351.05,2355.8,2346.29,9.51,2024-05-14 17:05:00,2024-05-14 18:00:00,breakout,-2.01
2024-05-16,sell,2386.69,2390.19,2390.19,2373.61,2387.19,2360.04,27.15,2024-05-15 17:10:00,2024-05-15 17:35:00,sl,-3.5
2024-05-16,sell,2389.8,2386.31,2393.3,2378.57,2390.3,2366.85,23.44,2024-05-15 17:40:00,2024-05-15 19:55:00,session_end,3.48
2024-05-17,sell,2381.83,2383.4,2385.33,2376.61,2382.33,2370.89,11.45,2024-05-16 16:10:00,2024-05-16 16:40:00,breakout,-1.57
2024-05-18,sell,2414.75,2416.5,2418.25,2409.39,2415.25,2403.53,11.71,2024-05-17 18:10:00,2024-05-17 18:25:00,breakout,-1.75
2024-05-21,sell,2426.46,2429.2,2429.96,2418.66,2426.96,2410.36,16.6,2024-05-20 16:30:00,2024-05-20 17:05:00,breakout,-2.74
2024-05-23,buy,2387.01,2383.51,2383.51,2390.92,2395.32,2386.51,8.82,2024-05-22 17:50:00,2024-05-22 18:20:00,sl,-3.5
2024-05-24,buy,2340.81,2337.31,2337.31,2353.0,2365.69,2340.31,25.38,2024-05-23 16:45:00,2024-05-23 17:25:00,sl,-3.5
2024-05-24,buy,2335.12,2332.24,2331.62,2342.38,2350.14,2334.62,15.52,2024-05-23 17:35:00,2024-05-23 17:55:00,breakout,-2.89
2024-05-25,buy,2332.86,2333.77,2329.36,2339.87,2347.39,2332.36,15.02,2024-05-24 16:00:00,2024-05-24 19:55:00,session_end,0.91
2024-05-29,buy,2353.54,2357.62,2350.04,2357.62,2362.2,2353.04,9.16,2024-05-28 18:30:00,2024-05-28 18:55:00,tp,4.08
2024-05-29,sell,2359.53,2358.16,2363.03,2356.39,2360.03,2352.75,7.28,2024-05-28 19:40:00,2024-05-28 19:55:00,session_end,1.38
2024-05-30,buy,2337.22,2341.95,2333.72,2341.95,2347.18,2336.72,10.46,2024-05-29 16:10:00,2024-05-29 17:00:00,tp,4.73
2024-05-30,sell,2344.2,2340.08,2347.15,2340.08,2344.15,2336.01,8.14,2024-05-29 17:55:00,2024-05-29 18:35:00,tp,4.12
2024-05-31,buy,2341.22,2346.35,2337.86,2346.35,2351.85,2340.86,10.99,2024-05-30 16:15:00,2024-05-30 16:30:00,tp,5.13
2024-05-31,buy,2341.36,2340.04,2337.86,2344.82,2348.79,2340.86,7.93,2024-05-30 18:45:00,2024-05-30 19:45:00,breakout,-1.32
2024-06-01,buy,2328.16,2324.66,2324.66,2335.9,2344.14,2327.66,16.47,2024-05-31 17:20:00,2024-05-31 17:25:00,sl,-3.5
2024-06-01,buy,2324.56,2323.09,2321.06,2332.9,2341.74,2324.06,17.68,2024-05-31 17:30:00,2024-05-31 18:50:00,breakout,-1.46
2024-06-05,sell,2329.16,2327.31,2332.66,2323.01,2329.66,2316.35,13.31,2024-06-04 17:30:00,2024-06-04 19:55:00,session_end,1.85
2024-06-08,buy,2304.94,2301.44,2301.44,2316.24,2328.04,2304.44,23.6,2024-06-07 16:00:00,2024-06-07 18:35:00,sl,-3.5
2024-06-11,sell,2308.13,2311.05,2311.63,2304.49,2308.63,2300.35,8.28,2024-06-10 16:00:00,2024-06-10 16:20:00,breakout,-2.92
2024-06-12,buy,2309.72,2306.22,2306.22,2313.58,2317.94,2309.22,8.72,2024-06-11 16:15:00,2024-06-11 16:30:00,sl,-3.5
2024-06-12,buy,2306.37,2311.82,2302.87,2311.82,2317.78,2305.87,11.91,2024-06-11 16:35:00,2024-06-11 17:35:00,tp,5.45
2024-06-13,sell,2337.44,2328.82,2340.58,2328.82,2337.58,2320.05,17.53,2024-06-12 16:35:00,2024-06-12 18:00:00,tp,8.62
2024-06-15,sell,2333.46,2332.45,2336.96,2328.98,2333.96,2324.0,9.96,2024-06-14 17:30:00,2024-06-14 19:55:00,session_end,1.01
2024-06-18,sell,2317.87,2318.75,2321.37,2314.16,2318.37,2309.95,8.42,2024-06-17 18:35:00,2024-06-17 18:40:00,breakout,-0.88
2024-06-19,sell,2329.28,2332.78,2332.78,2321.73,2329.78,2313.67,16.1,2024-06-18 16:00:00,2024-06-18 17:35:00,sl,-3.5
2024-06-20,sell,2330.89,2329.97,2334.39,2327.54,2331.39,2323.7,7.69,2024-06-19 16:10:00,2024-06-19 17:10:00,session_end,0.92
2024-06-21,sell,2358.82,2360.62,2362.32,2355.33,2359.32,2351.33,7.99,2024-06-20 18:15:00,2024-06-20 18:20:00,breakout,-1.8
2024-06-25,sell,2333.13,2331.64,2336.63,2330.22,2333.63,2326.82,6.81,2024-06-24 17:40:00,2024-06-24 19:55:00,session_end,1.49
2024-06-26,buy,2316.06,2319.78,2312.56,2321.88,2328.2,2315.56,12.64,2024-06-25 16:55:00,2024-06-25 19:55:00,session_end,3.71
2024-06-28,buy,2324.41,2327.39,2320.91,2327.39,2330.87,2323.91,6.96,2024-06-27 18:00:00,2024-06-27 19:00:00,tp,2.98
2024-06-29,buy,2326.84,2323.34,2323.34,2329.53,2332.71,2326.34,6.38,2024-06-28 18:25:00,2024-06-28 19:30:00,sl,-3.5
2024-06-29,buy,2323.36,2325.0,2319.93,2327.82,2332.71,2322.93,9.79,2024-06-28 19:35:00,2024-06-28 19:55:00,session_end,1.64
2024-07-03,buy,2323.37,2328.2,2319.87,2329.83,2336.78,2322.87,13.9,2024-07-02 16:05:00,2024-07-02 18:50:00,breakout,4.83
2024-07-04,buy,2355.63,2354.06,2352.13,2360.03,2364.93,2355.13,9.79,2024-07-03 17:00:00,2024-07-03 17:05:00,breakout,-1.57
2024-07-06,sell,2387.89,2391.39,2391.39,2381.41,2388.39,2374.42,13.98,2024-07-05 17:05:00,2024-07-05 18:40:00,sl,-3.5
2024-07-06,sell,2392.08,2388.83,2395.58,2387.53,2392.58,2382.49,10.09,2024-07-05 18:45:00,2024-07-05 19:55:00,session_end,3.24
2024-07-10,sell,2362.62,2363.5,2366.12,2356.22,2363.12,2349.32,13.79,2024-07-09 18:05:00,2024-07-09 19:55:00,session_end,-0.88
2024-07-13,sell,2413.21,2416.71,2416.71,2405.24,2413.71,2396.76,16.95,2024-07-12 16:00:00,2024-07-12 16:40:00,sl,-3.5
2024-07-16,buy,2421.83,2421.09,2418.33,2430.55,2439.76,2421.33,18.43,2024-07-15 17:30:00,2024-07-15 19:55:00,session_end,-0.74
2024-07-17,sell,2464.78,2465.94,2468.28,2455.59,2465.28,2445.9,19.39,2024-07-16 17:45:00,2024-07-16 17:50:00,breakout,-1.16
2024-07-19,buy,2458.02,2454.52,2454.52,2463.72,2469.92,2457.52,12.4,2024-07-18 16:00:00,2024-07-18 17:00:00,sl,-3.5
2024-07-19,buy,2453.94,2450.8,2450.8,2461.86,2469.92,2453.8,16.12,2024-07-18 17:05:00,2024-07-18 18:50:00,sl,-3.14
2024-07-20,buy,2396.49,2398.71,2392.99,2402.22,2408.45,2395.99,12.46,2024-07-19 17:30:00,2024-07-19 19:55:00,session_end,2.22
2024-07-24,sell,2406.89,2403.48,2410.39,2403.48,2407.39,2399.57,7.82,2024-07-23 17:20:00,2024-07-23 17:40:00,tp,3.41
2024-07-25,buy,2419.14,2417.12,2415.64,2425.29,2431.95,2418.64,13.32,2024-07-24 16:45:00,2024-07-24 17:00:00,breakout,-2.01
2024-07-26,buy,2358.42,2354.92,2354.92,2367.13,2376.34,2357.92,18.42,2024-07-25 16:05:00,2024-07-25 17:25:00,sl,-3.5
2024-07-26,buy,2353.59,2360.79,2350.09,2360.79,2368.49,2353.09,15.41,2024-07-25 17:30:00,2024-07-25 19:25:00,tp,7.2
2024-07-27,sell,2390.3,2384.8,2393.8,2384.8,2390.8,2378.8,12.0,2024-07-26 16:50:00,2024-07-26 17:25:00,tp,5.5
2024-07-30,sell,2382.95,2384.34,2386.45,2379.69,2383.45,2375.93,7.52,2024-07-29 19:25:00,2024-07-29 19:30:00,breakout,-1.39
2024-08-01,sell,2428.52,2424.08,2432.02,2424.08,2429.02,2419.14,9.87,2024-07-31 17:15:00,2024-07-31 18:00:00,tp,4.44
2024-08-01,sell,2428.49,2425.26,2431.99,2425.26,2428.99,2421.54,7.45,2024-07-31 18:35:00,2024-07-31 18:35:00,tp,3.23
2024-08-06,sell,2408.42,2410.33,2411.92,2404.2,2408.92,2399.47,9.45,2024-08-05 19:10:00,2024-08-05 19:30:00,breakout,-1.9
2024-08-07,sell,2391.65,2395.01,2395.01,2386.71,2392.01,2381.4,10.61,2024-08-06 17:50:00,2024-08-06 18:25:00,sl,-3.36
2024-08-07,sell,2394.71,2388.77,2398.21,2388.77,2395.21,2382.33,12.88,2024-08-06 18:45:00,2024-08-06 19:30:00,tp,5.94
2024-08-08,buy,2392.4,2388.9,2388.9,2397.65,2403.4,2391.9,11.5,2024-08-07 17:25:00,2024-08-07 18:00:00,sl,-3.5
2024-08-08,buy,2388.26,2384.76,2384.76,2394.78,2401.8,2387.76,14.04,2024-08-07 18:05:00,2024-08-07 18:35:00,sl,-3.5
2024-08-09,sell,2423.86,2425.9,2427.36,2418.09,2424.36,2411.81,12.55,2024-08-08 17:25:00,2024-08-08 18:10:00,breakout,-2.04
2024-08-10,sell,2435.5,2430.66,2439.0,2430.66,2436.0,2425.33,10.67,2024-08-09 17:00:00,2024-08-09 17:50:00,tp,4.84
2024-08-10,buy,2427.51,2429.08,2424.01,2432.04,2437.07,2427.01,10.06,2024-08-09 18:15:00,2024-08-09 19:55:00,session_end,1.57
2024-08-14,buy,2466.47,2463.53,2462.97,2469.51,2473.04,2465.97,7.07,2024-08-13 17:45:00,2024-08-13 19:30:00,breakout,-2.94
2024-08-16,sell,2459.13,2460.53,2462.63,2445.86,2459.63,2432.09,27.53,2024-08-15 16:00:00,2024-08-15 19:05:00,breakout,-1.41
2024-08-17,sell,2497.05,2499.3,2500.55,2487.51,2497.55,2477.46,20.09,2024-08-16 16:55:00,2024-08-16 17:25:00,breakout,-2.25
2024-08-20,sell,2505.43,2506.84,2508.93,2495.77,2505.93,2485.6,20.33,2024-08-19 16:10:00,2024-08-19 16:40:00,breakout,-1.41
2024-08-22,sell,2510.56,2513.23,2514.06,2502.68,2511.06,2494.3,16.76,2024-08-21 17:20:00,2024-08-21 18:00:00,breakout,-2.67
2024-08-23,buy,2480.04,2478.57,2476.54,2482.75,2485.97,2479.54,6.42,2024-08-22 19:20:00,2024-08-22 19:25:00,breakout,-1.47
2024-08-24,sell,2512.74,2510.77,2516.24,2507.49,2513.24,2501.75,11.5,2024-08-23 19:15:00,2024-08-23 19:55:00,session_end,1.97
2024-08-27,sell,2518.52,2520.21,2522.02,2514.8,2519.02,2510.58,8.44,2024-08-26 16:50:00,2024-08-26 16:55:00,breakout,-1.69
2024-08-28,sell,2519.88,2523.38,2523.38,2515.11,2520.38,2509.83,10.55,2024-08-27 17:35:00,2024-08-27 18:20:00,sl,-3.5
2024-08-30,sell,2525.19,2527.88,2528.69,2519.67,2525.69,2513.64,12.05,2024-08-29 16:50:00,2024-08-29 17:20:00,breakout,-2.69
2024-09-04,sell,2489.0,2492.5,2492.5,2481.39,2489.5,2473.28,16.21,2024-09-03 17:15:00,2024-09-03 19:10:00,sl,-3.5
2024-09-04,sell,2492.09,2493.71,2495.59,2488.23,2492.59,2483.88,8.71,2024-09-03 19:15:00,2024-09-03 19:20:00,breakout,-1.62
2024-09-06,sell,2513.4,2515.08,2516.9,2508.85,2513.9,2503.8,10.1,2024-09-05 17:45:00,2024-09-05 17:55:00,breakout,-1.68
2024-09-10,sell,2503.29,2504.33,2506.79,2498.51,2503.79,2493.23,10.56,2024-09-09 16:40:00,2024-09-09 16:55:00,breakout,-1.04
2024-09-11,sell,2516.61,2517.26,2520.11,2513.9,2517.11,2510.69,6.42,2024-09-10 18:45:00,2024-09-10 19:55:00,session_end,-0.64
2024-09-12,sell,2514.71,2516.0,2517.96,2507.9,2514.96,2500.84,14.11,2024-09-11 16:00:00,2024-09-11 16:05:00,breakout,-1.29
2024-09-13,sell,2554.73,2556.98,2558.23,2548.54,2555.23,2541.85,13.38,2024-09-12 17:05:00,2024-09-12 18:35:00,breakout,-2.25
2024-09-14,sell,2582.98,2578.99,2586.48,2578.31,2583.48,2573.13,10.35,2024-09-13 16:00:00,2024-09-13 19:10:00,breakout,3.99
2024-09-18,sell,2570.57,2568.61,2574.07,2565.86,2571.07,2560.66,10.41,2024-09-17 18:35:00,2024-09-17 19:55:00,session_end,1.95
2024-09-19,sell,2574.28,2571.37,2577.78,2571.37,2574.78,2567.97,6.81,2024-09-18 16:55:00,2024-09-18 17:15:00,tp,2.91
2024-09-19,buy,2568.48,2571.6,2564.98,2571.6,2575.22,2567.98,7.24,2024-09-18 17:50:00,2024-09-18 18:00:00,tp,3.12
2024-09-20,sell,2589.06,2592.45,2592.45,2579.6,2589.45,2569.75,19.69,2024-09-19 16:00:00,2024-09-19 16:45:00,sl,-3.38
2024-09-20,buy,2586.86,2588.31,2583.47,2589.54,2592.61,2586.47,6.14,2024-09-19 19:25:00,2024-09-19 19:55:00,session_end,1.45
2024-09-21,sell,2622.76,2621.09,2626.04,2612.79,2623.04,2602.53,20.51,2024-09-20 16:00:00,2024-09-20 19:55:00,session_end,1.68
2024-09-24,buy,2626.29,2626.24,2622.79,2628.88,2631.97,2625.79,6.19,2024-09-23 18:00:00,2024-09-23 19:55:00,session_end,-0.05
2024-09-26,buy,2654.68,2651.18,2651.18,2660.81,2667.45,2654.18,13.27,2024-09-25 16:15:00,2024-09-25 16:45:00,sl,-3.5
2024-09-27,sell,2672.63,2675.15,2676.13,2668.04,2673.13,2662.95,10.19,2024-09-26 18:10:00,2024-09-26 18:15:00,breakout,-2.52
2024-10-01,sell,2637.93,2641.35,2641.36,2633.51,2638.36,2628.66,9.71,2024-09-30 16:40:00,2024-09-30 17:05:00,breakout,-3.41
2024-10-02,sell,2671.39,2662.88,2674.89,2662.88,2671.89,2653.86,18.04,2024-10-01 16:35:00,2024-10-01 17:35:00,tp,8.52
2024-10-02,buy,2658.05,2658.69,2654.55,2665.39,2673.22,2657.55,15.67,2024-10-01 18:15:00,2024-10-01 19:55:00,session_end,0.64
2024-10-03,sell,2651.82,2654.64,2655.32,2646.68,2652.32,2641.04,11.28,2024-10-02 17:55:00,2024-10-02 18:40:00,breakout,-2.82
2024-10-04,sell,2654.15,2657.65,2657.65,2646.35,2654.65,2638.06,16.59,2024-10-03 16:30:00,2024-10-03 16:35:00,sl,-3.5
2024-10-04,sell,2660.38,2657.97,2663.48,2649.27,2660.48,2638.06,22.42,2024-10-03 16:40:00,2024-10-03 19:55:00,session_end,2.4
2024-10-08,buy,2643.12,2641.01,2639.62,2646.38,2650.15,2642.62,7.53,2024-10-07 18:35:00,2024-10-07 18:40:00,breakout,-2.11
2024-10-09,sell,2617.59,2619.75,2621.09,2611.78,2618.09,2605.47,12.62,2024-10-08 19:05:00,2024-10-08 19:45:00,breakout,-2.16
2024-10-10,buy,2606.81,2609.09,2603.31,2612.12,2617.93,2606.31,11.62,2024-10-09 17:45:00,2024-10-09 19:55:00,session_end,2.28
2024-10-11,buy,2619.27,2624.27,2615.77,2624.27,2629.78,2618.77,11.02,2024-10-10 16:55:00,2024-10-10 17:35:00,tp,5.01
2024-10-11,sell,2628.63,2629.16,2632.13,2622.79,2629.13,2616.44,12.69,2024-10-10 18:40:00,2024-10-10 19:55:00,session_end,-0.53
2024-10-12,sell,2658.82,2660.74,2662.32,2650.97,2659.32,2642.63,16.69,2024-10-11 16:00:00,2024-10-11 16:25:00,breakout,-1.93
2024-10-16,sell,2664.67,2668.16,2668.16,2655.6,2665.16,2646.05,19.11,2024-10-15 16:00:00,2024-10-15 16:10:00,sl,-3.49
2024-10-16,sell,2668.01,2661.6,2671.43,2657.65,2668.43,2646.88,21.55,2024-10-15 16:15:00,2024-10-15 19:55:00,session_end,6.41
2024-10-17,buy,2668.04,2676.47,2664.54,2676.47,2685.39,2667.54,17.85,2024-10-16 16:00:00,2024-10-16 18:20:00,tp,8.43
2024-10-19,sell,2719.66,2716.86,2723.16,2716.86,2720.16,2713.57,6.58,2024-10-18 17:10:00,2024-10-18 17:20:00,tp,2.79
2024-10-19,buy,2714.07,2716.86,2710.57,2716.86,2720.16,2713.57,6.58,2024-10-18 17:25:00,2024-10-18 17:45:00,tp,2.79
2024-10-22,buy,2718.59,2716.46,2715.09,2721.86,2725.63,2718.09,7.55,2024-10-21 18:40:00,2024-10-21 18:55:00,breakout,-2.12
2024-10-23,sell,2743.71,2747.21,2747.21,2738.96,2744.21,2733.71,10.49,2024-10-22 16:45:00,2024-10-22 17:00:00,sl,-3.5
2024-10-23,sell,2747.2,2748.31,2750.7,2740.74,2747.7,2733.77,13.93,2024-10-22 17:05:00,2024-10-22 19:55:00,session_end,-1.1
2024-10-25,sell,2735.66,2737.05,2739.16,2729.26,2736.16,2722.36,13.79,2024-10-24 17:00:00,2024-10-24 19:55:00,session_end,-1.39
2024-10-26,sell,2741.53,2744.38,2745.03,2737.94,2742.03,2733.86,8.17,2024-10-25 17:25:00,2024-10-25 17:50:00,breakout,-2.85
2024-10-30,sell,2771.2,2774.7,2774.7,2766.24,2771.7,2760.78,10.92,2024-10-29 17:00:00,2024-10-29 19:00:00,sl,-3.5
2024-10-31,sell,2786.06,2788.03,2789.56,2778.69,2786.56,2770.83,15.73,2024-10-30 16:30:00,2024-10-30 17:20:00,breakout,-1.97
2024-11-02,buy,2740.17,2737.09,2736.67,2747.17,2754.67,2739.67,14.99,2024-11-01 17:20:00,2024-11-01 17:30:00,breakout,-3.08
2024-11-08,sell,2699.7,2694.13,2703.2,2694.13,2700.2,2688.07,12.13,2024-11-07 17:30:00,2024-11-07 18:50:00,tp,5.57
2024-11-09,buy,2683.88,2687.06,2680.38,2693.72,2704.06,2683.38,20.68,2024-11-08 16:35:00,2024-11-08 19:55:00,session_end,3.18
2024-11-13,buy,2597.89,2595.77,2594.39,2607.23,2617.07,2597.39,19.68,2024-11-12 16:00:00,2024-11-12 17:05:00,breakout,-2.11
2024-11-15,sell,2572.46,2574.2,2575.96,2562.3,2572.96,2551.65,21.3,2024-11-14 16:10:00,2024-11-14 16:15:00,breakout,-1.74
2024-11-16,buy,2563.52,2560.28,2560.02,2569.54,2576.06,2563.02,13.04,2024-11-15 16:35:00,2024-11-15 17:00:00,breakout,-3.24
2024-11-19,buy,2607.84,2611.23,2604.34,2611.23,2615.11,2607.34,7.77,2024-11-18 18:20:00,2024-11-18 18:50:00,tp,3.39
2024-11-20,sell,2630.45,2632.3,2633.95,2625.91,2630.95,2620.88,10.07,2024-11-19 17:15:00,2024-11-19 17:20:00,breakout,-1.85
2024-11-21,sell,2648.81,2651.93,2651.93,2640.05,2648.93,2631.16,17.77,2024-11-20 16:00:00,2024-11-20 17:00:00,sl,-3.12
2024-11-22,buy,2661.87,2666.48,2658.37,2666.48,2671.59,2661.37,10.22,2024-11-21 16:45:00,2024-11-21 16:50:00,tp,4.61
2024-11-22,buy,2661.8,2666.45,2658.3,2666.45,2671.59,2661.3,10.3,2024-11-21 17:05:00,2024-11-21 17:25:00,tp,4.65
2024-11-26,buy,2624.94,2621.44,2621.44,2631.91,2639.39,2624.44,14.96,2024-11-25 18:05:00,2024-11-25 18:15:00,sl,-3.5
2024-11-27,buy,2621.8,2627.07,2618.3,2627.07,2632.85,2621.3,11.55,2024-11-26 18:05:00,2024-11-26 19:05:00,tp,5.28
2024-11-28,buy,2636.03,2634.7,2632.53,2646.21,2656.9,2635.53,21.37,2024-11-27 17:00:00,2024-11-27 19:55:00,session_end,-1.32
2024-11-30,sell,2662.22,2656.63,2665.72,2656.63,2662.72,2650.54,12.18,2024-11-29 16:35:00,2024-11-29 18:25:00,tp,5.59
2024-12-03,buy,2639.09,2635.59,2635.59,2645.19,2651.79,2638.59,13.21,2024-12-02 16:15:00,2024-12-02 18:05:00,sl,-3.5
2024-12-03,buy,2635.44,2634.1,2631.94,2642.13,2649.32,2634.94,14.38,2024-12-02 18:15:00,2024-12-02 18:20:00,breakout,-1.34
2024-12-04,sell,2648.3,2641.98,2651.8,2641.98,2648.8,2635.17,13.63,2024-12-03 18:00:00,2024-12-03 19:20:00,tp,6.32
2024-12-04,buy,2641.6,2641.0,2638.45,2645.31,2649.16,2641.45,7.72,2024-12-03 19:25:00,2024-12-03 19:55:00,session_end,-0.6
2024-12-05,buy,2647.44,2651.26,2643.94,2651.26,2655.58,2646.94,8.64,2024-12-04 19:00:00,2024-12-04 19:05:00,tp,3.82
2024-12-05,sell,2654.71,2651.02,2658.21,2651.02,2655.21,2646.83,8.38,2024-12-04 19:15:00,2024-12-04 19:20:00,tp,3.69
2024-12-07,buy,2634.57,2634.54,2631.07,2637.86,2641.65,2634.07,7.58,2024-12-06 19:10:00,2024-12-06 19:55:00,session_end,-0.03
2024-12-10,buy,2666.09,2664.3,2662.59,2671.01,2676.43,2665.59,10.84,2024-12-09 17:25:00,2024-12-09 17:45:00,breakout,-1.79
2024-12-11,sell,2691.26,2694.76,2694.76,2682.04,2691.76,2672.31,19.46,2024-12-10 16:05:00,2024-12-10 17:50:00,sl,-3.5
2024-12-11,sell,2695.43,2692.01,2698.43,2689.92,2695.43,2684.41,11.01,2024-12-10 17:55:00,2024-12-10 19:55:00,session_end,3.42
2024-12-12,sell,2715.43,2718.93,2718.93,2703.29,2715.93,2690.64,25.29,2024-12-11 16:10:00,2024-12-11 17:05:00,sl,-3.5
2024-12-12,sell,2719.42,2720.84,2722.92,2708.25,2719.92,2696.59,23.33,2024-12-11 17:10:00,2024-12-11 18:20:00,breakout,-1.42
2024-12-13,sell,2686.54,2683.13,2690.04,2682.17,2687.04,2677.3,9.74,2024-12-12 19:15:00,2024-12-12 19:55:00,session_end,3.41
2024-12-14,buy,2655.06,2652.95,2651.56,2659.56,2664.57,2654.56,10.01,2024-12-13 18:05:00,2024-12-13 18:40:00,breakout,-2.11
2024-12-17,buy,2651.33,2650.09,2647.83,2657.19,2663.54,2650.83,12.71,2024-12-16 16:20:00,2024-12-16 16:25:00,breakout,-1.24
2024-12-18,sell,2642.48,2645.98,2645.98,2638.94,2642.98,2634.9,8.08,2024-12-17 17:20:00,2024-12-17 17:55:00,sl,-3.5
2024-12-18,sell,2646.56,2648.55,2650.06,2641.68,2647.06,2636.3,10.76,2024-12-17 18:05:00,2024-12-17 18:40:00,breakout,-1.99
2024-12-19,buy,2634.19,2639.86,2630.69,2639.86,2646.03,2633.69,12.34,2024-12-18 16:45:00,2024-12-18 17:25:00,tp,5.67
2024-12-19,sell,2639.79,2636.51,2642.99,2636.51,2639.99,2633.02,6.97,2024-12-18 17:30:00,2024-12-18 17:50:00,tp,3.28
2024-12-20,sell,2596.14,2599.02,2599.64,2591.8,2596.64,2586.95,9.69,2024-12-19 18:35:00,2024-12-19 18:40:00,breakout,-2.88
2024-12-24,buy,2609.71,2614.56,2606.21,2614.56,2619.9,2609.21,10.68,2024-12-23 16:00:00,2024-12-23 16:35:00,tp,4.84
2024-12-24,buy,2610.41,2611.08,2606.91,2613.26,2616.6,2609.91,6.69,2024-12-23 19:25:00,2024-12-23 19:55:00,session_end,0.67
2024-12-25,sell,2616.77,2618.35,2620.27,2613.64,2617.27,2610.01,7.26,2024-12-24 16:30:00,2024-12-24 17:20:00,breakout,-1.58
2024-12-27,sell,2635.47,2634.95,2638.97,2631.93,2635.97,2627.89,8.09,2024-12-26 19:40:00,2024-12-26 19:55:00,session_end,0.53
2024-12-28,sell,2619.3,2620.5,2622.8,2616.35,2619.8,2612.9,6.9,2024-12-27 18:35:00,2024-12-27 19:45:00,breakout,-1.2
2025-01-01,sell,2627.04,2623.87,2630.54,2622.3,2627.54,2617.05,10.49,2024-12-31 18:25:00,2024-12-31 19:55:00,session_end,3.17
2025-01-04,buy,2641.12,2639.42,2637.62,2646.65,2652.67,2640.62,12.05,2025-01-03 16:45:00,2025-01-03 16:50:00,breakout,-1.7
2025-01-07,sell,2639.84,2634.37,2643.34,2627.39,2640.34,2614.44,25.91,2025-01-06 16:35:00,2025-01-06 19:55:00,session_end,5.47
2025-01-08,buy,2647.69,2649.24,2644.19,2651.62,2656.05,2647.19,8.86,2025-01-07 19:20:00,2025-01-07 19:55:00,session_end,1.55
2025-01-09,sell,2667.34,2661.59,2670.84,2661.59,2667.84,2655.35,12.48,2025-01-08 16:40:00,2025-01-08 17:30:00,tp,5.74
2025-01-10,buy,2667.7,2664.2,2664.2,2672.78,2678.35,2667.2,11.15,2025-01-09 16:05:00,2025-01-09 17:05:00,sl,-3.5
2025-01-11,sell,2697.53,2690.07,2701.03,2690.07,2698.03,2682.12,15.9,2025-01-10 17:35:00,2025-01-10 18:15:00,tp,7.45
2025-01-11,buy,2687.24,2685.86,2683.74,2692.38,2698.03,2686.74,11.28,2025-01-10 18:25:00,2025-01-10 19:55:00,session_end,-1.39
2025-01-14,buy,2661.58,2667.66,2658.08,2667.66,2674.24,2661.08,13.16,2025-01-13 16:00:00,2025-01-13 16:25:00,tp,6.08
2025-01-14,buy,2661.12,2657.62,2657.62,2667.43,2674.24,2660.62,13.62,2025-01-13 16:55:00,2025-01-13 18:25:00,sl,-3.5
2025-01-15,sell,2673.29,2666.8,2676.79,2666.8,2673.79,2659.8,13.99,2025-01-14 16:45:00,2025-01-14 18:15:00,tp,6.49
2025-01-15,buy,2667.21,2670.33,2663.71,2670.33,2673.96,2666.71,7.25,2025-01-14 18:20:00,2025-01-14 18:30:00,tp,3.13
2025-01-16,buy,2677.14,2686.35,2673.64,2686.35,2696.06,2676.64,19.42,2025-01-15 16:00:00,2025-01-15 16:40:00,tp,9.21
2025-01-16,sell,2692.26,2694.18,2695.76,2684.7,2692.76,2676.64,16.12,2025-01-15 17:10:00,2025-01-15 19:55:00,session_end,-1.92
2025-01-17,sell,2719.22,2722.31,2722.72,2711.57,2719.72,2703.42,16.3,2025-01-16 16:10:00,2025-01-16 16:50:00,breakout,-3.09
2025-01-18,sell,2714.64,2709.77,2718.14,2708.94,2715.14,2702.74,12.4,2025-01-17 16:00:00,2025-01-17 18:20:00,breakout,4.87
2025-01-21,sell,2710.99,2707.31,2714.49,2707.31,2711.49,2703.12,8.38,2025-01-20 17:35:00,2025-01-20 17:55:00,tp,3.69
2025-01-21,sell,2710.66,2709.06,2714.16,2707.14,2711.16,2703.12,8.04,2025-01-20 18:35:00,2025-01-20 19:10:00,session_end,1.6
2025-01-23,sell,2759.8,2755.31,2763.3,2755.31,2760.3,2750.33,9.97,2025-01-22 16:35:00,2025-01-22 18:00:00,tp,4.48
2025-01-25,buy,2774.22,2772.68,2770.72,2779.87,2786.01,2773.72,12.29,2025-01-24 16:00:00,2025-01-24 16:45:00,breakout,-1.55
2025-01-30,buy,2748.7,2746.82,2745.2,2754.64,2761.09,2748.2,12.89,2025-01-29 16:50:00,2025-01-29 19:00:00,breakout,-1.88
2025-01-31,sell,2796.28,2793.36,2799.78,2787.8,2796.78,2778.82,17.96,2025-01-30 16:00:00,2025-01-30 19:55:00,session_end,2.91
2025-02-01,buy,2805.01,2810.87,2801.51,2810.87,2817.24,2804.51,12.74,2025-01-31 17:10:00,2025-01-31 17:15:00,tp,5.87
2025-02-04,sell,2822.6,2817.93,2826.1,2817.93,2823.1,2812.76,10.33,2025-02-03 19:15:00,2025-02-03 19:50:00,tp,4.67
2025-02-05,sell,2844.53,2843.05,2848.03,2838.73,2845.03,2832.43,12.6,2025-02-04 18:35:00,2025-02-04 19:55:00,session_end,1.48
2025-02-06,buy,2863.52,2863.5,2860.02,2872.13,2881.23,2863.02,18.21,2025-02-05 19:00:00,2025-02-05 19:55:00,session_end,-0.02
2025-02-07,sell,2853.67,2853.74,2857.17,2851.1,2854.17,2848.03,6.14,2025-02-06 19:55:00,2025-02-06 19:55:00,session_end,-0.07
2025-02-11,buy,2899.52,2896.63,2896.02,2905.54,2912.06,2899.02,13.04,2025-02-10 17:15:00,2025-02-10 17:30:00,breakout,-2.89
2025-02-12,sell,2906.07,2900.08,2909.57,2894.15,2906.57,2881.73,24.84,2025-02-11 16:05:00,2025-02-11 19:55:00,session_end,5.99
2025-02-14,sell,2920.46,2913.38,2923.96,2913.38,2920.96,2905.79,15.17,2025-02-13 16:00:00,2025-02-13 16:50:00,tp,7.08
2025-02-14,sell,2920.46,2921.61,2923.96,2916.92,2920.96,2912.89,8.07,2025-02-13 18:45:00,2025-02-13 18:50:00,breakout,-1.16
2025-02-19,sell,2929.11,2931.06,2932.61,2922.23,2929.61,2914.85,14.76,2025-02-18 16:20:00,2025-02-18 16:40:00,breakout,-1.95
2025-02-20,buy,2925.67,2922.5,2922.5,2933.58,2941.66,2925.5,16.16,2025-02-19 16:00:00,2025-02-19 17:40:00,sl,-3.17
2025-02-20,buy,2922.75,2919.46,2919.46,2931.55,2940.64,2922.46,18.18,2025-02-19 17:45:00,2025-02-19 18:20:00,sl,-3.29
2025-02-21,sell,2945.15,2934.89,2948.65,2934.89,2945.65,2924.12,21.52,2025-02-20 17:00:00,2025-02-20 19:35:00,tp,10.26
2025-02-21,buy,2934.03,2937.89,2930.53,2940.26,2947.0,2933.53,13.47,2025-02-20 19:40:00,2025-02-20 19:55:00,session_end,3.86
2025-02-22,sell,2938.59,2942.09,2942.09,2930.34,2939.09,2921.59,17.5,2025-02-21 17:15:00,2025-02-21 18:35:00,sl,-3.5
2025-02-22,sell,2941.96,2934.89,2945.46,2934.89,2942.46,2927.32,15.14,2025-02-21 18:50:00,2025-02-21 19:45:00,tp,7.07
2025-02-25,sell,2944.06,2947.56,2947.56,2937.63,2944.56,2930.69,13.87,2025-02-24 17:30:00,2025-02-24 18:25:00,sl,-3.5
2025-02-25,sell,2947.33,2949.22,2950.83,2940.54,2947.83,2933.25,14.58,2025-02-24 18:30:00,2025-02-24 19:00:00,breakout,-1.89
2025-02-28,sell,2882.04,2885.54,2885.54,2875.14,2882.54,2867.74,14.8,2025-02-27 17:50:00,2025-02-27 18:00:00,sl,-3.5
2025-02-28,sell,2885.3,2878.39,2888.8,2878.39,2885.8,2870.99,14.81,2025-02-27 18:05:00,2025-02-27 19:30:00,tp,6.91
2025-03-01,buy,2839.72,2846.57,2836.22,2846.57,2853.91,2839.22,14.68,2025-02-28 18:25:00,2025-02-28 18:40:00,tp,6.84
2025-03-04,sell,2890.04,2892.36,2893.54,2879.93,2890.54,2869.33,21.21,2025-03-03 16:20:00,2025-03-03 16:40:00,breakout,-2.32
2025-03-05,sell,2915.88,2916.09,2919.38,2912.31,2916.38,2908.24,8.14,2025-03-04 19:50:00,2025-03-04 19:55:00,session_end,-0.2
2025-03-07,buy,2914.24,2917.57,2910.74,2917.57,2921.4,2913.74,7.66,2025-03-06 19:20:00,2025-03-06 19:50:00,tp,3.33
2025-03-08,buy,2909.06,2905.96,2905.56,2919.54,2930.53,2908.56,21.97,2025-03-07 17:10:00,2025-03-07 17:15:00,breakout,-3.09
2025-03-11,buy,2898.18,2894.68,2894.68,2904.15,2910.62,2897.68,12.93,2025-03-10 16:45:00,2025-03-10 17:00:00,sl,-3.5
2025-03-11,buy,2893.88,2890.38,2890.38,2902.0,2910.62,2893.38,17.24,2025-03-10 17:10:00,2025-03-10 17:35:00,sl,-3.5
2025-03-12,sell,2920.44,2916.35,2923.94,2916.35,2920.94,2911.76,9.18,2025-03-11 17:10:00,2025-03-11 17:20:00,tp,4.09
2025-03-12,sell,2920.09,2918.4,2923.59,2917.33,2920.59,2914.07,6.52,2025-03-11 19:15:00,2025-03-11 19:55:00,session_end,1.69
2025-03-15,sell,2989.83,2984.36,2993.33,2984.36,2990.33,2978.4,11.94,2025-03-14 17:25:00,2025-03-14 18:30:00,tp,5.47
2025-03-15,buy,2983.43,2984.01,2979.93,2986.68,2990.43,2982.93,7.5,2025-03-14 18:55:00,2025-03-14 19:55:00,session_end,0.57
2025-03-18,sell,2999.07,3000.17,3002.57,2996.23,2999.57,2992.88,6.69,2025-03-17 17:55:00,2025-03-17 19:55:00,session_end,-1.1
2025-03-19,sell,3036.86,3031.03,3040.36,3031.03,3037.36,3024.7,12.67,2025-03-18 16:55:00,2025-03-18 17:25:00,tp,5.83
2025-03-19,sell,3036.45,3037.82,3039.95,3033.36,3036.95,3029.78,7.17,2025-03-18 19:00:00,2025-03-18 19:15:00,breakout,-1.38
2025-03-20,sell,3035.89,3037.78,3039.39,3031.11,3036.39,3025.84,10.54,2025-03-19 16:15:00,2025-03-19 16:20:00,breakout,-1.89
2025-03-21,sell,3041.43,3035.91,3044.93,3035.91,3041.93,3029.88,12.05,2025-03-20 16:00:00,2025-03-20 16:30:00,tp,5.52
2025-03-21,sell,3042.7,3045.07,3046.2,3038.54,3043.2,3033.88,9.32,2025-03-20 18:05:00,2025-03-20 18:10:00,breakout,-2.37
2025-03-22,sell,3017.4,3018.97,3020.9,3008.66,3017.9,2999.41,18.49,2025-03-21 17:10:00,2025-03-21 18:25:00,breakout,-1.57
2025-03-27,sell,3019.54,3016.18,3023.04,3016.18,3020.04,3012.32,7.71,2025-03-26 18:00:00,2025-03-26 19:10:00,tp,3.36
2025-03-28,buy,3048.29,3053.8,3044.79,3053.8,3059.81,3047.79,12.02,2025-03-27 17:30:00,2025-03-27 18:05:00,tp,5.51
2025-03-28,sell,3057.08,3057.47,3060.58,3052.69,3057.58,3047.79,9.79,2025-03-27 19:10:00,2025-03-27 19:55:00,session_end,-0.38
2025-03-29,sell,3086.3,3077.03,3089.8,3077.03,3086.8,3067.26,19.55,2025-03-28 16:00:00,2025-03-28 17:45:00,tp,9.27
2025-04-01,sell,3122.83,3124.36,3126.33,3117.48,3123.33,3111.64,11.69,2025-03-31 18:50:00,2025-03-31 19:55:00,session_end,-1.53
2025-04-02,buy,3113.69,3110.38,3110.38,3125.22,3137.06,3113.38,23.68,2025-04-01 16:00:00,2025-04-01 16:05:00,sl,-3.31
2025-04-03,sell,3131.71,3124.4,3135.21,3124.4,3132.21,3116.6,15.61,2025-04-02 16:25:00,2025-04-02 17:25:00,tp,7.31
2025-04-03,buy,3121.29,3118.97,3117.79,3127.58,3134.37,3120.79,13.58,2025-04-02 17:35:00,2025-04-02 18:25:00,breakout,-2.32
2025-04-04,sell,3112.27,3106.36,3115.77,3106.36,3112.77,3099.95,12.82,2025-04-03 19:15:00,2025-04-03 19:30:00,tp,5.91
2025-04-10,sell,3090.25,3092.33,3093.75,3078.03,3090.75,3065.31,25.44,2025-04-09 16:35:00,2025-04-09 16:50:00,breakout,-2.08
2025-04-11,sell,3173.93,3170.77,3177.15,3162.84,3174.15,3151.54,22.61,2025-04-10 18:45:00,2025-04-10 19:55:00,session_end,3.16
2025-04-12,sell,3243.61,3231.84,3247.11,3231.84,3244.11,3219.57,24.54,2025-04-11 16:05:00,2025-04-11 16:35:00,tp,11.77
2025-04-12,buy,3220.07,3232.5,3216.57,3232.5,3245.44,3219.57,25.87,2025-04-11 16:55:00,2025-04-11 17:30:00,tp,12.43
2025-04-15,sell,3215.2,3206.0,3218.7,3206.0,3215.7,3196.3,19.4,2025-04-14 17:30:00,2025-04-14 18:30:00,tp,9.2
2025-04-16,sell,3225.21,3226.59,3228.71,3221.39,3225.71,3217.07,8.64,2025-04-15 17:30:00,2025-04-15 17:35:00,breakout,-1.38
2025-04-22,buy,3408.43,3419.09,3404.93,3419.09,3430.24,3407.93,22.31,2025-04-21 17:05:00,2025-04-21 17:35:00,tp,10.65
2025-04-22,sell,3425.64,3427.51,3429.14,3416.08,3426.14,3406.01,20.13,2025-04-21 18:30:00,2025-04-21 19:00:00,breakout,-1.86
2025-04-25,sell,3334.21,3336.89,3337.71,3320.73,3334.71,3306.74,27.97,2025-04-24 16:10:00,2025-04-24 17:15:00,breakout,-2.67
2025-04-26,sell,3286.72,3290.22,3290.22,3278.68,3287.22,3270.13,17.09,2025-04-25 16:55:00,2025-04-25 17:15:00,sl,-3.5
2025-04-26,sell,3290.0,3293.37,3293.37,3280.25,3290.37,3270.13,20.24,2025-04-25 17:20:00,2025-04-25 17:35:00,sl,-3.37
2025-05-01,buy,3300.9,3297.4,3297.4,3307.34,3314.28,3300.4,13.88,2025-04-30 19:20:00,2025-04-30 19:35:00,sl,-3.5
2025-05-02,sell,3220.28,3223.78,3223.78,3212.9,3220.78,3205.03,15.75,2025-05-01 18:30:00,2025-05-01 18:35:00,sl,-3.5
2025-05-08,sell,3389.26,3384.3,3392.76,3384.3,3389.76,3378.83,10.93,2025-05-07 17:50:00,2025-05-07 17:50:00,tp,4.96
2025-05-08,sell,3389.39,3392.89,3392.89,3384.36,3389.89,3378.83,11.05,2025-05-07 18:00:00,2025-05-07 18:00:00,sl,-3.5
2025-05-10,sell,3345.54,3334.21,3349.04,3333.17,3346.04,3320.3,25.75,2025-05-09 16:00:00,2025-05-09 19:05:00,breakout,11.33
2025-05-13,buy,3232.29,3229.43,3228.79,3240.22,3248.64,3231.79,16.85,2025-05-12 16:10:00,2025-05-12 16:15:00,breakout,-2.86
2025-05-15,buy,3179.56,3176.06,3176.06,3188.68,3198.3,3179.06,19.24,2025-05-14 16:40:00,2025-05-14 16:40:00,sl,-3.5
2025-05-15,buy,3174.18,3171.93,3170.68,3182.3,3190.92,3173.68,17.24,2025-05-14 18:50:00,2025-05-14 18:55:00,breakout,-2.26
2025-05-17,sell,3188.11,3191.61,3191.61,3177.3,3188.61,3166.0,22.61,2025-05-16 16:50:00,2025-05-16 17:05:00,sl,-3.5
2025-05-17,sell,3191.64,3193.85,3195.14,3186.29,3192.14,3180.43,11.71,2025-05-16 19:05:00,2025-05-16 19:15:00,breakout,-2.2
2025-05-21,sell,3284.76,3286.52,3288.26,3279.32,3285.26,3273.37,11.89,2025-05-20 17:30:00,2025-05-20 17:35:00,breakout,-1.76
2025-05-22,sell,3314.71,3307.2,3318.21,3307.2,3315.21,3299.18,16.03,2025-05-21 17:20:00,2025-05-21 17:30:00,tp,7.51
2025-05-22,sell,3315.05,3318.55,3318.55,3309.16,3315.55,3302.77,12.78,2025-05-21 17:55:00,2025-05-21 19:00:00,sl,-3.5
2025-05-23,sell,3304.81,3292.16,3308.07,3292.16,3305.07,3279.25,25.81,2025-05-22 16:50:00,2025-05-22 17:35:00,tp,12.65
2025-05-23,buy,3290.67,3290.3,3287.17,3297.51,3304.86,3290.17,14.69,2025-05-22 19:25:00,2025-05-22 19:55:00,session_end,-0.37
2025-05-24,sell,3362.16,3365.66,3365.66,3349.61,3362.66,3336.56,26.1,2025-05-23 16:30:00,2025-05-23 17:25:00,sl,-3.5
2025-05-24,sell,3365.75,3360.78,3368.89,3357.17,3365.89,3348.45,17.43,2025-05-23 17:30:00,2025-05-23 19:55:00,session_end,4.96
2025-05-27,sell,3341.15,3342.96,3344.65,3338.14,3341.65,3334.63,7.02,2025-05-26 16:35:00,2025-05-26 16:40:00,breakout,-1.81
2025-05-28,sell,3302.77,3306.27,3306.27,3296.44,3303.27,3289.61,13.66,2025-05-27 17:25:00,2025-05-27 19:35:00,sl,-3.5
2025-05-29,sell,3300.37,3302.1,3303.87,3294.73,3300.87,3288.59,12.28,2025-05-28 18:05:00,2025-05-28 18:20:00,breakout,-1.73
2025-05-31,sell,3292.32,3294.83,3295.82,3282.17,3292.82,3271.53,21.29,2025-05-30 16:55:00,2025-05-30 19:55:00,session_end,-2.51
2025-06-03,sell,3378.75,3382.25,3382.25,3374.27,3379.25,3369.28,9.97,2025-06-02 18:50:00,2025-06-02 19:50:00,sl,-3.5
2025-06-03,sell,3381.84,3381.54,3385.34,3375.89,3382.34,3369.43,12.91,2025-06-02 19:55:00,2025-06-02 19:55:00,session_end,0.3
2025-06-04,sell,3353.07,3352.66,3356.57,3346.49,3353.57,3339.41,14.16,2025-06-03 17:20:00,2025-06-03 19:55:00,session_end,0.41
2025-06-05,sell,3380.4,3375.25,3383.9,3375.25,3380.9,3369.6,11.3,2025-06-04 18:05:00,2025-06-04 18:45:00,tp,5.15
2025-06-05,buy,3372.66,3373.61,3369.16,3377.19,3382.22,3372.16,10.06,2025-06-04 19:20:00,2025-06-04 19:55:00,session_end,0.95
2025-06-06,sell,3355.97,3359.47,3359.47,3347.92,3356.47,3339.37,17.11,2025-06-05 18:50:00,2025-06-05 19:20:00,sl,-3.5
2025-06-06,sell,3359.84,3353.56,3363.01,3353.56,3360.01,3347.11,12.9,2025-06-05 19:25:00,2025-06-05 19:45:00,tp,6.28
2025-06-07,buy,3321.32,3317.82,3317.82,3328.8,3336.77,3320.82,15.95,2025-06-06 18:00:00,2025-06-06 18:10:00,sl,-3.5
2025-06-10,sell,3331.57,3334.24,3335.07,3321.38,3332.07,3310.7,21.37,2025-06-09 16:15:00,2025-06-09 16:20:00,breakout,-2.67
2025-06-11,buy,3320.44,3324.11,3316.94,3324.11,3328.28,3319.94,8.33,2025-06-10 18:55:00,2025-06-10 19:00:00,tp,3.67
2025-06-11,sell,3325.32,3328.82,3328.82,3322.59,3325.82,3319.36,6.46,2025-06-10 19:10:00,2025-06-10 19:15:00,sl,-3.5
2025-06-12,buy,3328.59,3325.09,3325.09,3335.43,3342.76,3328.09,14.67,2025-06-11 17:00:00,2025-06-11 17:10:00,sl,-3.5
2025-06-13,buy,3378.29,3385.13,3374.79,3385.13,3392.47,3377.79,14.69,2025-06-12 17:20:00,2025-06-12 18:35:00,tp,6.84
2025-06-13,sell,3388.24,3388.14,3391.74,3383.42,3388.74,3378.1,10.65,2025-06-12 19:40:00,2025-06-12 19:55:00,session_end,0.11
2025-06-14,sell,3433.02,3436.52,3436.52,3426.37,3433.52,3419.22,14.29,2025-06-13 18:05:00,2025-06-13 18:45:00,sl,-3.5
2025-06-14,sell,3438.46,3432.31,3441.59,3428.91,3438.59,3419.22,19.37,2025-06-13 18:50:00,2025-06-13 19:55:00,session_end,6.16
2025-06-17,buy,3392.26,3388.76,3388.76,3398.74,3405.72,3391.76,13.96,2025-06-16 17:40:00,2025-06-16 18:20:00,sl,-3.5
2025-06-18,sell,3387.79,3391.29,3391.29,3377.18,3388.29,3366.08,22.21,2025-06-17 17:15:00,2025-06-17 17:50:00,sl,-3.5
2025-06-18,sell,3390.8,3385.71,3394.3,3381.87,3391.3,3372.44,18.87,2025-06-17 18:05:00,2025-06-17 19:55:00,session_end,5.09
2025-06-19,sell,3394.18,3387.93,3397.68,3387.93,3394.68,3381.18,13.5,2025-06-18 18:05:00,2025-06-18 18:05:00,tp,6.25
2025-06-20,sell,3371.42,3373.45,3374.92,3366.75,3371.92,3361.57,10.35,2025-06-19 17:00:00,2025-06-19 17:10:00,breakout,-2.03
2025-06-21,buy,3366.34,3369.6,3362.84,3369.6,3373.36,3365.84,7.53,2025-06-20 18:10:00,2025-06-20 19:05:00,tp,3.26
2025-06-21,buy,3365.11,3365.62,3361.61,3368.97,3373.33,3364.61,8.72,2025-06-20 19:45:00,2025-06-20 19:55:00,session_end,0.52
2025-06-24,sell,3389.32,3392.82,3392.82,3376.7,3389.82,3363.59,26.23,2025-06-23 16:10:00,2025-06-23 16:25:00,sl,-3.5
2025-06-24,buy,3377.6,3385.33,3374.1,3385.33,3393.57,3377.1,16.47,2025-06-23 17:25:00,2025-06-23 18:10:00,tp,7.73
2025-06-25,sell,3316.56,3319.31,3320.06,3306.22,3317.06,3295.38,21.68,2025-06-24 16:40:00,2025-06-24 16:50:00,breakout,-2.74
2025-06-26,sell,3326.72,3330.22,3330.22,3319.55,3327.22,3311.89,15.32,2025-06-25 16:00:00,2025-06-25 16:30:00,sl,-3.5
2025-06-28,sell,3277.63,3280.03,3281.13,3266.98,3278.13,3255.84,22.3,2025-06-27 16:15:00,2025-06-27 17:45:00,breakout,-2.4
2025-07-01,sell,3290.26,3293.42,3293.76,3284.36,3290.76,3277.95,12.81,2025-06-30 16:00:00,2025-06-30 16:10:00,breakout,-3.16
2025-07-02,buy,3337.48,3338.01,3333.98,3344.82,3352.65,3336.98,15.67,2025-07-01 17:15:00,2025-07-01 19:55:00,session_end,0.52
2025-07-03,sell,3346.12,3349.62,3349.62,3340.23,3346.62,3333.84,12.78,2025-07-02 16:05:00,2025-07-02 17:00:00,sl,-3.5
2025-07-03,sell,3349.73,3351.46,3353.23,3342.04,3350.23,3333.84,16.39,2025-07-02 17:05:00,2025-07-02 18:10:00,breakout,-1.72
2025-07-04,sell,3334.21,3328.87,3337.71,3328.87,3334.71,3323.02,11.69,2025-07-03 17:00:00,2025-07-03 17:55:00,tp,5.35
2025-07-08,sell,3321.53,3322.68,3325.03,3314.11,3322.03,3306.2,15.83,2025-07-07 16:00:00,2025-07-07 16:10:00,breakout,-1.15
2025-07-09,sell,3307.21,3302.99,3310.71,3297.39,3307.71,3287.07,20.64,2025-07-08 17:20:00,2025-07-08 19:55:00,session_end,4.22
2025-07-10,sell,3312.42,3314.21,3315.92,3302.37,3312.92,3291.82,21.09,2025-07-09 16:35:00,2025-07-09 17:10:00,breakout,-1.79
2025-07-11,sell,3320.46,3322.59,3323.96,3316.53,3320.96,3312.11,8.85,2025-07-10 18:50:00,2025-07-10 19:00:00,breakout,-2.13
2025-07-12,sell,3358.1,3356.41,3361.6,3353.89,3358.6,3349.18,9.42,2025-07-11 19:05:00,2025-07-11 19:55:00,session_end,1.69
2025-07-15,sell,3351.14,3346.3,3354.64,3346.3,3351.64,3340.95,10.68,2025-07-14 17:40:00,2025-07-14 19:40:00,tp,4.84
2025-07-16,buy,3325.87,3322.37,3322.37,3338.89,3352.4,3325.37,27.03,2025-07-15 16:05:00,2025-07-15 16:10:00,sl,-3.5
2025-07-16,sell,3331.22,3330.45,3334.72,3325.97,3331.72,3320.22,11.5,2025-07-15 18:45:00,2025-07-15 19:55:00,session_end,0.76
2025-07-17,buy,3347.29,3347.08,3343.79,3352.1,3357.41,3346.79,10.62,2025-07-16 19:10:00,2025-07-16 19:55:00,session_end,-0.21
2025-07-19,buy,3351.69,3355.78,3348.19,3355.78,3360.36,3351.19,9.17,2025-07-18 16:10:00,2025-07-18 16:30:00,tp,4.09
2025-07-19,buy,3351.7,3349.08,3348.2,3354.36,3357.53,3351.2,6.34,2025-07-18 17:20:00,2025-07-18 19:30:00,breakout,-2.62
2025-07-22,buy,3393.11,3397.09,3389.61,3397.09,3401.57,3392.61,8.96,2025-07-21 17:15:00,2025-07-21 19:10:00,tp,3.98
2025-07-22,sell,3398.27,3398.81,3401.77,3395.12,3398.77,3391.47,7.3,2025-07-21 19:15:00,2025-07-21 19:55:00,session_end,-0.54
2025-07-23,sell,3430.11,3431.76,3433.61,3417.81,3430.61,3405.0,25.61,2025-07-22 16:10:00,2025-07-22 16:50:00,breakout,-1.65
2025-07-25,sell,3372.98,3370.48,3376.48,3369.87,3373.48,3366.27,7.21,2025-07-24 19:25:00,2025-07-24 19:55:00,session_end,2.5
2025-07-26,sell,3336.17,3337.95,3339.67,3330.8,3336.67,3324.93,11.74,2025-07-25 17:45:00,2025-07-25 18:05:00,breakout,-1.78
2025-07-29,sell,3315.11,3318.53,3318.61,3312.21,3315.61,3308.8,6.82,2025-07-28 19:00:00,2025-07-28 19:50:00,breakout,-3.41
2025-07-30,sell,3330.13,3324.85,3333.63,3324.85,3330.63,3319.07,11.56,2025-07-29 18:15:00,2025-07-29 19:40:00,tp,5.28
2025-07-30,buy,3323.0,3324.94,3319.5,3326.68,3330.86,3322.5,8.36,2025-07-29 19:45:00,2025-07-29 19:55:00,session_end,1.94
2025-07-31,sell,3302.84,3295.96,3306.34,3295.96,3303.34,3288.57,14.77,2025-07-30 18:00:00,2025-07-30 18:30:00,tp,6.88
2025-07-31,buy,3289.07,3296.68,3285.57,3296.68,3304.78,3288.57,16.21,2025-07-30 18:35:00,2025-07-30 18:35:00,tp,7.6
2025-08-01,buy,3291.41,3294.88,3288.32,3294.88,3298.43,3291.32,7.11,2025-07-31 19:25:00,2025-07-31 19:45:00,tp,3.47
2025-08-01,buy,3290.99,3291.03,3287.49,3294.46,3298.43,3290.49,7.94,2025-07-31 19:50:00,2025-07-31 19:55:00,session_end,0.04
2025-08-02,sell,3350.22,3353.43,3353.43,3345.48,3350.43,3340.53,9.9,2025-08-01 18:40:00,2025-08-01 19:30:00,sl,-3.21
2025-08-05,buy,3371.09,3375.97,3367.59,3377.97,3385.35,3370.59,14.75,2025-08-04 16:45:00,2025-08-04 19:55:00,session_end,4.88
2025-08-07,buy,3370.52,3371.64,3367.02,3374.77,3379.53,3370.02,9.51,2025-08-06 18:10:00,2025-08-06 19:55:00,session_end,1.12
2025-08-08,sell,3392.11,3388.46,3395.61,3388.46,3392.61,3384.31,8.29,2025-08-07 17:40:00,2025-08-07 18:45:00,tp,3.65
2025-08-12,buy,3341.91,3347.03,3338.41,3347.03,3352.65,3341.41,11.24,2025-08-11 17:30:00,2025-08-11 17:30:00,tp,5.12
2025-08-14,buy,3354.8,3351.3,3351.3,3360.51,3366.71,3354.3,12.41,2025-08-13 17:35:00,2025-08-13 18:00:00,sl,-3.5
2025-08-15,buy,3334.72,3331.22,3331.22,3345.14,3356.06,3334.22,21.83,2025-08-14 16:10:00,2025-08-14 16:15:00,sl,-3.5
2025-08-15,buy,3330.34,3337.97,3326.84,3341.41,3352.99,3329.84,23.15,2025-08-14 16:20:00,2025-08-14 19:55:00,session_end,7.63
2025-08-19,buy,3332.7,3330.55,3329.2,3338.35,3344.5,3332.2,12.3,2025-08-18 16:05:00,2025-08-18 19:05:00,breakout,-2.14
2025-08-22,buy,3338.04,3337.07,3334.54,3342.83,3348.11,3337.54,10.57,2025-08-21 17:25:00,2025-08-21 17:55:00,breakout,-0.98
2025-08-23,buy,3369.04,3372.02,3365.54,3372.02,3375.5,3368.54,6.96,2025-08-22 19:25:00,2025-08-22 19:55:00,tp,2.98
2025-08-27,sell,3387.24,3390.74,3390.74,3383.99,3387.74,3380.25,7.49,2025-08-26 19:05:00,2025-08-26 19:45:00,sl,-3.5
2025-08-28,sell,3389.96,3393.46,3393.46,3382.99,3390.46,3375.52,14.93,2025-08-27 16:20:00,2025-08-27 16:30:00,sl,-3.5
2025-08-29,sell,3412.98,3416.48,3416.48,3405.12,3413.48,3396.76,16.72,2025-08-28 16:10:00,2025-08-28 16:30:00,sl,-3.5
2025-08-29,sell,3416.9,3418.47,3420.36,3409.58,3417.36,3401.8,15.56,2025-08-28 16:35:00,2025-08-28 17:50:00,breakout,-1.57
2025-09-02,buy,3472.83,3476.82,3469.33,3476.82,3481.31,3472.33,8.99,2025-09-01 16:10:00,2025-09-01 16:45:00,tp,3.99
2025-09-02,sell,3478.85,3476.76,3482.35,3475.84,3479.35,3472.33,7.03,2025-09-01 17:30:00,2025-09-01 18:10:00,session_end,2.09
2025-09-04,sell,3566.9,3570.4,3570.4,3558.41,3567.4,3549.41,18.0,2025-09-03 16:25:00,2025-09-03 16:55:00,sl,-3.5
2025-09-04,sell,3572.44,3575.12,3575.58,3562.04,3572.58,3551.5,21.07,2025-09-03 17:00:00,2025-09-03 17:45:00,breakout,-2.68
2025-09-05,buy,3542.85,3549.29,3539.35,3549.29,3556.23,3542.35,13.88,2025-09-04 17:55:00,2025-09-04 19:20:00,tp,6.44
2025-09-06,sell,3597.42,3594.81,3600.92,3585.53,3597.92,3573.13,24.79,2025-09-05 16:05:00,2025-09-05 19:55:00,session_end,2.61
2025-09-09,buy,3633.73,3636.53,3630.23,3639.78,3646.32,3633.23,13.09,2025-09-08 17:55:00,2025-09-08 19:55:00,session_end,2.8
2025-09-11,sell,3648.15,3649.32,3651.65,3643.55,3648.65,3638.44,10.22,2025-09-10 18:15:00,2025-09-10 18:20:00,breakout,-1.17
2025-09-12,sell,3638.47,3636.95,3641.97,3628.65,3638.97,3618.32,20.65,2025-09-11 16:05:00,2025-09-11 19:55:00,session_end,1.53
2025-09-17,sell,3690.73,3689.61,3694.23,3687.42,3691.23,3683.61,7.62,2025-09-16 18:50:00,2025-09-16 19:55:00,session_end,1.12
2025-09-18,sell,3686.7,3688.01,3690.2,3680.02,3687.2,3672.84,14.36,2025-09-17 16:05:00,2025-09-17 16:20:00,breakout,-1.31
2025-09-19,sell,3645.91,3646.57,3649.41,3640.32,3646.41,3634.23,12.18,2025-09-18 16:50:00,2025-09-18 19:55:00,session_end,-0.67
2025-09-24,buy,3768.15,3778.23,3764.65,3778.23,3788.82,3767.65,21.16,2025-09-23 16:35:00,2025-09-23 16:50:00,tp,10.08
2025-09-24,sell,3781.55,3783.72,3785.05,3773.55,3782.05,3765.05,17.0,2025-09-23 17:10:00,2025-09-23 17:20:00,breakout,-2.17
2025-09-26,sell,3742.22,3745.72,3745.72,3733.14,3742.72,3723.57,19.15,2025-09-25 17:15:00,2025-09-25 18:25:00,sl,-3.5
2025-09-26,sell,3750.3,3753.8,3753.8,3739.95,3750.8,3729.1,21.7,2025-09-25 18:30:00,2025-09-25 18:35:00,sl,-3.5
2025-09-27,sell,3781.03,3776.47,3784.53,3776.47,3781.53,3771.42,10.11,2025-09-26 17:35:00,2025-09-26 18:00:00,tp,4.55
2025-09-30,sell,3832.69,3824.63,3836.19,3824.63,3833.19,3816.07,17.12,2025-09-29 16:15:00,2025-09-29 17:25:00,tp,8.06
2025-09-30,buy,3823.84,3828.46,3820.34,3828.46,3833.59,3823.34,10.24,2025-09-29 18:45:00,2025-09-29 19:15:00,tp,4.62
2025-10-01,sell,3848.82,3852.32,3852.32,3842.49,3849.32,3835.66,13.66,2025-09-30 18:50:00,2025-09-30 19:20:00,sl,-3.5
2025-10-03,sell,3848.14,3851.42,3851.42,3835.3,3848.42,3822.18,26.24,2025-10-02 18:40:00,2025-10-02 18:50:00,sl,-3.28
2025-10-03,sell,3851.06,3854.56,3854.56,3839.35,3851.56,3827.13,24.43,2025-10-02 18:55:00,2025-10-02 19:00:00,sl,-3.5
2025-10-04,sell,3888.68,3885.57,3892.18,3883.03,3889.18,3876.88,12.3,2025-10-03 19:35:00,2025-10-03 19:55:00,session_end,3.11
2025-10-07,sell,3964.89,3959.45,3968.39,3955.57,3965.39,3945.75,19.64,2025-10-06 19:10:00,2025-10-06 19:55:00,session_end,5.44
2025-10-16,sell,4202.54,4206.04,4206.04,4191.35,4203.04,4179.65,23.39,2025-10-15 18:05:00,2025-10-15 19:10:00,sl,-3.5
2025-10-25,buy,4112.67,4109.17,4109.17,4125.39,4138.62,4112.17,26.46,2025-10-24 17:40:00,2025-10-24 17:50:00,sl,-3.5
2025-10-28,buy,3988.86,3985.62,3985.62,3999.38,4010.15,3988.62,21.53,2025-10-27 19:35:00,2025-10-27 19:55:00,sl,-3.24
2025-11-05,buy,3948.29,3944.79,3944.79,3961.76,3975.73,3947.79,27.94,2025-11-04 18:25:00,2025-11-04 18:30:00,sl,-3.5
2025-11-08,sell,4006.99,4010.49,4010.49,3995.77,4007.49,3984.06,23.43,2025-11-07 16:25:00,2025-11-07 16:30:00,sl,-3.5
2025-11-11,sell,4095.26,4098.76,4098.76,4085.08,4095.76,4074.41,21.35,2025-11-10 16:55:00,2025-11-10 17:50:00,sl,-3.5
2025-11-12,sell,4117.29,4120.79,4120.79,4111.42,4117.79,4105.05,12.74,2025-11-11 19:10:00,2025-11-11 19:40:00,sl,-3.5
2025-11-25,sell,4093.41,4096.91,4096.91,4081.16,4093.91,4068.41,25.49,2025-11-24 16:00:00,2025-11-24 16:30:00,sl,-3.5
2025-11-25,sell,4099.4,4102.9,4102.9,4087.96,4099.9,4076.02,23.87,2025-11-24 17:50:00,2025-11-24 18:35:00,sl,-3.5
2025-11-28,buy,4151.84,4156.6,4148.34,4156.6,4161.86,4151.34,10.52,2025-11-27 16:25:00,2025-11-27 16:45:00,tp,4.76
2025-11-28,sell,4158.95,4160.26,4162.45,4155.44,4159.45,4151.44,8.0,2025-11-27 18:55:00,2025-11-27 19:05:00,breakout,-1.31
2025-12-02,sell,4241.82,4232.07,4245.32,4232.07,4242.32,4221.82,20.51,2025-12-01 18:25:00,2025-12-01 19:50:00,tp,9.75
2025-12-03,sell,4196.53,4200.03,4200.03,4183.47,4197.03,4169.91,27.11,2025-12-02 19:05:00,2025-12-02 19:55:00,sl,-3.5
2025-12-10,sell,4216.0,4219.5,4219.5,4202.94,4216.5,4189.39,27.11,2025-12-09 16:00:00,2025-12-09 16:10:00,sl,-3.5
2025-12-18,buy,4323.36,4336.08,4319.86,4336.08,4349.3,4322.86,26.44,2025-12-17 16:15:00,2025-12-17 16:45:00,tp,12.72
2025-12-20,sell,4354.86,4345.36,4358.36,4342.3,4355.36,4329.23,26.14,2025-12-19 17:55:00,2025-12-19 19:55:00,session_end,9.51
2025-12-23,sell,4435.01,4438.51,4438.51,4423.71,4435.51,4411.91,23.6,2025-12-22 16:05:00,2025-12-22 16:15:00,sl,-3.5
2025-12-23,buy,4430.03,4433.49,4426.53,4435.9,4442.27,4429.53,12.74,2025-12-22 19:10:00,2025-12-22 19:55:00,session_end,3.45
2025-12-31,buy,4362.94,4359.44,4359.44,4372.12,4381.8,4362.44,19.36,2025-12-30 19:30:00,2025-12-30 19:45:00,sl,-3.5
2026-01-01,buy,4317.61,4314.11,4314.11,4328.43,4339.74,4317.11,22.62,2025-12-31 18:45:00,2025-12-31 19:30:00,sl,-3.5
2026-01-07,buy,4478.18,4481.41,4474.68,4485.89,4494.1,4477.68,16.41,2026-01-06 19:15:00,2026-01-06 19:55:00,session_end,3.23
2026-01-15,sell,4626.0,4629.5,4629.5,4613.79,4626.5,4601.08,25.42,2026-01-14 18:15:00,2026-01-14 18:15:00,sl,-3.5
2026-01-20,sell,4675.6,4677.97,4679.1,4668.82,4676.1,4661.54,14.56,2026-01-19 16:00:00,2026-01-19 17:50:00,breakout,-2.37
2026-02-17,sell,4994.59,4993.86,4998.09,4981.95,4995.09,4968.82,26.26,2026-02-16 17:25:00,2026-02-16 19:25:00,session_end,0.73
2026-02-21,sell,5075.84,5079.34,5079.34,5065.02,5076.34,5053.7,22.63,2026-02-20 19:50:00,2026-02-20 19:55:00,sl,-3.5
2026-03-11,buy,5216.67,5213.17,5213.17,5227.37,5238.57,5216.17,22.4,2026-03-10 18:10:00,2026-03-10 18:15:00,sl,-3.5
2026-03-18,buy,4997.06,5002.82,4993.56,5002.82,5009.08,4996.56,12.53,2026-03-17 19:30:00,2026-03-17 19:40:00,tp,5.76
2026-03-26,buy,4543.09,4539.59,4539.59,4555.82,4569.04,4542.59,26.45,2026-03-25 18:45:00,2026-03-25 18:50:00,sl,-3.5
2026-04-07,buy,4646.06,4655.21,4642.56,4659.08,4672.59,4645.56,27.03,2026-04-06 19:15:00,2026-04-06 19:55:00,session_end,9.15
2026-04-10,buy,4778.38,4774.88,4774.88,4789.57,4801.26,4777.88,23.38,2026-04-09 18:20:00,2026-04-09 18:30:00,sl,-3.5
2026-04-11,sell,4772.73,4760.29,4776.23,4760.29,4773.23,4747.36,25.87,2026-04-10 18:40:00,2026-04-10 19:45:00,tp,12.44
2026-04-18,buy,4854.17,4854.61,4850.67,4863.59,4873.52,4853.67,19.84,2026-04-17 19:10:00,2026-04-17 19:55:00,session_end,0.44
2026-04-23,sell,4738.89,4742.39,4742.39,4731.53,4739.39,4723.68,15.71,2026-04-22 18:40:00,2026-04-22 18:45:00,sl,-3.5
2026-04-24,buy,4716.82,4728.73,4713.32,4728.73,4741.15,4716.32,24.83,2026-04-23 16:05:00,2026-04-23 16:30:00,tp,11.91
2026-04-25,buy,4717.31,4713.81,4713.81,4723.47,4730.13,4716.81,13.32,2026-04-24 19:35:00,2026-04-24 19:55:00,sl,-3.5
2026-05-01,buy,4606.13,4615.88,4602.63,4615.88,4626.14,4605.63,20.51,2026-04-30 16:55:00,2026-04-30 16:55:00,tp,9.76
2026-05-01,sell,4625.05,4615.37,4628.55,4615.37,4625.55,4605.2,20.35,2026-04-30 18:15:00,2026-04-30 19:30:00,tp,9.67
2026-05-06,buy,4564.66,4561.16,4561.16,4575.45,4586.74,4564.16,22.58,2026-05-05 16:00:00,2026-05-05 16:25:00,sl,-3.5
2026-05-06,buy,4553.6,4554.81,4550.1,4559.39,4565.68,4553.1,12.58,2026-05-05 19:55:00,2026-05-05 19:55:00,session_end,1.2
2026-05-07,sell,4691.46,4694.16,4694.96,4685.35,4691.96,4678.73,13.24,2026-05-06 19:00:00,2026-05-06 19:05:00,breakout,-2.7
2026-05-09,sell,4721.59,4725.09,4725.09,4711.93,4722.09,4701.76,20.33,2026-05-08 17:50:00,2026-05-08 18:00:00,sl,-3.5
2026-05-09,sell,4727.05,4723.8,4730.55,4714.66,4727.55,4701.76,25.79,2026-05-08 18:05:00,2026-05-08 19:55:00,session_end,3.26
2026-05-15,buy,4670.63,4667.13,4667.13,4679.78,4689.43,4670.13,19.3,2026-05-14 18:00:00,2026-05-14 18:45:00,sl,-3.5
2026-05-15,buy,4667.49,4663.99,4663.99,4675.05,4683.1,4666.99,16.11,2026-05-14 19:05:00,2026-05-14 19:25:00,sl,-3.5
2026-05-19,buy,4534.48,4546.14,4530.98,4546.14,4558.3,4533.98,24.32,2026-05-18 18:55:00,2026-05-18 19:00:00,tp,11.66
2026-05-20,buy,4495.75,4492.25,4492.25,4503.88,4512.5,4495.25,17.25,2026-05-19 18:30:00,2026-05-19 18:55:00,sl,-3.5
2026-05-21,sell,4538.98,4542.48,4542.48,4531.71,4539.48,4523.93,15.55,2026-05-20 18:30:00,2026-05-20 18:35:00,sl,-3.5
2026-05-21,sell,4542.97,4546.47,4546.47,4533.7,4543.47,4523.93,19.54,2026-05-20 18:40:00,2026-05-20 19:30:00,sl,-3.5
2026-05-22,sell,4520.09,4523.59,4523.59,4508.58,4520.59,4496.57,24.01,2026-05-21 17:00:00,2026-05-21 17:10:00,sl,-3.5
2026-05-23,buy,4512.16,4508.66,4508.66,4519.84,4528.01,4511.66,16.35,2026-05-22 19:00:00,2026-05-22 19:00:00,sl,-3.5
2026-05-23,buy,4507.21,4508.46,4503.71,4517.36,4528.01,4506.71,21.3,2026-05-22 19:10:00,2026-05-22 19:55:00,session_end,1.26
2026-05-26,sell,4574.17,4575.54,4577.67,4567.6,4574.67,4560.54,14.13,2026-05-25 16:50:00,2026-05-25 17:00:00,breakout,-1.37
2026-05-27,buy,4500.23,4496.73,4496.73,4512.41,4525.08,4499.73,25.35,2026-05-26 17:30:00,2026-05-26 17:50:00,sl,-3.5
