session_date,bars,session_range_usd,trades,session_pnl
2023-12-02,48,30.69,0,0.0
2023-12-05,48,10.85,1,-0.6
2023-12-06,48,8.46,1,0.34
2023-12-07,48,7.45,1,0.96
2023-12-08,48,11.79,1,-1.89
2023-12-09,48,15.15,1,-3.5
2023-12-12,48,8.49,1,-2.28
2023-12-13,48,6.52,1,-2.3
2023-12-14,48,37.84,0,0.0
2023-12-15,48,12.52,1,-1.0
2023-12-16,48,20.85,1,-3.5
2023-12-19,48,12.56,0,0.0
2023-12-20,48,10.35,0,0.0
2023-12-21,48,7.07,0,0.0
2023-12-22,48,7.68,2,2.98
2023-12-23,48,11.1,1,-1.22
2023-12-27,48,5.6,0,0.0
2023-12-28,48,8.57,1,-2.61
2023-12-29,48,11.43,1,-1.61
2023-12-30,48,7.05,2,6.51
2024-01-03,48,8.5,1,-0.07
2024-01-04,48,11.76,1,6.53
2024-01-05,48,5.86,0,0.0
2024-01-06,48,15.83,1,4.25
2024-01-09,48,10.63,1,2.4
2024-01-10,48,5.99,0,0.0
2024-01-11,48,8.16,1,-2.18
2024-01-12,48,16.38,2,4.84
2024-01-13,48,14.12,1,-3.04
2024-01-16,39,3.23,0,0.0
2024-01-17,48,17.08,2,-0.1
2024-01-18,48,10.23,0,0.0
2024-01-19,48,8.08,1,-1.8
2024-01-20,48,6.34,1,5.45
2024-01-23,48,5.57,1,-1.18
2024-01-24,48,8.12,0,0.0
2024-01-25,48,8.64,0,0.0
2024-01-26,48,9.18,0,0.0
2024-01-27,48,3.6,1,0.48
2024-01-30,48,7.14,1,4.73
2024-01-31,48,5.64,0,0.0
2024-02-01,48,14.17,1,-1.0
2024-02-02,48,14.2,0,0.0
2024-02-03,48,5.69,1,-0.91
2024-02-06,48,9.73,1,-2.17
2024-02-07,48,6.81,0,0.0
2024-02-08,48,6.94,1,1.04
2024-02-09,48,7.66,0,0.0
2024-02-10,48,6.1,0,0.0
2024-02-13,48,9.7,1,-1.62
2024-02-14,48,6.59,0,0.0
2024-02-15,48,8.66,1,-1.86
2024-02-16,48,8.04,2,3.45
2024-02-17,48,7.99,1,-1.77
2024-02-20,39,5.27,0,0.0
2024-02-21,48,4.15,0,0.0
2024-02-22,48,6.47,1,-1.62
2024-02-23,48,5.1,1,3.4
2024-02-24,48,11.26,0,0.0
2024-02-27,48,3.66,0,0.0
2024-02-28,48,6.68,1,-1.6
2024-02-29,48,4.69,0,0.0
2024-03-01,48,5.08,1,0.27
2024-03-02,48,19.1,0,0.0
2024-03-05,48,12.29,0,0.0
2024-03-06,48,11.07,1,3.51
2024-03-07,48,12.84,1,-1.95
2024-03-08,48,11.68,1,-2.57
2024-03-09,48,26.83,1,-3.5
2024-03-12,48,7.58,1,-1.18
2024-03-13,48,16.03,2,3.46
2024-03-14,48,10.27,1,-1.34
2024-03-15,48,8.34,1,-0.59
2024-03-16,48,8.36,1,-1.66
2024-03-19,48,6.53,0,0.0
2024-03-20,48,4.83,1,-2.21
2024-03-21,48,33.37,0,0.0
2024-03-22,48,10.99,1,1.82
2024-03-23,48,10.48,1,-3.5
2024-03-26,48,7.13,1,-2.01
2024-03-27,48,4.97,0,0.0
2024-03-28,48,5.22,0,0.0
2024-03-29,48,12.12,1,-2.39
2024-04-02,48,10.06,1,-3.5
2024-04-03,48,25.19,1,-3.41
2024-04-04,48,18.17,0,0.0
2024-04-05,48,25.72,2,2.56
2024-04-06,48,9.89,1,0.47
2024-04-09,48,15.97,2,-6.71
2024-04-10,48,11.51,1,-1.9
2024-04-11,48,19.5,0,0.0
2024-04-12,48,31.98,1,-3.11
2024-04-13,48,61.71,0,0.0
2024-04-16,48,41.52,0,0.0
2024-04-17,48,18.55,0,0.0
2024-04-18,48,23.47,1,-3.3
2024-04-19,48,11.27,2,10.46
2024-04-20,48,15.38,1,-2.74
2024-04-23,48,11.96,2,2.61
2024-04-24,48,10.16,1,-1.01
2024-04-25,48,12.7,2,-3.4
2024-04-26,48,13.46,1,1.66
2024-04-27,48,8.82,1,-1.4
2024-04-30,48,13.74,1,-2.25
2024-05-01,48,10.0,2,0.93
2024-05-02,48,32.45,1,5.58
2024-05-03,48,11.56,1,-2.71
2024-05-04,48,10.3,1,-1.64
2024-05-07,48,9.8,2,8.01
2024-05-08,48,6.43,1,1.81
2024-05-09,48,13.23,2,6.03
2024-05-10,48,14.9,1,-2.19
2024-05-11,48,9.3,2,6.3
2024-05-14,48,4.07,0,0.0
2024-05-15,48,13.32,1,-2.01
2024-05-16,48,13.22,2,-0.02
2024-05-17,48,6.04,1,-1.57
2024-05-18,48,13.45,1,-1.75
2024-05-21,48,14.91,1,-2.74
2024-05-22,48,7.7,0,0.0
2024-05-23,48,20.06,1,-3.5
2024-05-24,48,19.23,2,-6.39
2024-05-25,48,5.18,1,0.91
2024-05-28,15,3.47,0,0.0
2024-05-29,48,9.45,2,5.46
2024-05-30,48,8.28,2,8.85
2024-05-31,48,8.96,2,3.81
2024-06-01,48,16.17,2,-4.96
2024-06-04,48,13.4,0,0.0
2024-06-05,48,7.82,1,1.85
2024-06-06,48,5.36,0,0.0
2024-06-07,48,7.96,0,0.0
2024-06-08,48,26.97,1,-3.5
2024-06-11,48,6.83,1,-2.92
2024-06-12,48,9.93,2,1.95
2024-06-13,48,23.74,1,8.62
2024-06-14,48,9.43,0,0.0
2024-06-15,48,10.21,1,1.01
2024-06-18,48,8.04,1,-0.88
2024-06-19,48,6.64,1,-3.5
2024-06-20,15,2.45,1,0.92
2024-06-21,48,8.2,1,-1.8
2024-06-22,48,12.68,0,0.0
2024-06-25,48,7.81,1,1.49
2024-06-26,48,9.55,1,3.71
2024-06-27,48,6.12,0,0.0
2024-06-28,48,5.9,1,2.98
2024-06-29,48,9.79,2,-1.86
2024-07-02,48,5.27,0,0.0
2024-07-03,48,10.38,1,4.83
2024-07-04,48,9.53,1,-1.57
2024-07-05,15,2.2,0,0.0
2024-07-06,48,9.02,2,-0.26
2024-07-09,48,8.84,0,0.0
2024-07-10,48,9.09,1,-0.88
2024-07-11,48,11.47,0,0.0
2024-07-12,48,9.24,0,0.0
2024-07-13,48,6.54,1,-3.5
2024-07-16,48,20.05,1,-0.74
2024-07-17,48,10.9,1,-1.16
2024-07-18,48,13.7,0,0.0
2024-07-19,48,21.84,2,-6.64
2024-07-20,48,10.36,1,2.22
2024-07-23,48,13.97,0,0.0
2024-07-24,48,6.35,1,3.41
2024-07-25,48,26.64,1,-2.01
2024-07-26,48,12.44,2,3.7
2024-07-27,48,9.26,1,5.5
2024-07-30,48,11.03,1,-1.39
2024-07-31,48,26.12,0,0.0
2024-08-01,48,29.28,2,7.66
2024-08-02,48,13.88,0,0.0
2024-08-03,48,16.29,0,0.0
2024-08-06,48,14.07,1,-1.9
2024-08-07,48,10.47,2,2.58
2024-08-08,48,15.97,2,-7.0
2024-08-09,48,10.6,1,-2.04
2024-08-10,48,9.91,2,6.4
2024-08-13,48,13.26,0,0.0
2024-08-14,48,8.85,1,-2.94
2024-08-15,48,10.45,0,0.0
2024-08-16,48,8.23,1,-1.41
2024-08-17,48,17.38,1,-2.25
2024-08-20,48,6.85,1,-1.41
2024-08-21,48,14.69,0,0.0
2024-08-22,48,16.12,1,-2.67
2024-08-23,48,7.47,1,-1.47
2024-08-24,48,11.5,1,1.97
2024-08-27,48,9.87,1,-1.69
2024-08-28,48,16.11,1,-3.5
2024-08-29,48,13.21,0,0.0
2024-08-30,48,11.26,1,-2.69
2024-08-31,48,11.96,0,0.0
2024-09-03,18,3.3,0,0.0
2024-09-04,48,10.52,2,-5.12
2024-09-05,48,6.59,0,0.0
2024-09-06,48,10.77,1,-1.68
2024-09-07,48,20.83,0,0.0
2024-09-10,48,7.47,1,-1.04
2024-09-11,48,6.82,1,-0.64
2024-09-12,48,10.26,1,-1.29
2024-09-13,48,14.24,1,-2.25
2024-09-14,48,7.52,1,3.99
2024-09-17,48,4.65,0,0.0
2024-09-18,48,10.98,1,1.95
2024-09-19,48,53.31,2,6.02
2024-09-20,48,6.68,2,-1.93
2024-09-21,48,7.89,1,1.68
2024-09-24,48,5.26,1,-0.05
2024-09-25,48,21.99,0,0.0
2024-09-26,48,13.4,1,-3.5
2024-09-27,48,14.99,1,-2.52
2024-09-28,48,13.33,0,0.0
2024-10-01,48,17.21,1,-3.41
2024-10-02,48,15.67,2,9.16
2024-10-03,48,11.87,1,-2.82
2024-10-04,48,13.67,2,-1.1
2024-10-05,48,12.04,0,0.0
2024-10-08,48,9.04,1,-2.11
2024-10-09,48,18.11,1,-2.16
2024-10-10,48,10.76,1,2.28
2024-10-11,48,14.93,2,4.48
2024-10-12,48,6.22,1,-1.93
2024-10-15,48,6.83,0,0.0
2024-10-16,48,9.97,2,2.92
2024-10-17,48,10.06,1,8.43
2024-10-18,48,10.24,0,0.0
2024-10-19,48,7.7,2,5.58
2024-10-22,48,11.43,1,-2.12
2024-10-23,48,11.79,2,-4.6
2024-10-24,48,11.32,0,0.0
2024-10-25,48,12.0,1,-1.39
2024-10-26,48,11.16,1,-2.85
2024-10-29,48,5.0,0,0.0
2024-10-30,48,10.69,1,-3.5
2024-10-31,48,7.09,1,-1.97
2024-11-01,48,11.74,0,0.0
2024-11-02,48,13.09,1,-3.08
2024-11-05,48,7.96,0,0.0
2024-11-06,48,8.24,0,0.0
2024-11-07,48,16.74,0,0.0
2024-11-08,48,12.79,1,5.57
2024-11-09,48,6.47,1,3.18
2024-11-12,48,10.14,0,0.0
2024-11-13,48,11.75,1,-2.11
2024-11-14,48,28.47,0,0.0
2024-11-15,48,10.35,1,-1.74
2024-11-16,48,13.87,1,-3.24
2024-11-19,48,7.77,1,3.39
2024-11-20,48,10.85,1,-1.85
2024-11-21,48,10.08,1,-3.12
2024-11-22,48,12.22,2,9.26
2024-11-23,48,10.65,0,0.0
2024-11-26,48,23.87,1,-3.5
2024-11-27,48,11.99,1,5.28
2024-11-28,48,10.59,1,-1.32
2024-11-29,27,4.98,0,0.0
2024-11-30,30,7.05,1,5.59
2024-12-03,48,10.83,2,-4.84
2024-12-04,48,10.33,2,5.72
2024-12-05,48,8.75,2,7.51
2024-12-06,48,19.95,0,0.0
2024-12-07,48,8.72,1,-0.03
2024-12-10,48,11.71,1,-1.79
2024-12-11,48,10.97,2,-0.08
2024-12-12,48,9.87,2,-4.92
2024-12-13,48,9.74,1,3.41
2024-12-14,48,12.43,1,-2.11
2024-12-17,48,7.28,1,-1.24
2024-12-18,48,12.46,2,-5.49
2024-12-19,48,35.97,2,8.95
2024-12-20,48,13.85,1,-2.88
2024-12-21,48,9.73,0,0.0
2024-12-24,48,8.52,2,5.51
2024-12-25,30,7.84,1,-1.58
2024-12-27,48,8.95,1,0.53
2024-12-28,48,7.3,1,-1.2
2024-12-31,48,12.32,0,0.0
2025-01-01,48,5.38,1,3.17
2025-01-03,48,10.42,0,0.0
2025-01-04,48,8.31,1,-1.7
2025-01-07,48,8.88,1,5.47
2025-01-08,48,9.67,1,1.55
2025-01-09,47,20.66,1,5.74
2025-01-10,48,9.87,1,-3.5
2025-01-11,48,13.38,2,6.07
2025-01-14,48,11.23,2,2.58
2025-01-15,48,9.57,2,9.62
2025-01-16,48,18.2,2,7.29
2025-01-17,48,10.08,1,-3.09
2025-01-18,48,14.38,1,4.87
2025-01-21,39,8.04,2,5.29
2025-01-22,48,8.13,0,0.0
2025-01-23,48,5.37,1,4.48
2025-01-24,48,14.79,0,0.0
2025-01-25,48,7.67,1,-1.55
2025-01-28,48,12.68,0,0.0
2025-01-29,48,9.79,0,0.0
2025-01-30,48,13.16,1,-1.88
2025-01-31,48,9.65,1,2.91
2025-02-01,48,20.99,1,5.87
2025-02-04,48,12.57,1,4.67
2025-02-05,48,12.52,1,1.48
2025-02-06,48,18.6,1,-0.02
2025-02-07,48,6.75,1,-0.07
2025-02-08,48,28.22,0,0.0
2025-02-11,48,13.66,1,-2.89
2025-02-12,48,9.11,1,5.99
2025-02-13,48,17.19,0,0.0
2025-02-14,48,14.51,2,5.93
2025-02-15,48,25.22,0,0.0
2025-02-18,39,4.8,0,0.0
2025-02-19,48,12.81,1,-1.95
2025-02-20,48,13.73,2,-6.45
2025-02-21,48,13.47,2,14.12
2025-02-22,48,15.48,2,3.57
2025-02-25,48,13.44,2,-5.39
2025-02-26,48,25.67,0,0.0
2025-02-27,48,6.79,0,0.0
2025-02-28,48,15.91,2,3.41
2025-03-01,48,15.83,1,6.84
2025-03-04,48,13.38,1,-2.32
2025-03-05,48,12.81,1,-0.2
2025-03-06,48,18.82,0,0.0
2025-03-07,48,9.07,1,3.33
2025-03-08,48,17.56,1,-3.09
2025-03-11,48,26.69,2,-7.0
2025-03-12,48,7.31,2,5.78
2025-03-13,48,12.68,0,0.0
2025-03-14,48,9.14,0,0.0
2025-03-15,48,8.26,2,6.04
2025-03-18,48,7.81,1,-1.1
2025-03-19,48,8.16,2,4.46
2025-03-20,48,22.58,1,-1.89
2025-03-21,48,12.21,2,3.16
2025-03-22,48,11.34,1,-1.57
2025-03-25,48,13.22,0,0.0
2025-03-26,48,7.82,0,0.0
2025-03-27,48,5.7,1,3.36
2025-03-28,48,10.06,2,5.13
2025-03-29,48,13.25,1,9.27
2025-04-01,48,12.98,1,-1.53
2025-04-02,48,18.25,1,-3.31
2025-04-03,48,15.7,2,4.98
2025-04-04,48,14.33,1,5.91
2025-04-05,48,25.37,0,0.0
2025-04-08,48,31.49,0,0.0
2025-04-09,48,26.97,0,0.0
2025-04-10,48,51.17,1,-2.08
2025-04-11,48,24.88,1,3.16
2025-04-12,48,25.88,2,24.21
2025-04-15,48,18.93,1,9.2
2025-04-16,48,12.39,1,-1.38
2025-04-17,48,21.05,0,0.0
2025-04-18,48,27.61,0,0.0
2025-04-22,48,24.53,2,8.79
2025-04-23,48,54.35,0,0.0
2025-04-24,48,27.76,0,0.0
2025-04-25,48,24.59,1,-2.67
2025-04-26,48,32.05,2,-6.87
2025-04-29,48,28.5,0,0.0
2025-04-30,48,17.8,0,0.0
2025-05-01,48,22.17,1,-3.5
2025-05-02,48,20.82,1,-3.5
2025-05-03,48,17.15,0,0.0
2025-05-06,48,32.1,0,0.0
2025-05-07,48,29.42,0,0.0
2025-05-08,48,34.25,2,1.46
2025-05-09,48,41.77,0,0.0
2025-05-10,48,22.12,1,11.33
2025-05-13,48,19.82,1,-2.86
2025-05-14,48,15.8,0,0.0
2025-05-15,48,22.95,2,-5.76
2025-05-16,48,16.86,0,0.0
2025-05-17,48,15.37,2,-5.7
2025-05-20,48,10.7,0,0.0
2025-05-21,48,19.95,1,-1.76
2025-05-22,48,22.13,2,4.01
2025-05-23,48,15.85,2,12.28
2025-05-24,48,9.55,2,1.46
2025-05-27,27,6.14,1,-1.81
2025-05-28,48,15.04,1,-3.5
2025-05-29,48,14.47,1,-1.73
2025-05-30,48,15.7,0,0.0
2025-05-31,48,11.82,1,-2.51
2025-06-03,48,13.06,2,-3.2
2025-06-04,48,10.88,1,0.41
2025-06-05,48,11.39,2,6.1
2025-06-06,48,21.59,2,2.78
2025-06-07,48,21.38,1,-3.5
2025-06-10,48,12.35,1,-2.67
2025-06-11,48,15.24,2,0.17
2025-06-12,48,30.07,1,-3.5
2025-06-13,48,13.25,2,6.95
2025-06-14,48,20.25,2,2.66
2025-06-17,48,22.2,1,-3.5
2025-06-18,48,15.85,2,1.59
2025-06-19,48,32.99,1,6.25
2025-06-20,15,8.03,1,-2.03
2025-06-21,48,8.76,2,3.78
2025-06-24,48,17.99,2,4.23
2025-06-25,48,13.91,1,-2.74
2025-06-26,48,11.91,1,-3.5
2025-06-27,48,12.72,0,0.0
2025-06-28,48,14.46,1,-2.4
2025-07-01,48,20.37,1,-3.16
2025-07-02,48,6.69,1,0.52
2025-07-03,48,18.58,2,-5.22
2025-07-04,48,9.19,1,5.35
2025-07-05,9,3.72,0,0.0
2025-07-08,48,20.36,1,-1.15
2025-07-09,48,14.51,1,4.22
2025-07-10,48,8.96,1,-1.79
2025-07-11,48,13.8,1,-2.13
2025-07-12,48,10.62,1,1.69
2025-07-15,48,8.6,1,4.84
2025-07-16,48,11.72,2,-2.74
2025-07-17,48,18.51,1,-0.21
2025-07-18,48,5.72,0,0.0
2025-07-19,48,9.86,2,1.47
2025-07-22,48,8.32,2,3.44
2025-07-23,48,7.26,1,-1.65
2025-07-24,48,16.75,0,0.0
2025-07-25,48,7.44,1,2.5
2025-07-26,48,14.12,1,-1.78
2025-07-29,48,10.09,1,-3.41
2025-07-30,48,11.79,2,7.22
2025-07-31,48,36.75,2,14.49
2025-08-01,48,8.81,2,3.5
2025-08-02,48,20.79,1,-3.21
2025-08-05,48,7.58,1,4.88
2025-08-06,48,13.49,0,0.0
2025-08-07,48,10.43,1,1.12
2025-08-08,48,16.56,1,3.65
2025-08-09,48,27.78,0,0.0
2025-08-12,48,17.58,1,5.12
2025-08-13,48,5.78,0,0.0
2025-08-14,48,11.02,1,-3.5
2025-08-15,48,12.21,2,4.13
2025-08-16,48,8.16,0,0.0
2025-08-19,48,5.7,1,-2.14
2025-08-20,48,9.58,0,0.0
2025-08-21,48,8.6,0,0.0
2025-08-22,48,7.43,1,-0.98
2025-08-23,48,7.67,1,2.98
2025-08-26,48,9.65,0,0.0
2025-08-27,48,10.57,1,-3.5
2025-08-28,48,11.33,1,-3.5
2025-08-29,48,13.23,2,-5.07
2025-08-30,48,12.94,0,0.0
2025-09-02,27,6.56,2,6.09
2025-09-03,48,21.95,0,0.0
2025-09-04,48,17.27,2,-6.18
2025-09-05,48,13.7,1,6.44
2025-09-06,48,9.6,1,2.61
2025-09-09,48,9.91,1,2.8
2025-09-10,48,20.99,0,0.0
2025-09-11,48,14.66,1,-1.17
2025-09-12,48,11.61,1,1.53
2025-09-13,48,7.91,0,0.0
2025-09-16,48,10.85,0,0.0
2025-09-17,48,6.61,1,1.12
2025-09-18,48,61.46,1,-1.31
2025-09-19,48,6.76,1,-0.67
2025-09-20,48,18.6,0,0.0
2025-09-23,48,13.59,0,0.0
2025-09-24,48,33.85,2,7.91
2025-09-25,48,27.8,0,0.0
2025-09-26,48,25.93,2,-7.0
2025-09-27,48,18.59,1,4.55
2025-09-30,48,11.01,2,12.68
2025-10-01,48,23.03,1,-3.5
2025-10-02,48,17.03,0,0.0
2025-10-03,48,31.95,2,-6.78
2025-10-04,48,12.91,1,3.11
2025-10-07,48,24.26,1,5.44
2025-10-08,48,24.62,0,0.0
2025-10-09,48,27.23,0,0.0
2025-10-10,48,77.19,0,0.0
2025-10-11,48,46.41,0,0.0
2025-10-14,48,26.44,0,0.0
2025-10-15,48,27.38,0,0.0
2025-10-16,48,30.96,1,-3.5
2025-10-17,24,39.58,0,0.0
2025-10-18,48,58.75,0,0.0
2025-10-21,48,44.21,0,0.0
2025-10-22,48,50.3,0,0.0
2025-10-23,48,90.56,0,0.0
2025-10-24,48,32.19,0,0.0
2025-10-25,48,36.8,1,-3.5
2025-10-28,48,26.17,1,-3.24
2025-10-29,48,25.28,0,0.0
2025-10-30,48,79.59,0,0.0
2025-10-31,48,34.64,0,0.0
2025-11-01,48,42.78,0,0.0
2025-11-04,48,18.38,0,0.0
2025-11-05,48,43.66,1,-3.5
2025-11-06,48,15.69,0,0.0
2025-11-07,48,29.54,0,0.0
2025-11-08,48,37.69,1,-3.5
2025-11-11,48,33.85,1,-3.5
2025-11-12,48,21.1,1,-3.5
2025-11-13,48,31.67,0,0.0
2025-11-14,48,65.69,0,0.0
2025-11-15,48,30.42,0,0.0
2025-11-18,48,70.3,0,0.0
2025-11-19,48,41.62,0,0.0
2025-11-20,48,43.07,0,0.0
2025-11-21,48,43.64,0,0.0
2025-11-22,48,38.38,0,0.0
2025-11-25,48,37.7,2,-7.0
2025-11-26,48,37.34,0,0.0
2025-11-27,48,13.81,0,0.0
2025-11-28,42,8.97,2,3.45
2025-11-29,45,28.87,0,0.0
2025-12-02,48,21.59,1,9.75
2025-12-03,48,33.85,1,-3.5
2025-12-04,48,29.74,0,0.0
2025-12-05,48,19.89,0,0.0
2025-12-06,48,47.09,0,0.0
2025-12-09,48,20.77,0,0.0
2025-12-10,48,20.24,1,-3.5
2025-12-11,48,38.21,0,0.0
2025-12-12,48,35.88,0,0.0
2025-12-13,48,46.67,0,0.0
2025-12-16,48,33.76,0,0.0
2025-12-17,48,32.16,0,0.0
2025-12-18,48,26.14,1,12.72
2025-12-19,48,52.99,0,0.0
2025-12-20,48,14.57,1,9.51
2025-12-23,48,14.23,2,-0.05
2025-12-24,48,40.43,0,0.0
2025-12-25,30,31.72,0,0.0
2025-12-27,48,40.35,0,0.0
2025-12-30,48,32.86,0,0.0
2025-12-31,48,44.23,1,-3.5
2026-01-01,48,32.25,1,-3.5
2026-01-03,48,27.71,0,0.0
2026-01-06,48,22.24,0,0.0
2026-01-07,48,22.48,1,3.23
2026-01-08,48,24.53,0,0.0
2026-01-09,48,21.14,0,0.0
2026-01-10,48,32.41,0,0.0
2026-01-13,48,29.74,0,0.0
2026-01-14,48,39.74,0,0.0
2026-01-15,48,42.11,1,-3.5
2026-01-16,48,23.74,0,0.0
2026-01-17,48,31.1,0,0.0
2026-01-20,42,13.44,1,-2.37
2026-01-21,48,37.26,0,0.0
2026-01-22,48,99.95,0,0.0
2026-01-23,48,56.39,0,0.0
2026-01-24,48,31.54,0,0.0
2026-01-27,48,96.99,0,0.0
2026-01-28,48,26.93,0,0.0
2026-01-29,48,63.78,0,0.0
2026-01-30,48,203.46,0,0.0
2026-01-31,48,369.12,0,0.0
2026-02-03,48,117.62,0,0.0
2026-02-04,48,113.3,0,0.0
2026-02-05,48,106.0,0,0.0
2026-02-06,48,94.47,0,0.0
2026-02-07,48,49.59,0,0.0
2026-02-10,48,39.8,0,0.0
2026-02-11,48,35.49,0,0.0
2026-02-12,48,56.27,0,0.0
2026-02-13,48,189.86,0,0.0
2026-02-14,48,70.96,0,0.0
2026-02-17,42,25.01,1,0.73
2026-02-18,48,60.9,0,0.0
2026-02-19,48,38.12,0,0.0
2026-02-20,48,39.26,0,0.0
2026-02-21,48,41.49,1,-3.5
2026-02-24,48,43.81,0,0.0
2026-02-25,48,39.75,0,0.0
2026-02-26,48,28.19,0,0.0
2026-02-27,48,33.59,0,0.0
2026-02-28,48,36.95,0,0.0
2026-03-03,48,73.94,0,0.0
2026-03-04,48,83.9,0,0.0
2026-03-05,48,53.81,0,0.0
2026-03-06,48,53.77,0,0.0
2026-03-07,48,48.9,0,0.0
2026-03-10,48,55.17,0,0.0
2026-03-11,48,75.58,1,-3.5
2026-03-12,48,29.16,0,0.0
2026-03-13,48,58.89,0,0.0
2026-03-14,48,54.48,0,0.0
2026-03-17,48,46.37,0,0.0
2026-03-18,48,17.58,1,5.76
2026-03-19,48,61.36,0,0.0
2026-03-20,48,89.58,0,0.0
2026-03-21,48,136.7,0,0.0
2026-03-24,48,114.74,0,0.0
2026-03-25,48,55.57,0,0.0
2026-03-26,48,82.24,1,-3.5
2026-03-27,48,83.83,0,0.0
2026-03-28,48,47.67,0,0.0
2026-03-31,48,56.83,0,0.0
2026-04-01,48,78.83,0,0.0
2026-04-02,48,51.21,0,0.0
2026-04-03,48,39.1,0,0.0
2026-04-07,48,27.25,1,9.15
2026-04-08,48,66.27,0,0.0
2026-04-09,48,66.2,0,0.0
2026-04-10,48,34.43,1,-3.5
2026-04-11,48,25.87,1,12.44
2026-04-14,48,40.53,0,0.0
2026-04-15,48,41.2,0,0.0
2026-04-16,48,22.87,0,0.0
2026-04-17,48,28.8,0,0.0
2026-04-18,48,20.84,1,0.44
2026-04-21,48,28.68,0,0.0
2026-04-22,48,78.83,0,0.0
2026-04-23,48,25.81,1,-3.5
2026-04-24,48,72.95,1,11.91
2026-04-25,48,16.63,1,-3.5
2026-04-28,48,19.08,0,0.0
2026-04-29,48,23.88,0,0.0
2026-04-30,48,47.13,0,0.0
2026-05-01,48,22.28,2,19.43
2026-05-02,48,41.3,0,0.0
2026-05-05,48,31.05,0,0.0
2026-05-06,48,17.48,2,-2.3
2026-05-07,48,21.4,1,-2.7
2026-05-08,48,42.47,0,0.0
2026-05-09,48,23.52,2,-0.24
2026-05-12,48,28.47,0,0.0
2026-05-13,48,51.79,0,0.0
2026-05-14,48,32.49,0,0.0
2026-05-15,48,33.85,2,-7.0
2026-05-16,48,35.12,0,0.0
2026-05-19,48,31.11,1,11.66
2026-05-20,48,31.41,1,-3.5
2026-05-21,48,26.5,2,-7.0
2026-05-22,48,47.37,1,-3.5
2026-05-23,48,23.84,2,-2.24
2026-05-26,30,15.16,1,-1.37
2026-05-27,48,29.06,1,-3.5
