ticket,orig_sl_dist,orig_net,sl3_origtp_net,sl3_origtp_exit,sl5_origtp_net,sl5_origtp_exit,sl3_tp20_net,sl3_tp20_exit,sl5_tp20_net,sl5_tp20_exit,orig_sl_tp20_net,orig_sl_tp20_exit,orig_sl_w2_tp20_net,orig_sl_w2_exit
81107344,4.76,-5.58,-3.18,sl,-5.18,sl,-3.18,sl,-5.18,sl,-4.940000000000218,sl,-6.940000000000218,sl
81107335,4.91,-5.7299999999999995,-3.18,sl,-5.18,sl,-3.18,sl,-5.18,sl,-5.089999999999854,sl,-7.089999999999854,sl
81077078,12.44,-12.84,-3.18,sl,-5.18,sl,-3.18,sl,-5.18,sl,-12.6199999999996,sl,-14.6199999999996,sl
81077069,12.4,-12.799999999999999,-3.18,sl,-5.18,sl,-3.18,sl,-5.18,sl,-12.579999999999636,sl,-14.579999999999636,sl
80917655,4.01,-4.33,-3.18,sl,-5.18,sl,-3.18,sl,-5.18,sl,-4.190000000000218,sl,-4.330000000000545,time
80917620,5.0,-5.319999999999999,-3.18,sl,-5.18,sl,-3.18,sl,-5.18,sl,-5.18,sl,-5.320000000000327,time
80917563,6.0,-6.319999999999999,-3.18,sl,-5.18,sl,-3.18,sl,-5.18,sl,-6.18,sl,-6.320000000000327,time
81038366,5.0,-5.52,-3.18,sl,-5.18,sl,-3.18,sl,-5.18,sl,-5.18,sl,-7.18,sl
81038421,4.2,-4.72,-3.18,sl,-5.18,sl,-3.18,sl,-5.18,sl,-4.379999999999818,sl,-6.379999999999818,sl
81037501,6.0,-6.52,-3.18,sl,-5.18,sl,-3.18,sl,-5.18,sl,-6.18,sl,-8.18,sl
80896756,4.0,-4.3,-4.299999999999891,time,-4.299999999999891,time,-4.299999999999891,time,-4.299999999999891,time,-4.299999999999891,time,-4.299999999999891,time
80896741,5.26,-5.56,-5.560000000000109,time,-5.560000000000109,time,-5.560000000000109,time,-5.560000000000109,time,-5.560000000000109,time,-5.560000000000109,time
80896706,6.01,-6.31,-6.310000000000109,time,-6.310000000000109,time,-6.310000000000109,time,-6.310000000000109,time,-6.310000000000109,time,-6.310000000000109,time
80844136,4.0,-4.3999999999999995,-3.18,sl,-5.18,sl,-3.18,sl,-5.18,sl,-4.18,sl,-4.400000000000254,time
80844063,5.0,-5.3999999999999995,-3.18,sl,-5.18,sl,-3.18,sl,-5.18,sl,-5.18,sl,-5.400000000000254,time
80844036,6.0,-6.3999999999999995,-3.18,sl,-5.18,sl,-3.18,sl,-5.18,sl,-6.18,sl,-6.400000000000254,time
80767140,4.15,-5.13,-3.18,sl,-5.18,sl,-3.18,sl,-5.18,sl,-4.329999999999636,sl,-6.329999999999636,sl
80767096,5.0,-5.9799999999999995,-3.18,sl,-5.18,sl,-3.18,sl,-5.18,sl,-5.18,sl,-7.18,sl
80766987,6.0,-6.9799999999999995,-3.18,sl,-5.18,sl,-3.18,sl,-5.18,sl,-6.18,sl,-8.18,sl
80783657,4.0,-4.56,-4.560000000000109,time,-4.560000000000109,time,-4.560000000000109,time,-4.560000000000109,time,-4.560000000000109,time,-4.560000000000109,time
80783643,5.08,-5.64,-3.18,sl,-5.18,sl,-3.18,sl,-5.18,sl,-5.259999999999927,sl,-5.640000000000036,time
80783633,6.0,-6.56,-3.18,sl,-5.18,sl,-3.18,sl,-5.18,sl,-6.18,sl,-6.560000000000109,time
80736276,4.06,-4.37,-3.18,sl,-5.18,sl,-3.18,sl,-5.18,sl,-4.2400000000004,sl,-6.2400000000004,sl
80736188,5.1,-5.41,-3.18,sl,-5.18,sl,-3.18,sl,-5.18,sl,-5.2800000000003635,sl,-7.2800000000003635,sl
80736078,6.0,-6.31,-3.18,sl,-5.18,sl,-3.18,sl,-5.18,sl,-6.18,sl,-8.18,sl
80513036,4.0,-4.319999999999999,-3.18,sl,-5.18,sl,-3.18,sl,-5.18,sl,-4.18,sl,-4.320000000000327,time
80513018,5.0,-5.319999999999999,-3.18,sl,-5.18,sl,-3.18,sl,-5.18,sl,-5.18,sl,-5.320000000000327,time
80512984,6.18,-6.5,-3.18,sl,-5.18,sl,-3.18,sl,-5.18,sl,-6.359999999999381,sl,-6.499999999999709,time
80513799,4.0,-4.47,-3.18,sl,-5.18,sl,-3.18,sl,-5.18,sl,-4.18,sl,-6.18,sl
80513663,4.0,-4.739999999999999,-3.18,sl,-5.18,sl,-3.18,sl,-5.18,sl,-4.18,sl,-6.18,sl
80513605,5.0,-5.739999999999999,-3.18,sl,-5.18,sl,-3.18,sl,-5.18,sl,-5.18,sl,-7.18,sl
80513742,6.0,-6.47,-3.18,sl,-5.18,sl,-3.18,sl,-5.18,sl,-6.18,sl,-8.18,sl
80513770,5.0,-5.47,-3.18,sl,-5.18,sl,-3.18,sl,-5.18,sl,-5.18,sl,-7.18,sl
80513584,6.0,-6.21,-3.18,sl,-5.18,sl,-3.18,sl,-5.18,sl,-6.18,sl,-8.18,sl
80468801,4.0,-4.81,-4.810000000000109,time,-4.810000000000109,time,19.82,tp,19.82,tp,19.82,tp,19.82,tp
80468669,6.0,-6.81,10.620000000000182,tp,10.620000000000182,tp,-6.810000000000109,time,-6.810000000000109,time,-6.810000000000109,time,-6.810000000000109,time
80468761,5.06,-5.87,-5.870000000000509,time,-5.870000000000509,time,-5.870000000000509,time,-5.870000000000509,time,-5.870000000000509,time,-5.870000000000509,time
80448388,6.0,14.82,14.82,tp,14.82,tp,19.82,tp,19.82,tp,19.82,tp,19.82,tp
80421906,4.31,-5.1,-3.18,sl,-5.18,sl,-3.18,sl,-5.18,sl,-4.4900000000004,sl,-6.4900000000004,sl
80421870,5.0,-5.79,-3.18,sl,-5.18,sl,-3.18,sl,-5.18,sl,-5.18,sl,-7.18,sl
80421844,6.03,-6.819999999999999,-3.18,sl,-5.18,sl,-3.18,sl,-5.18,sl,-6.209999999999745,sl,-8.209999999999745,sl
80418578,4.0,80.71,80.55999999999999,tp,80.55999999999999,tp,20.06,tp,20.06,tp,20.06,tp,20.06,tp
80418545,5.02,19.3,-3.18,sl,19.299999999999564,tp,-3.18,sl,19.82,tp,19.82,tp,19.82,tp
80418520,6.0,12.700000000000001,-3.18,sl,13.32,tp,-3.18,sl,12.70000000000011,time,12.70000000000011,time,12.70000000000011,time
80245151,4.0,-4.359999999999999,-3.18,sl,-5.18,sl,-3.18,sl,-5.18,sl,-4.18,sl,-6.18,sl
80245141,5.0,-5.359999999999999,-3.18,sl,-5.18,sl,-3.18,sl,-5.18,sl,-5.18,sl,-7.18,sl
80245114,6.0,-6.359999999999999,-3.18,sl,-5.18,sl,-3.18,sl,-5.18,sl,-6.18,sl,-8.18,sl
79876179,4.0,-4.26,-4.259999999999927,time,-4.259999999999927,time,-4.259999999999927,time,-4.259999999999927,time,-4.259999999999927,time,-4.259999999999927,time
79876120,5.0,-5.26,-3.18,sl,-5.18,sl,-3.18,sl,-5.18,sl,-5.18,sl,-5.259999999999927,time
79876063,6.27,-6.529999999999999,-3.18,sl,-5.18,sl,-3.18,sl,-5.18,sl,-6.450000000000436,sl,-6.5300000000003635,time
80324218,5.0,-5.18,-3.18,sl,-5.18,sl,-3.18,sl,-5.18,sl,-5.18,sl,-7.18,sl
80324238,4.0,-4.18,-3.18,sl,-5.18,sl,-3.18,sl,-5.18,sl,-4.18,sl,-6.18,sl
80324165,6.0,-6.18,-3.18,sl,-5.18,sl,-3.18,sl,-5.18,sl,-6.18,sl,-8.18,sl
80301887,4.05,-4.4399999999999995,-4.440000000000218,time,-4.440000000000218,time,-4.440000000000218,time,-4.440000000000218,time,-4.440000000000218,time,-4.440000000000218,time
80301856,5.04,-5.43,-5.43,time,-5.43,time,-5.43,time,-5.43,time,-5.43,time,-5.43,time
80301823,6.0,-6.39,-3.18,sl,-6.390000000000036,time,-3.18,sl,-6.390000000000036,time,-6.390000000000036,time,-6.390000000000036,time
80244860,4.0,93.71,93.55999999999999,tp,93.55999999999999,tp,20.06,tp,20.06,tp,20.06,tp,20.06,tp
80244845,5.02,30.45,30.299999999999564,tp,30.299999999999564,tp,19.82,tp,19.82,tp,19.82,tp,19.82,tp
80244821,6.01,15.36,15.309999999999782,tp,15.309999999999782,tp,19.82,tp,19.82,tp,19.82,tp,19.82,tp
80211882,5.0,40.18,40.03,tp,40.03,tp,20.53,tp,20.53,tp,20.53,tp,20.53,tp
80211825,6.0,14.47,14.32,tp,14.32,tp,14.469999999999636,time,14.469999999999636,time,14.469999999999636,time,14.469999999999636,time
80181909,5.0,-5.279999999999999,-3.18,sl,-5.2800000000003635,time,-3.18,sl,-5.2800000000003635,time,-5.2800000000003635,time,-5.2800000000003635,time
80181933,4.0,-4.279999999999999,-3.18,sl,-4.2800000000003635,time,-3.18,sl,-4.2800000000003635,time,-4.2800000000003635,time,-4.2800000000003635,time
80181890,6.0,-6.279999999999999,-3.18,sl,-5.18,sl,-3.18,sl,-5.18,sl,-6.2800000000003635,time,-6.2800000000003635,time
80165911,6.04,0.6000000000000001,0.5999999999997454,time,0.5999999999997454,time,0.5999999999997454,time,0.5999999999997454,time,0.5999999999997454,time,0.5999999999997454,time
80125574,4.0,-4.2299999999999995,-3.18,sl,-5.18,sl,-3.18,sl,-5.18,sl,-4.18,sl,-6.18,sl
80125565,5.0,-5.2299999999999995,-3.18,sl,-5.18,sl,-3.18,sl,-5.18,sl,-5.18,sl,-7.18,sl
80125540,6.0,-6.2299999999999995,-3.18,sl,-5.18,sl,-3.18,sl,-5.18,sl,-6.18,sl,-8.18,sl
80094932,5.0,-5.199999999999999,-3.18,sl,-5.18,sl,-3.18,sl,-5.18,sl,-5.18,sl,-7.18,sl
80094836,8.0,-8.2,-3.18,sl,-5.18,sl,-3.18,sl,-5.18,sl,-8.18,sl,-10.18,sl
80094735,11.0,-11.2,-3.18,sl,-5.18,sl,-3.18,sl,-5.18,sl,-11.18,sl,-13.18,sl
79992888,4.14,14.98,14.979999999999855,tp,14.979999999999855,tp,19.82,tp,19.82,tp,19.82,tp,19.82,tp
79992862,5.0,-5.3,-3.18,sl,-5.18,sl,-3.18,sl,-5.18,sl,-5.18,sl,-5.299999999999891,time
79992845,6.0,-6.3,-3.18,sl,-5.18,sl,-3.18,sl,-5.18,sl,-6.18,sl,-6.299999999999891,time
79976999,4.0,-4.449999999999999,-3.18,sl,-5.18,sl,-3.18,sl,-5.18,sl,-4.18,sl,-6.18,sl
79976928,5.29,-5.739999999999999,-3.18,sl,-5.18,sl,-3.18,sl,-5.18,sl,-5.469999999999963,sl,-7.469999999999963,sl
79976724,6.1,-6.55,-3.18,sl,-5.18,sl,-3.18,sl,-5.18,sl,-6.2800000000003635,sl,-8.280000000000364,sl
79938994,41.0,39.65,39.649999999999636,time,39.649999999999636,time,19.25,tp,19.25,tp,40.25,sl,38.25,sl
79938972,4.0,66.97,66.82,tp,66.82,tp,19.82,tp,19.82,tp,19.82,tp,19.82,tp
79938952,5.0,13.84,13.82,tp,13.82,tp,13.840000000000437,time,13.840000000000437,time,13.840000000000437,time,13.840000000000437,time
79818306,3.0,-3.21,-3.2099999999997455,time,-3.2099999999997455,time,-3.2099999999997455,time,-3.2099999999997455,time,-3.2099999999997455,time,-3.2099999999997455,time
79818283,4.07,-4.279999999999999,-3.18,sl,-5.18,sl,-3.18,sl,-5.18,sl,-4.249999999999709,sl,-4.279999999999454,time
79818244,5.0,-5.21,-3.18,sl,-5.18,sl,-3.18,sl,-5.18,sl,-5.18,sl,-5.209999999999745,time
79836186,6.03,-6.239999999999999,-3.18,sl,-5.18,sl,-3.18,sl,-5.18,sl,-6.209999999999745,sl,-6.23999999999949,time
79836288,4.71,-4.92,-3.18,sl,-5.18,sl,-3.18,sl,-5.18,sl,-4.890000000000036,sl,-4.919999999999781,time
79836262,6.03,-6.239999999999999,-3.18,sl,-5.18,sl,-3.18,sl,-5.18,sl,-6.209999999999745,sl,-6.23999999999949,time
79850592,5.0,9.63,-3.18,sl,9.6300000000004,time,-3.18,sl,19.82,tp,19.82,tp,19.82,tp
79850579,10.0,5.2700000000000005,-3.18,sl,-5.18,sl,-3.18,sl,-5.18,sl,5.269999999999818,time,5.269999999999818,time
79850557,15.0,0.18,-3.18,sl,-5.18,sl,-3.18,sl,-5.18,sl,0.1799999999996726,time,0.1799999999996726,time
79775357,2.0,32.93,32.82,tp,32.82,tp,19.82,tp,19.82,tp,19.82,tp,19.82,tp
79775314,3.0,14.870000000000001,14.82,tp,14.82,tp,14.870000000000182,time,14.870000000000182,time,14.870000000000182,time,14.870000000000182,time
79793300,3.0,-3.31,-3.18,sl,-5.18,sl,-3.18,sl,-5.18,sl,-3.18,sl,-5.18,sl
79793237,3.0,-3.31,-3.18,sl,-5.18,sl,-3.18,sl,-5.18,sl,-3.18,sl,-5.18,sl
79688657,5.0,30.36,-3.18,sl,30.359999999999964,time,-3.18,sl,19.82,tp,19.82,tp,19.82,tp
79688613,10.2,24.3,-3.75,sl,-5.75,sl,19.25,tp,19.25,tp,9.449999999999818,sl,7.449999999999818,sl
79688544,5.2,-9.17,-4.32,sl,-6.319999999999999,sl,18.68,tp,18.68,tp,3.8799999999998187,sl,1.879999999999818,sl
79679447,5.0,-5.39,-3.18,sl,-5.18,sl,-3.18,sl,-5.18,sl,-5.18,sl,-7.18,sl
79679467,5.0,-5.39,-3.18,sl,-5.18,sl,-3.18,sl,-5.18,sl,-5.18,sl,-7.18,sl
79679373,5.0,-5.35,-3.18,sl,-5.18,sl,-3.18,sl,-5.18,sl,-5.18,sl,-7.18,sl
79679412,5.0,-5.35,-3.18,sl,-5.18,sl,-3.18,sl,-5.18,sl,-5.18,sl,-7.18,sl
79638002,5.0,9.870000000000001,9.82,tp,9.82,tp,19.82,tp,19.82,tp,19.82,tp,19.82,tp
79638013,13.0,12.61,12.609999999999964,time,12.609999999999964,time,19.82,tp,19.82,tp,12.82,sl,10.82,sl
79583777,7.0,-7.199999999999999,-7.200000000000436,time,-7.200000000000436,time,-7.200000000000436,time,-7.200000000000436,time,-7.200000000000436,time,-7.200000000000436,time
79583814,5.0,-5.199999999999999,-5.200000000000436,time,-5.200000000000436,time,-5.200000000000436,time,-5.200000000000436,time,-5.200000000000436,time,-5.200000000000436,time
79583739,9.0,-9.2,-3.18,sl,-5.18,sl,-3.18,sl,-5.18,sl,-9.18,sl,-11.18,sl
79477773,5.0,-5.81,-3.75,sl,-5.75,sl,-3.75,sl,-5.75,sl,-5.75,sl,-5.8100000000004,time
79477753,10.0,-10.81,-3.75,sl,-5.75,sl,-3.75,sl,-5.75,sl,-10.75,sl,-10.8100000000004,time
79500023,15.0,-15.81,-3.75,sl,-5.75,sl,-3.75,sl,-5.75,sl,-15.75,sl,-15.8100000000004,time
79477728,15.14,17.78,-3.18,sl,17.679999999999673,tp,-3.18,sl,17.780000000000037,time,17.780000000000037,time,17.780000000000037,time
79378946,5.0,-5.2299999999999995,-3.18,sl,-5.18,sl,-3.18,sl,-5.18,sl,-5.18,sl,-7.18,sl
79378889,10.0,-10.23,-3.18,sl,-5.18,sl,-3.18,sl,-5.18,sl,-10.18,sl,-12.18,sl
79378860,15.0,-15.23,-3.18,sl,-5.18,sl,-3.18,sl,-5.18,sl,-15.18,sl,-17.18,sl
79412856,5.0,-5.699999999999999,-3.18,sl,-5.18,sl,-3.18,sl,-5.18,sl,-5.18,sl,-7.18,sl
79412791,10.0,-10.7,-3.18,sl,-5.18,sl,-3.18,sl,-5.18,sl,-10.18,sl,-12.18,sl
79412761,15.0,-15.7,-3.18,sl,-5.18,sl,-3.18,sl,-5.18,sl,-15.18,sl,-17.18,sl
79373623,5.0,26.05,26.01999999999982,tp,26.01999999999982,tp,19.82,tp,19.82,tp,19.82,tp,19.82,tp
79373559,10.0,-11.09,-3.18,sl,-5.18,sl,-3.18,sl,-5.18,sl,19.82,tp,19.82,tp
79373492,13.61,-14.7,-3.18,sl,-5.18,sl,-3.18,sl,-5.18,sl,-13.789999999999672,sl,-15.789999999999672,sl
79352779,5.0,-5.489999999999999,-3.18,sl,-5.18,sl,-3.18,sl,-5.18,sl,-5.18,sl,-7.18,sl
79352277,8.06,-8.549999999999999,-3.18,sl,-5.18,sl,-3.18,sl,-5.18,sl,-8.2400000000004,sl,-10.2400000000004,sl
79341106,5.0,-5.31,-3.18,sl,-5.18,sl,-3.18,sl,-5.18,sl,-5.18,sl,-7.18,sl
79341083,10.0,-10.31,-3.18,sl,-5.18,sl,-3.18,sl,-5.18,sl,-10.18,sl,-12.18,sl
79341043,15.0,-15.31,-3.18,sl,-5.18,sl,-3.18,sl,-5.18,sl,-15.18,sl,-17.18,sl
79290802,5.0,-5.449999999999999,-3.18,sl,-5.18,sl,-3.18,sl,-5.18,sl,-5.18,sl,-7.18,sl
79290745,10.0,-10.45,-3.18,sl,-5.18,sl,-3.18,sl,-5.18,sl,-10.18,sl,-12.18,sl
79290713,15.0,-15.45,-3.18,sl,-5.18,sl,-3.18,sl,-5.18,sl,-15.18,sl,-17.18,sl
79139231,6.0,10.63,15.82,tp,15.82,tp,19.82,tp,19.82,tp,19.82,tp,19.82,tp
79139216,8.0,15.15,15.149999999999928,time,15.149999999999928,time,19.82,tp,19.82,tp,19.82,tp,19.82,tp
79139168,10.0,68.65999999999998,-2.9400000000000004,sl,71.05999999999999,tp,-2.9400000000000004,sl,20.06,tp,20.06,tp,20.06,tp
79130984,5.2,-5.92,-3.18,sl,-5.18,sl,-3.18,sl,-5.18,sl,-5.379999999999818,sl,-5.919999999999781,time
79130953,7.0,-7.72,-3.18,sl,-5.18,sl,-3.18,sl,-5.18,sl,-7.18,sl,-7.719999999999963,time
79130914,9.37,-10.09,-3.18,sl,-5.18,sl,-3.18,sl,-5.18,sl,-9.54999999999989,sl,-10.089999999999854,time
79186729,10.56,-11.31,-3.75,sl,-5.75,sl,19.25,tp,19.25,tp,19.25,tp,19.25,tp
79186716,15.0,15.969999999999999,-3.18,sl,-5.18,sl,-3.18,sl,-5.18,sl,19.82,tp,19.82,tp
79224117,11.21,-0.22999999999999998,-3.18,sl,-5.18,sl,-3.18,sl,-5.18,sl,-0.2300000000001819,time,-0.2300000000001819,time
79124039,5.0,-5.34,-3.18,sl,-5.18,sl,-3.18,sl,-5.18,sl,-5.18,sl,-7.18,sl
79123994,10.0,-10.34,-3.18,sl,-5.18,sl,-3.18,sl,-5.18,sl,-10.18,sl,-12.18,sl
79123936,15.01,-15.35,-3.18,sl,-5.18,sl,-3.18,sl,-5.18,sl,-15.190000000000218,sl,-17.190000000000218,sl
79113633,5.0,-5.529999999999999,-3.18,sl,-5.18,sl,-3.18,sl,-5.18,sl,-5.18,sl,-7.18,sl
79113579,7.0,-7.529999999999999,-3.18,sl,-5.18,sl,-3.18,sl,-5.18,sl,-7.18,sl,-9.18,sl
79113544,9.0,-9.53,-3.18,sl,-5.18,sl,-3.18,sl,-5.18,sl,-9.18,sl,-11.18,sl
79091690,5.0,-5.199999999999999,-3.18,sl,-5.18,sl,-3.18,sl,-5.18,sl,-5.18,sl,-5.200000000000436,time
79091659,7.0,-7.199999999999999,-3.18,sl,-5.18,sl,-3.18,sl,-5.18,sl,-7.18,sl,-7.200000000000436,time
79091614,9.0,-9.2,-3.18,sl,-5.18,sl,-3.18,sl,-5.18,sl,-9.18,sl,-9.200000000000436,time
79050488,5.0,-5.18,-3.18,sl,-5.18,sl,-3.18,sl,19.82,tp,19.82,tp,19.82,tp
79050445,6.08,15.450000000000001,-3.18,sl,-5.18,sl,-3.18,sl,-5.18,sl,15.45000000000011,time,15.45000000000011,time
79050398,7.0,-7.18,-3.18,sl,-5.18,sl,-3.18,sl,-5.18,sl,19.82,tp,19.82,tp
79050268,5.0,-5.199999999999999,-3.18,sl,-5.18,sl,-3.18,sl,-5.18,sl,-5.18,sl,-7.18,sl
79050256,7.0,-7.199999999999999,-3.18,sl,-5.18,sl,-3.18,sl,-5.18,sl,-7.18,sl,-9.18,sl
79050235,9.0,-9.2,-3.18,sl,-5.18,sl,-3.18,sl,-5.18,sl,-9.18,sl,-11.18,sl
79043849,4.5,13.65,-3.18,sl,13.649999999999928,time,-3.18,sl,19.82,tp,-4.68,sl,19.82,tp
79043761,6.5,15.32,15.32,tp,15.32,tp,15.32,time,15.32,time,15.32,time,15.32,time
79043448,8.51,-8.07,-2.47,sl,-4.47,sl,-2.47,sl,-4.47,sl,-7.980000000000218,sl,20.53,tp
79031835,7.0,-7.1899999999999995,-3.18,sl,-5.18,sl,-3.18,sl,-5.18,sl,-7.18,sl,-9.18,sl
79035192,15.41,-15.6,-3.18,sl,-5.18,sl,-3.18,sl,-5.18,sl,-15.589999999999854,sl,-17.589999999999854,sl
79031745,7.0,-7.1899999999999995,-3.18,sl,-5.18,sl,-3.18,sl,-5.18,sl,-7.18,sl,-7.190000000000218,time
78852776,4.0,-4.4399999999999995,-3.18,sl,-5.18,sl,-3.18,sl,-5.18,sl,-4.18,sl,-6.18,sl
78852748,6.0,-6.4399999999999995,-3.18,sl,-5.18,sl,-3.18,sl,-5.18,sl,-6.18,sl,-8.18,sl
78852720,8.19,-8.629999999999999,-3.18,sl,-5.18,sl,-3.18,sl,-5.18,sl,-8.3699999999996,sl,-10.3699999999996,sl
78883023,5.0,14.92,14.82,tp,14.82,tp,19.82,tp,19.82,tp,19.82,tp,19.82,tp
78882944,7.0,31.82,-3.18,sl,31.82,tp,-3.18,sl,19.82,tp,19.82,tp,19.82,tp
78882865,21.3,21.830000000000002,-2.47,sl,-4.47,sl,-2.47,sl,-4.47,sl,21.830000000000183,sl,19.830000000000183,sl
78874218,5.0,-5.21,-3.18,sl,-5.18,sl,-3.18,sl,-5.18,sl,-5.18,sl,-7.18,sl
78874136,7.0,-7.21,-3.18,sl,-5.18,sl,-3.18,sl,-5.18,sl,-7.18,sl,-9.18,sl
78874050,9.33,-9.54,-3.18,sl,-5.18,sl,-3.18,sl,-5.18,sl,-9.509999999999927,sl,-11.509999999999927,sl
78666478,4.0,-4.239999999999999,-3.18,sl,-5.18,sl,-3.18,sl,-5.18,sl,-4.18,sl,-6.18,sl
78666464,6.03,14.02,13.990000000000073,tp,13.990000000000073,tp,14.019999999999818,time,14.019999999999818,time,14.019999999999818,time,14.019999999999818,time
78666431,8.0,-8.24,-3.18,sl,-5.18,sl,-3.18,sl,-5.18,sl,-8.18,sl,-10.18,sl
78780411,4.01,-4.39,-3.18,sl,-5.18,sl,-3.18,sl,-5.18,sl,-4.190000000000218,sl,-6.190000000000218,sl
78780449,6.0,-6.38,-3.18,sl,-5.18,sl,-3.18,sl,-5.18,sl,-6.18,sl,-8.18,sl
78780458,7.91,-8.29,-3.18,sl,-5.18,sl,-3.18,sl,-5.18,sl,-8.089999999999854,sl,-10.089999999999854,sl
78666407,8.0,14.01,14.0099999999996,time,14.0099999999996,time,19.82,tp,19.82,tp,19.82,tp,19.82,tp
78596708,4.02,-4.21,-3.18,sl,-5.18,sl,-3.18,sl,-5.18,sl,-4.200000000000436,sl,-6.200000000000436,sl
78596626,6.0,-6.1899999999999995,-3.18,sl,-5.18,sl,-3.18,sl,-5.18,sl,-6.18,sl,-8.18,sl
78596407,8.0,-8.19,-3.18,sl,-5.18,sl,-3.18,sl,-5.18,sl,-8.18,sl,-10.18,sl
78471422,4.0,13.870000000000001,13.82,tp,13.82,tp,13.870000000000182,time,13.870000000000182,time,13.870000000000182,time,13.870000000000182,time
78471395,6.0,34.1,40.32,tp,40.32,tp,19.82,tp,19.82,tp,19.82,tp,19.82,tp
78471370,8.11,29.72,-2.9400000000000004,sl,29.720000000000763,time,-2.9400000000000004,sl,20.06,tp,20.06,tp,20.06,tp
78471356,4.07,-4.39,-3.18,sl,-5.18,sl,-3.18,sl,-5.18,sl,-4.249999999999709,sl,-6.249999999999709,sl
78471312,6.0,-6.319999999999999,-3.18,sl,-5.18,sl,-3.18,sl,-5.18,sl,-6.18,sl,-8.18,sl
78471292,8.0,-8.32,-3.18,sl,-5.18,sl,-3.18,sl,-5.18,sl,-8.18,sl,-10.18,sl
78382736,6.0,13.870000000000001,13.82,tp,13.82,tp,13.870000000000182,time,13.870000000000182,time,13.870000000000182,time,13.870000000000182,time
78382746,8.0,40.79,-3.18,sl,40.790000000000255,time,-3.18,sl,19.82,tp,19.82,tp,19.82,tp
78291044,4.0,39.6,39.599999999999746,time,39.599999999999746,time,19.82,tp,19.82,tp,19.82,tp,19.82,tp
78291024,6.0,13.82,-3.18,sl,-5.18,sl,-3.18,sl,-5.18,sl,19.82,tp,19.82,tp
78291013,8.14,-8.33,-3.18,sl,-5.18,sl,-3.18,sl,-5.18,sl,19.82,tp,19.82,tp
78244488,4.0,-4.31,-4.310000000000109,time,-4.310000000000109,time,-4.310000000000109,time,-4.310000000000109,time,-4.310000000000109,time,-4.310000000000109,time
78244465,6.0,-6.31,-3.18,sl,-6.310000000000109,time,-3.18,sl,-6.310000000000109,time,-6.310000000000109,time,-6.310000000000109,time
78244410,8.72,-9.03,-3.18,sl,-5.18,sl,-3.18,sl,-5.18,sl,-9.030000000000364,time,-9.030000000000364,time
78084971,6.48,-7.9399999999999995,-3.18,sl,-5.18,sl,19.82,tp,19.82,tp,19.82,tp,19.82,tp
78084939,13.0,-14.459999999999999,-3.18,sl,-5.18,sl,-3.18,sl,19.82,tp,19.82,tp,19.82,tp
78084749,20.0,-21.46,-3.18,sl,-5.18,sl,-3.18,sl,-5.18,sl,-20.18,sl,-22.18,sl
77954482,3.05,-3.39,-3.18,sl,-5.18,sl,-3.18,sl,-5.18,sl,-3.230000000000182,sl,-5.230000000000182,sl
77954454,3.05,-3.39,-3.18,sl,-5.18,sl,-3.18,sl,-5.18,sl,-3.230000000000182,sl,-5.230000000000182,sl
77654618,3.0,8.870000000000001,8.82,tp,8.82,tp,8.870000000000182,time,8.870000000000182,time,8.870000000000182,time,8.870000000000182,time
77954382,3.0,-3.37,-3.18,sl,-5.18,sl,-3.18,sl,-5.18,sl,-3.18,sl,-5.18,sl
77838392,10.0,19.92,19.82,tp,19.82,tp,19.82,tp,19.82,tp,19.82,tp,19.82,tp
77838405,10.0,6.21,6.210000000000328,time,6.210000000000328,time,6.210000000000328,time,6.210000000000328,time,6.210000000000328,time,6.210000000000328,time
77838454,10.0,5.36,5.359999999999964,time,5.359999999999964,time,5.359999999999964,time,5.359999999999964,time,5.359999999999964,time,5.359999999999964,time
77838503,15.0,0.28,-3.18,sl,-5.18,sl,-3.18,sl,-5.18,sl,0.2800000000000364,time,0.2800000000000364,time
77838489,15.0,0.98,-3.18,sl,-5.18,sl,-3.18,sl,-5.18,sl,0.9799999999998545,time,0.9799999999998545,time
77838467,15.0,94.97,-3.18,sl,-5.18,sl,-3.18,sl,-5.18,sl,19.82,tp,19.82,tp
77587972,3.0,-5.09,-5.089999999999854,time,-5.089999999999854,time,-5.089999999999854,time,-5.089999999999854,time,-5.089999999999854,time,-5.089999999999854,time
77587977,3.0,-5.09,-5.089999999999854,time,-5.089999999999854,time,-5.089999999999854,time,-5.089999999999854,time,-5.089999999999854,time,-5.089999999999854,time
77587968,3.0,-5.09,9.82,tp,9.82,tp,-5.089999999999854,time,-5.089999999999854,time,-5.089999999999854,time,-5.089999999999854,time
77790083,3.0,-3.49,-3.4900000000004003,time,-3.4900000000004003,time,-3.4900000000004003,time,-3.4900000000004003,time,-3.4900000000004003,time,-3.4900000000004003,time
77790124,3.0,-3.49,-3.4900000000004003,time,-3.4900000000004003,time,-3.4900000000004003,time,-3.4900000000004003,time,-3.4900000000004003,time,-3.4900000000004003,time
77790131,3.0,-3.49,-3.4900000000004003,time,-3.4900000000004003,time,-3.4900000000004003,time,-3.4900000000004003,time,-3.4900000000004003,time,-3.4900000000004003,time
77761433,3.0,-3.5900000000000003,-3.5899999999998546,time,-3.5899999999998546,time,-3.5899999999998546,time,-3.5899999999998546,time,-3.5899999999998546,time,-3.5899999999998546,time
77761465,3.0,-3.5900000000000003,-3.5899999999998546,time,-3.5899999999998546,time,-3.5899999999998546,time,-3.5899999999998546,time,-3.5899999999998546,time,-3.5899999999998546,time
77761490,3.0,-3.5900000000000003,-3.5899999999998546,time,-3.5899999999998546,time,-3.5899999999998546,time,-3.5899999999998546,time,-3.5899999999998546,time,-3.5899999999998546,time
77654348,3.0,10.32,10.32,tp,10.32,tp,10.32,time,10.32,time,10.32,time,10.32,time
77654439,3.0,-4.74,-4.63,sl,-4.7399999999996725,time,18.37,tp,18.37,tp,18.37,tp,18.37,tp
77684041,3.12,-3.5100000000000002,-3.5099999999999274,time,-3.5099999999999274,time,-3.5099999999999274,time,-3.5099999999999274,time,-3.5099999999999274,time,-3.5099999999999274,time
77683996,3.12,-3.5100000000000002,-3.5099999999999274,time,-3.5099999999999274,time,-3.5099999999999274,time,-3.5099999999999274,time,-3.5099999999999274,time,-3.5099999999999274,time
77684068,3.12,-3.5100000000000002,-3.5099999999999274,time,-3.5099999999999274,time,-3.5099999999999274,time,-3.5099999999999274,time,-3.5099999999999274,time,-3.5099999999999274,time
77638680,3.11,-3.4200000000000004,-3.419999999999782,time,-3.419999999999782,time,-3.419999999999782,time,-3.419999999999782,time,-3.419999999999782,time,-3.419999999999782,time
77638710,3.11,-3.4200000000000004,-3.419999999999782,time,-3.419999999999782,time,-3.419999999999782,time,-3.419999999999782,time,-3.419999999999782,time,-3.419999999999782,time
77506113,3.0,-6.38,-3.18,sl,-6.379999999999818,time,-3.18,sl,-6.379999999999818,time,-3.18,sl,-6.379999999999818,time
77506065,3.0,-6.38,-3.18,sl,-6.379999999999818,time,-3.18,sl,-6.379999999999818,time,-3.18,sl,-6.379999999999818,time
77258643,3.0,-3.2800000000000002,-3.18,sl,-5.18,sl,-3.18,sl,-5.18,sl,-3.18,sl,-5.18,sl
77258657,3.0,-3.2800000000000002,-3.18,sl,-5.18,sl,-3.18,sl,-5.18,sl,-3.18,sl,-5.18,sl
77258627,3.0,-3.2800000000000002,-3.18,sl,-5.18,sl,-3.18,sl,-5.18,sl,-3.18,sl,-5.18,sl
77191681,3.19,10.67,10.6300000000004,tp,10.6300000000004,tp,10.670000000000364,time,10.670000000000364,time,10.670000000000364,time,10.670000000000364,time
77191618,3.19,-6.5,-3.18,sl,-5.18,sl,19.82,tp,19.82,tp,19.82,tp,19.82,tp
77191651,3.19,-6.5,-3.18,sl,-5.18,sl,19.82,tp,19.82,tp,19.82,tp,19.82,tp
77207234,3.0,-3.8400000000000003,-3.66,sl,-3.840000000000291,time,-3.66,sl,-3.840000000000291,time,-3.66,sl,-3.840000000000291,time
77207221,3.0,-3.8400000000000003,-3.66,sl,-3.840000000000291,time,-3.66,sl,-3.840000000000291,time,-3.66,sl,-3.840000000000291,time
77207201,3.0,9.78,9.34,tp,9.34,tp,9.7799999999996,time,9.7799999999996,time,9.7799999999996,time,9.7799999999996,time
77174589,3.04,-3.35,-3.18,sl,-5.18,sl,19.82,tp,19.82,tp,19.82,tp,19.82,tp
77174670,3.04,-3.35,-3.18,sl,-5.18,sl,19.82,tp,19.82,tp,19.82,tp,19.82,tp
77174548,3.04,9.81,9.780000000000037,tp,9.780000000000037,tp,9.809999999999782,time,9.809999999999782,time,9.809999999999782,time,9.809999999999782,time
77108374,3.07,-3.3000000000000003,-3.18,sl,-5.18,sl,-3.18,sl,-5.18,sl,-3.249999999999709,sl,-5.249999999999709,sl
77108351,3.07,-3.3000000000000003,-3.18,sl,-5.18,sl,-3.18,sl,-5.18,sl,-3.249999999999709,sl,-5.249999999999709,sl
77108338,3.0,-3.3400000000000003,-3.18,sl,-3.3399999999998546,time,-3.18,sl,-3.3399999999998546,time,-3.18,sl,-3.3399999999998546,time
77108332,3.0,-3.3400000000000003,-3.18,sl,-3.3399999999998546,time,-3.18,sl,-3.3399999999998546,time,-3.18,sl,-3.3399999999998546,time
77088862,3.0,-3.68,-3.68,time,-3.68,time,-3.68,time,-3.68,time,-3.68,time,-3.68,time
77088842,3.0,-3.68,-3.68,time,-3.68,time,-3.68,time,-3.68,time,-3.68,time,-3.68,time
77088854,3.0,-3.68,-3.68,time,-3.68,time,-3.68,time,-3.68,time,-3.68,time,-3.68,time
77064537,3.0,-3.79,-3.18,sl,-5.18,sl,-3.18,sl,-5.18,sl,-3.18,sl,-5.18,sl
77064550,3.0,-3.79,-3.18,sl,-5.18,sl,-3.18,sl,-5.18,sl,-3.18,sl,-5.18,sl
77064608,3.0,-3.79,-3.18,sl,-5.18,sl,-3.18,sl,-5.18,sl,-3.18,sl,-5.18,sl
77024976,3.38,-3.62,-3.18,sl,-5.18,sl,-3.18,sl,-5.18,sl,-3.5600000000001093,sl,-5.560000000000109,sl
77024921,3.38,9.44,9.439999999999891,tp,9.439999999999891,tp,9.439999999999891,time,9.439999999999891,time,9.439999999999891,time,9.439999999999891,time
77024959,3.38,-3.62,-3.18,sl,-5.18,sl,-3.18,sl,-5.18,sl,-3.5600000000001093,sl,-5.560000000000109,sl
76972851,3.0,-3.24,-3.18,sl,-5.18,sl,-3.18,sl,-5.18,sl,-3.18,sl,-5.18,sl
76972839,3.0,9.82,9.82,tp,9.82,tp,-3.18,sl,-5.18,sl,-3.18,sl,-5.18,sl
76972847,3.0,-3.24,-3.18,sl,-5.18,sl,-3.18,sl,-5.18,sl,-3.18,sl,-5.18,sl
76817831,3.0,-3.18,-3.18,time,-3.18,time,-3.18,time,-3.18,time,-3.18,time,-3.18,time
76817821,3.0,-3.18,9.82,tp,9.82,tp,-3.18,time,-3.18,time,-3.18,time,-3.18,time
76817841,3.0,-3.18,-3.18,time,-3.18,time,-3.18,time,-3.18,time,-3.18,time,-3.18,time
76895764,3.0,-3.2600000000000002,-3.18,sl,-5.18,sl,-3.18,sl,-5.18,sl,-3.18,sl,-5.18,sl
76895717,3.0,-3.2600000000000002,-3.18,sl,-5.18,sl,-3.18,sl,-5.18,sl,-3.18,sl,-5.18,sl
76895783,3.0,-3.2600000000000002,-3.18,sl,-5.18,sl,-3.18,sl,-5.18,sl,-3.18,sl,-5.18,sl
76802857,3.01,31.76,31.609999999999964,tp,31.609999999999964,tp,19.82,tp,19.82,tp,19.82,tp,19.82,tp
76802826,3.01,10.61,10.609999999999964,tp,10.609999999999964,tp,10.609999999999964,time,10.609999999999964,time,10.609999999999964,time,10.609999999999964,time
76802875,0.01,-0.26,-3.18,sl,-5.18,sl,19.82,tp,19.82,tp,19.82,tp,19.82,tp
76700860,3.0,10.32,-3.18,sl,-5.18,sl,-3.18,sl,-5.18,sl,-3.18,sl,-5.18,sl
76700891,3.0,-3.27,-3.18,sl,-5.18,sl,-3.18,sl,-5.18,sl,-3.18,sl,-5.18,sl
76701014,3.0,-3.27,-3.18,sl,-5.18,sl,-3.18,sl,-5.18,sl,-3.18,sl,-5.18,sl
76700697,3.0,-3.56,-3.18,sl,-5.18,sl,-3.18,sl,-5.18,sl,-3.18,sl,-5.18,sl
76700648,3.0,-3.56,-3.18,sl,-5.18,sl,-3.18,sl,-5.18,sl,-3.18,sl,-5.18,sl
76700764,3.0,-3.56,-3.18,sl,-5.18,sl,-3.18,sl,-5.18,sl,-3.18,sl,-5.18,sl
76665038,3.0,-3.54,-3.18,sl,-5.18,sl,-3.18,sl,-5.18,sl,-3.18,sl,-5.18,sl
76664979,3.0,-3.54,-3.18,sl,-5.18,sl,-3.18,sl,-5.18,sl,-3.18,sl,-5.18,sl
76664961,3.0,-3.54,-3.18,sl,-5.18,sl,-3.18,sl,-5.18,sl,-3.18,sl,-5.18,sl
76611190,0.0,-0.22999999999999998,-3.18,sl,-5.18,sl,19.82,tp,19.82,tp,19.82,tp,19.82,tp
76611184,3.0,31.82,31.82,tp,31.82,tp,19.82,tp,19.82,tp,19.82,tp,19.82,tp
76611177,3.0,9.82,9.82,tp,9.82,tp,19.82,tp,19.82,tp,19.82,tp,19.82,tp
76441172,3.0,-3.37,-3.3699999999996,time,-3.3699999999996,time,-3.3699999999996,time,-3.3699999999996,time,-3.3699999999996,time,-3.3699999999996,time
76441148,3.0,-3.37,-3.3699999999996,time,-3.3699999999996,time,-3.3699999999996,time,-3.3699999999996,time,-3.3699999999996,time,-3.3699999999996,time
76441182,3.0,-3.37,-3.3699999999996,time,-3.3699999999996,time,-3.3699999999996,time,-3.3699999999996,time,-3.3699999999996,time,-3.3699999999996,time
76435616,3.08,-4.239999999999999,-4.23999999999949,time,-4.23999999999949,time,-4.23999999999949,time,-4.23999999999949,time,-4.23999999999949,time,-4.23999999999949,time
76435639,3.08,-4.239999999999999,-4.23999999999949,time,-4.23999999999949,time,-4.23999999999949,time,-4.23999999999949,time,-4.23999999999949,time,-4.23999999999949,time
76435647,3.08,-4.239999999999999,-4.23999999999949,time,-4.23999999999949,time,-4.23999999999949,time,-4.23999999999949,time,-4.23999999999949,time,-4.23999999999949,time
76397888,3.0,-3.5700000000000003,-3.18,sl,-5.18,sl,-3.18,sl,-5.18,sl,-3.18,sl,-5.18,sl
76397879,3.0,-3.5700000000000003,-3.18,sl,-5.18,sl,-3.18,sl,-5.18,sl,-3.18,sl,-5.18,sl
76397898,3.0,-3.5700000000000003,-3.18,sl,-5.18,sl,-3.18,sl,-5.18,sl,-3.18,sl,-5.18,sl
76366956,3.0,-3.3000000000000003,-3.18,sl,-5.18,sl,-3.18,sl,-5.18,sl,-3.18,sl,-5.18,sl
76367001,3.0,-3.3000000000000003,-3.18,sl,-5.18,sl,-3.18,sl,-5.18,sl,-3.18,sl,-5.18,sl
76366924,3.0,9.82,9.82,tp,9.82,tp,9.82,time,9.82,time,9.82,time,9.82,time
76287676,3.13,-3.83,-3.18,sl,-5.18,sl,-3.18,sl,-5.18,sl,-3.3100000000001093,sl,-5.310000000000109,sl
76287706,3.13,-3.83,-3.18,sl,-5.18,sl,-3.18,sl,-5.18,sl,-3.3100000000001093,sl,-5.310000000000109,sl
76287660,3.13,-3.83,-3.18,sl,-5.18,sl,-3.18,sl,-5.18,sl,-3.3100000000001093,sl,-5.310000000000109,sl
76287443,3.0,-3.37,-3.18,sl,-5.18,sl,-3.18,sl,-5.18,sl,-3.18,sl,-5.18,sl
76287475,3.0,-3.37,-3.18,sl,-5.18,sl,-3.18,sl,-5.18,sl,-3.18,sl,-5.18,sl
76287530,3.0,-3.37,-3.18,sl,-5.18,sl,-3.18,sl,-5.18,sl,-3.18,sl,-5.18,sl
76236139,3.0,-3.8800000000000003,-3.18,sl,-5.18,sl,-3.18,sl,-5.18,sl,-3.18,sl,-5.18,sl
76236110,3.0,-3.8800000000000003,-3.18,sl,-5.18,sl,-3.18,sl,-5.18,sl,-3.18,sl,-5.18,sl
76236236,3.0,-3.8800000000000003,-3.18,sl,-5.18,sl,-3.18,sl,-5.18,sl,-3.18,sl,-5.18,sl
76208401,3.0,-3.22,-3.18,sl,-3.219999999999964,time,-3.18,sl,-3.219999999999964,time,-3.18,sl,-3.219999999999964,time
76208370,3.0,-3.22,-3.18,sl,-3.219999999999964,time,-3.18,sl,-3.219999999999964,time,-3.18,sl,-3.219999999999964,time
76208457,3.0,-3.22,-3.18,sl,-3.219999999999964,time,-3.18,sl,-3.219999999999964,time,-3.18,sl,-3.219999999999964,time
76191384,3.0,-3.19,-3.18,sl,-5.18,sl,-3.18,sl,-5.18,sl,-3.18,sl,-5.18,sl
76191377,3.0,-3.19,-3.18,sl,-5.18,sl,-3.18,sl,-5.18,sl,-3.18,sl,-5.18,sl
76191370,3.0,-3.19,-3.18,sl,-5.18,sl,-3.18,sl,-5.18,sl,-3.18,sl,-5.18,sl
76115094,3.0,-3.7800000000000002,-3.18,sl,-5.18,sl,-3.18,sl,-5.18,sl,-3.18,sl,-5.18,sl
76115077,3.0,-3.7800000000000002,-3.18,sl,-5.18,sl,-3.18,sl,-5.18,sl,-3.18,sl,-5.18,sl
76115128,3.0,-3.7800000000000002,-3.18,sl,-5.18,sl,-3.18,sl,-5.18,sl,-3.18,sl,-5.18,sl
76156390,3.0,-5.58,-3.18,sl,-5.18,sl,-3.18,sl,-5.18,sl,-3.18,sl,-5.18,sl
76156370,3.0,-5.58,-3.18,sl,-5.18,sl,-3.18,sl,-5.18,sl,-3.18,sl,-5.18,sl
76156411,3.0,-5.58,-3.18,sl,-5.18,sl,-3.18,sl,-5.18,sl,-3.18,sl,-5.18,sl
76099717,3.75,-3.98,-3.18,sl,-5.18,sl,-3.18,sl,-5.18,sl,-3.93,sl,-5.93,sl
76099705,3.75,9.07,-3.18,sl,-5.18,sl,-3.18,sl,-5.18,sl,-3.93,sl,-5.93,sl
76099740,3.75,-3.98,-3.18,sl,-5.18,sl,-3.18,sl,-5.18,sl,-3.93,sl,-5.93,sl
76071692,3.12,-3.71,-3.18,sl,-5.18,sl,-3.18,sl,-5.18,sl,-3.299999999999891,sl,-5.299999999999891,sl
76071626,3.12,-3.71,-3.18,sl,-5.18,sl,-3.18,sl,-5.18,sl,-3.299999999999891,sl,-5.299999999999891,sl
76071595,3.12,-3.71,-3.18,sl,-5.18,sl,-3.18,sl,-5.18,sl,-3.299999999999891,sl,-5.299999999999891,sl
76009324,3.11,-3.3600000000000003,-3.3599999999993817,time,-3.3599999999993817,time,19.82,tp,19.82,tp,19.82,tp,19.82,tp
76009256,3.11,-3.3600000000000003,10.210000000000328,tp,10.210000000000328,tp,19.82,tp,19.82,tp,19.82,tp,19.82,tp
76009302,3.11,-3.3600000000000003,-3.3599999999993817,time,-3.3599999999993817,time,19.82,tp,19.82,tp,19.82,tp,19.82,tp
76024481,3.0,-3.97,-3.18,sl,-5.18,sl,-3.18,sl,-5.18,sl,-3.18,sl,-5.18,sl
76024655,3.0,-3.97,-3.18,sl,-5.18,sl,-3.18,sl,-5.18,sl,-3.18,sl,-5.18,sl
76024530,3.0,-3.97,-3.18,sl,-5.18,sl,-3.18,sl,-5.18,sl,-3.18,sl,-5.18,sl
75935080,3.06,-3.4000000000000004,-3.18,sl,-5.18,sl,-3.18,sl,-5.18,sl,-3.239999999999491,sl,-5.23999999999949,sl
75916756,3.25,-3.48,-3.18,sl,-5.18,sl,-3.18,sl,-5.18,sl,-3.43,sl,-5.43,sl
75916811,3.25,-3.48,-3.18,sl,-5.18,sl,-3.18,sl,-5.18,sl,-3.43,sl,-5.43,sl
75916783,3.25,-3.48,-3.18,sl,-5.18,sl,-3.18,sl,-5.18,sl,-3.43,sl,-5.43,sl
75836089,3.0,-3.25,-3.18,sl,-5.18,sl,-3.18,sl,-5.18,sl,-3.18,sl,-5.18,sl
75836180,3.0,-3.25,-3.18,sl,-5.18,sl,-3.18,sl,-5.18,sl,-3.18,sl,-5.18,sl
75836146,3.0,-3.25,-3.18,sl,-5.18,sl,-3.18,sl,-5.18,sl,-3.18,sl,-5.18,sl
75861006,3.0,-3.97,-3.18,sl,-3.969999999999964,time,-3.18,sl,-3.969999999999964,time,-3.18,sl,-3.969999999999964,time
75861029,3.0,-3.97,-3.18,sl,-3.969999999999964,time,-3.18,sl,-3.969999999999964,time,-3.18,sl,-3.969999999999964,time
75842898,3.0,-3.24,-3.18,sl,-5.18,sl,-3.18,sl,-5.18,sl,-3.18,sl,-5.18,sl
75842954,3.0,-3.24,-3.18,sl,-5.18,sl,-3.18,sl,-5.18,sl,-3.18,sl,-5.18,sl
75759660,3.0,-3.2,-3.18,sl,-5.18,sl,-3.18,sl,-5.18,sl,-3.18,sl,-5.18,sl
75759516,3.0,-3.2,-3.18,sl,-5.18,sl,-3.18,sl,-5.18,sl,-3.18,sl,-5.18,sl
75759470,3.0,-3.2,-3.18,sl,-5.18,sl,-3.18,sl,-5.18,sl,-3.18,sl,-5.18,sl
75653790,3.05,-4.31,-3.18,sl,-5.18,sl,-3.18,sl,-5.18,sl,-3.230000000000182,sl,-5.230000000000182,sl
75653759,3.05,-4.31,-3.18,sl,-5.18,sl,-3.18,sl,-5.18,sl,-3.230000000000182,sl,-5.230000000000182,sl
75653579,3.05,-4.31,-3.18,sl,-5.18,sl,-3.18,sl,-5.18,sl,-3.230000000000182,sl,-5.230000000000182,sl
75633861,3.0,32.17,32.12000000000018,tp,32.12000000000018,tp,19.82,tp,19.82,tp,19.82,tp,19.82,tp
75633845,3.0,10.120000000000001,10.120000000000182,tp,10.120000000000182,tp,10.120000000000182,time,10.120000000000182,time,10.120000000000182,time,10.120000000000182,time
75633884,0.0,102.86,104.12000000000018,tp,104.12000000000018,tp,19.82,tp,19.82,tp,19.82,tp,19.82,tp
75505610,3.03,-3.21,-3.18,sl,-5.18,sl,-3.18,sl,-5.18,sl,-3.2099999999997455,sl,-5.209999999999745,sl
75505588,3.03,-3.21,-3.18,sl,-5.18,sl,-3.18,sl,-5.18,sl,-3.2099999999997455,sl,-5.209999999999745,sl
75505572,3.03,-3.21,-3.18,sl,-5.18,sl,-3.18,sl,-5.18,sl,-3.2099999999997455,sl,-5.209999999999745,sl
75489328,3.0,10.52,10.519999999999818,tp,10.519999999999818,tp,10.519999999999818,time,10.519999999999818,time,10.519999999999818,time,10.519999999999818,time
75489333,3.0,-3.43,-3.18,sl,-3.43,time,-3.18,sl,-3.43,time,-3.18,sl,-3.43,time
75489343,3.0,-3.43,-3.18,sl,-3.43,time,-3.18,sl,-3.43,time,-3.18,sl,-3.43,time
75377705,3.0,-3.18,-3.18,sl,-5.18,sl,-3.18,sl,-5.18,sl,-3.18,sl,-5.18,sl
75377967,3.0,-3.18,-3.18,sl,-5.18,sl,-3.18,sl,-5.18,sl,-3.18,sl,-5.18,sl
75377909,3.0,-3.18,-3.18,sl,-5.18,sl,-3.18,sl,-5.18,sl,-3.18,sl,-5.18,sl
75479234,3.0,-3.2,-3.18,sl,-5.18,sl,-3.18,sl,-5.18,sl,-3.18,sl,-5.18,sl
75479273,3.0,-3.2,-3.18,sl,-5.18,sl,-3.18,sl,-5.18,sl,-3.18,sl,-5.18,sl
75479261,3.0,-3.2,-3.18,sl,-5.18,sl,-3.18,sl,-5.18,sl,-3.18,sl,-5.18,sl
75366556,3.0,-3.7,10.32,tp,10.32,tp,19.82,tp,19.82,tp,19.82,tp,19.82,tp
75366723,3.0,-3.7,32.32,tp,32.32,tp,19.82,tp,19.82,tp,19.82,tp,19.82,tp
75366803,3.0,-3.7,-3.7000000000004367,time,-3.7000000000004367,time,19.82,tp,19.82,tp,19.82,tp,19.82,tp
75310833,3.0,-3.31,-3.18,sl,-5.18,sl,-3.18,sl,-5.18,sl,-3.18,sl,-5.18,sl
75310885,3.0,-3.31,-3.18,sl,-5.18,sl,-3.18,sl,-5.18,sl,-3.18,sl,-5.18,sl
75310873,3.0,-3.31,-3.18,sl,-5.18,sl,-3.18,sl,-5.18,sl,-3.18,sl,-5.18,sl
75311038,3.0,-3.29,-3.18,sl,-5.18,sl,-3.18,sl,-5.18,sl,-3.18,sl,-5.18,sl
75311090,3.0,-3.29,-3.18,sl,-5.18,sl,-3.18,sl,-5.18,sl,-3.18,sl,-5.18,sl
75311014,3.0,-3.29,-3.18,sl,-5.18,sl,-3.18,sl,-5.18,sl,-3.18,sl,-5.18,sl
74920643,3.0,-3.2,-3.18,sl,-5.18,sl,-3.18,sl,-5.18,sl,-3.18,sl,-5.18,sl
74920608,3.0,-3.2,-3.18,sl,-5.18,sl,-3.18,sl,-5.18,sl,-3.18,sl,-5.18,sl
74920649,3.0,-3.2,-3.18,sl,-5.18,sl,-3.18,sl,-5.18,sl,-3.18,sl,-5.18,sl
74928663,3.0,-3.2800000000000002,-3.18,sl,-5.18,sl,-3.18,sl,-5.18,sl,-3.18,sl,-5.18,sl
74928615,3.0,-3.2800000000000002,-3.18,sl,-5.18,sl,-3.18,sl,-5.18,sl,-3.18,sl,-5.18,sl
74928689,3.0,-3.2800000000000002,-3.18,sl,-5.18,sl,-3.18,sl,-5.18,sl,-3.18,sl,-5.18,sl
74920565,3.74,-4.199999999999999,-3.18,sl,-5.18,sl,-3.18,sl,-5.18,sl,-3.919999999999782,sl,-5.919999999999781,sl
74920549,3.74,-4.199999999999999,-3.18,sl,-5.18,sl,-3.18,sl,-5.18,sl,-3.919999999999782,sl,-5.919999999999781,sl
74920527,3.74,9.58,-3.18,sl,-5.18,sl,-3.18,sl,-5.18,sl,-3.919999999999782,sl,-5.919999999999781,sl
75198777,3.0,-3.23,-3.18,sl,-3.230000000000182,time,-3.18,sl,-3.230000000000182,time,-3.18,sl,-3.230000000000182,time
75198810,3.0,-3.23,-3.18,sl,-3.230000000000182,time,-3.18,sl,-3.230000000000182,time,-3.18,sl,-3.230000000000182,time
75198747,3.0,-5.33,-5.329999999999636,time,-5.329999999999636,time,-5.329999999999636,time,-5.329999999999636,time,-5.329999999999636,time,-5.329999999999636,time
75198723,3.0,-5.33,9.82,tp,9.82,tp,-5.329999999999636,time,-5.329999999999636,time,-5.329999999999636,time,-5.329999999999636,time
75198730,3.0,-5.33,-5.329999999999636,time,-5.329999999999636,time,-5.329999999999636,time,-5.329999999999636,time,-5.329999999999636,time,-5.329999999999636,time
75198765,3.0,9.82,9.82,tp,9.82,tp,9.82,time,9.82,time,9.82,time,9.82,time
75081913,9.52,-9.76,-3.18,sl,-5.18,sl,-3.18,sl,-5.18,sl,-9.700000000000436,sl,-9.760000000000836,time
75079959,16.31,-16.49,-3.18,sl,-5.18,sl,-3.18,sl,-5.18,sl,-16.4900000000004,sl,-16.4900000000004,time
75034347,3.0,-3.19,-3.18,sl,-3.1900000000002184,time,-3.18,sl,-3.1900000000002184,time,-3.18,sl,-3.1900000000002184,time
75034013,3.0,-3.19,9.82,tp,9.82,tp,-3.18,sl,-3.1900000000002184,time,-3.18,sl,-3.1900000000002184,time
75034298,3.0,-3.19,-3.18,sl,-3.1900000000002184,time,-3.18,sl,-3.1900000000002184,time,-3.18,sl,-3.1900000000002184,time
74997538,3.0,-3.23,-3.18,sl,-5.18,sl,19.82,tp,19.82,tp,19.82,tp,19.82,tp
74997516,3.0,10.67,10.620000000000182,tp,10.620000000000182,tp,19.82,tp,19.82,tp,19.82,tp,19.82,tp
74997595,3.0,-3.23,-3.18,sl,-5.18,sl,19.82,tp,19.82,tp,19.82,tp,19.82,tp
74944654,3.0,-3.3600000000000003,-3.360000000000291,time,-3.360000000000291,time,-3.360000000000291,time,-3.360000000000291,time,-3.360000000000291,time,-3.360000000000291,time
74944634,3.0,-3.3600000000000003,-3.360000000000291,time,-3.360000000000291,time,-3.360000000000291,time,-3.360000000000291,time,-3.360000000000291,time,-3.360000000000291,time
74944594,3.0,-3.3600000000000003,-3.360000000000291,time,-3.360000000000291,time,-3.360000000000291,time,-3.360000000000291,time,-3.360000000000291,time,-3.360000000000291,time
74778214,3.0,-3.18,-3.18,sl,-5.18,sl,-3.18,sl,-5.18,sl,-3.18,sl,-5.18,sl
74778194,3.0,-3.18,-3.18,sl,-5.18,sl,-3.18,sl,-5.18,sl,-3.18,sl,-5.18,sl
74778181,3.0,-3.18,-3.18,sl,-5.18,sl,-3.18,sl,-5.18,sl,-3.18,sl,-5.18,sl
74875806,3.0,-3.3000000000000003,-3.18,sl,-5.18,sl,-3.18,sl,-5.18,sl,-3.18,sl,-5.18,sl
74875848,3.0,-3.3000000000000003,-3.18,sl,-5.18,sl,-3.18,sl,-5.18,sl,-3.18,sl,-5.18,sl
74875839,3.0,-3.3000000000000003,-3.18,sl,-5.18,sl,-3.18,sl,-5.18,sl,-3.18,sl,-5.18,sl
74778082,3.0,-7.029999999999999,-3.18,sl,-5.18,sl,-3.18,sl,-5.18,sl,-3.18,sl,-5.18,sl
74778169,3.0,-7.029999999999999,-3.18,sl,-5.18,sl,-3.18,sl,-5.18,sl,-3.18,sl,-5.18,sl
74778099,3.0,-7.029999999999999,-3.18,sl,-5.18,sl,-3.18,sl,-5.18,sl,-3.18,sl,-5.18,sl
74860949,3.0,-3.21,-3.18,sl,-5.18,sl,-3.18,sl,-5.18,sl,-3.18,sl,-5.18,sl
74860904,3.0,-3.21,-3.18,sl,-5.18,sl,-3.18,sl,-5.18,sl,-3.18,sl,-5.18,sl
74860967,3.0,-3.21,-3.18,sl,-5.18,sl,-3.18,sl,-5.18,sl,-3.18,sl,-5.18,sl
74784430,3.0,-3.39,-3.18,sl,-5.18,sl,-3.18,sl,-5.18,sl,-3.18,sl,-5.18,sl
74784416,3.0,9.92,9.82,tp,9.82,tp,9.920000000000364,time,9.920000000000364,time,9.920000000000364,time,9.920000000000364,time
74784433,3.0,-3.39,-3.18,sl,-5.18,sl,-3.18,sl,-5.18,sl,-3.18,sl,-5.18,sl
74369781,3.0,-3.6,-3.18,sl,-5.18,sl,-3.18,sl,-5.18,sl,-3.18,sl,-5.18,sl
74749822,3.0,-3.2,-3.18,sl,-5.18,sl,-3.18,sl,-5.18,sl,-3.18,sl,-5.18,sl
74749751,3.0,-3.2,-3.18,sl,-5.18,sl,-3.18,sl,-5.18,sl,-3.18,sl,-5.18,sl
74750177,3.0,-3.2,-3.18,sl,-5.18,sl,-3.18,sl,-5.18,sl,-3.18,sl,-5.18,sl
74652473,3.0,-3.2,-3.18,sl,-5.18,sl,-3.18,sl,-5.18,sl,-3.18,sl,-5.18,sl
74652489,3.0,-3.2,-3.18,sl,-5.18,sl,-3.18,sl,-5.18,sl,-3.18,sl,-5.18,sl
74652483,3.0,-3.2,-3.18,sl,-5.18,sl,-3.18,sl,-5.18,sl,-3.18,sl,-5.18,sl
74727938,3.0,-3.62,-3.18,sl,-5.18,sl,-3.18,sl,-5.18,sl,-3.18,sl,-5.18,sl
74727865,3.0,-3.62,-3.18,sl,-5.18,sl,-3.18,sl,-5.18,sl,-3.18,sl,-5.18,sl
74509321,3.0,-7.31,-3.18,sl,-5.18,sl,-3.18,sl,-5.18,sl,-3.18,sl,-5.18,sl
74509293,3.0,-7.31,-3.18,sl,-5.18,sl,-3.18,sl,-5.18,sl,-3.18,sl,-5.18,sl
74509333,3.0,-7.31,-3.18,sl,-5.18,sl,-3.18,sl,-5.18,sl,-3.18,sl,-5.18,sl
74530497,0.3,-2.46,-4.63,sl,-6.63,sl,18.37,tp,18.37,tp,18.37,tp,18.37,tp
74530465,3.0,33.12,33.12000000000018,tp,33.12000000000018,tp,19.82,tp,19.82,tp,19.82,tp,19.82,tp
74530454,3.0,10.120000000000001,10.120000000000182,tp,10.120000000000182,tp,19.82,tp,19.82,tp,19.82,tp,19.82,tp
74530436,3.0,-3.3600000000000003,-3.18,sl,-3.3599999999993817,time,19.82,tp,19.82,tp,19.82,tp,19.82,tp
74530396,3.0,10.17,10.120000000000182,tp,10.120000000000182,tp,10.170000000000364,time,10.170000000000364,time,10.170000000000364,time,10.170000000000364,time
74530421,3.0,-3.3600000000000003,-3.18,sl,-3.3599999999993817,time,19.82,tp,19.82,tp,19.82,tp,19.82,tp
74517051,3.0,-3.18,-3.18,sl,-3.18,time,-3.18,sl,-3.18,time,-3.18,sl,-3.18,time
74516988,3.0,-3.18,-3.18,sl,-3.18,time,-3.18,sl,-3.18,time,-3.18,sl,-3.18,time
74517091,3.0,-3.18,-3.18,sl,-3.18,time,-3.18,sl,-3.18,time,-3.18,sl,-3.18,time
74479750,3.0,-3.94,-3.18,sl,-5.18,sl,-3.18,sl,-5.18,sl,-3.18,sl,-5.18,sl
74479798,3.0,-3.94,-3.18,sl,-5.18,sl,-3.18,sl,-5.18,sl,-3.18,sl,-5.18,sl
74479729,3.0,-3.94,-3.18,sl,-5.18,sl,-3.18,sl,-5.18,sl,-3.18,sl,-5.18,sl
74458279,10.0,9.74,-3.18,sl,-5.18,sl,19.82,tp,19.82,tp,9.82,sl,7.82,sl
74458218,3.0,25.11,25.109999999999964,time,25.109999999999964,time,19.82,tp,19.82,tp,19.82,tp,19.82,tp
74458154,3.0,9.82,9.82,tp,9.82,tp,19.82,tp,19.82,tp,19.82,tp,19.82,tp
74458079,3.2,-5.21,-3.18,sl,-5.18,sl,-3.18,sl,-5.18,sl,-3.3799999999998183,sl,-5.379999999999818,sl
74457965,3.2,9.620000000000001,9.620000000000182,tp,9.620000000000182,tp,9.620000000000182,time,9.620000000000182,time,9.620000000000182,time,9.620000000000182,time
74458015,3.2,-5.21,-3.18,sl,-5.18,sl,-3.18,sl,-5.18,sl,-3.3799999999998183,sl,-5.379999999999818,sl
74188198,3.07,-3.58,-3.18,sl,-5.18,sl,-3.18,sl,-5.18,sl,-3.249999999999709,sl,-5.249999999999709,sl
74188246,3.07,-3.58,-3.18,sl,-5.18,sl,-3.18,sl,-5.18,sl,-3.249999999999709,sl,-5.249999999999709,sl
74188286,3.07,-3.58,-3.18,sl,-5.18,sl,-3.18,sl,-5.18,sl,-3.249999999999709,sl,-5.249999999999709,sl
74262165,3.38,-3.69,-3.18,sl,-5.18,sl,-3.18,sl,-5.18,sl,-3.5600000000001093,sl,-3.6900000000002184,time
74262213,3.38,-3.69,-3.18,sl,-5.18,sl,-3.18,sl,-5.18,sl,-3.5600000000001093,sl,-3.6900000000002184,time
74262233,3.38,-3.69,-3.18,sl,-5.18,sl,-3.18,sl,-5.18,sl,-3.5600000000001093,sl,-3.6900000000002184,time
74196566,3.0,-3.5500000000000003,-3.18,sl,-5.18,sl,-3.18,sl,-5.18,sl,-3.18,sl,-5.18,sl
74196514,3.0,-3.5500000000000003,-3.18,sl,-5.18,sl,-3.18,sl,-5.18,sl,-3.18,sl,-5.18,sl
74196695,3.0,-3.5500000000000003,-3.18,sl,-5.18,sl,-3.18,sl,-5.18,sl,-3.18,sl,-5.18,sl
74196008,3.0,-3.2,-3.18,sl,-5.18,sl,-3.18,sl,-5.18,sl,-3.18,sl,-5.18,sl
74195801,3.0,-3.2,-3.18,sl,-5.18,sl,-3.18,sl,-5.18,sl,-3.18,sl,-5.18,sl
74195739,3.0,-3.2,-3.18,sl,-5.18,sl,-3.18,sl,-5.18,sl,-3.18,sl,-5.18,sl
74187251,3.0,-4.279999999999999,-3.18,sl,-5.18,sl,-3.18,sl,-5.18,sl,-3.18,sl,-5.18,sl
74187192,3.0,-4.279999999999999,-3.18,sl,-5.18,sl,-3.18,sl,-5.18,sl,-3.18,sl,-5.18,sl
74187293,3.0,-4.279999999999999,-3.18,sl,-5.18,sl,-3.18,sl,-5.18,sl,-3.18,sl,-5.18,sl
74094547,4.28,-4.77,30.540000000000255,tp,30.540000000000255,tp,19.82,tp,19.82,tp,19.82,tp,19.82,tp
74094520,4.28,8.540000000000001,8.540000000000255,tp,8.540000000000255,tp,19.82,tp,19.82,tp,19.82,tp,19.82,tp
74094570,4.28,-4.77,-4.770000000000145,time,-4.770000000000145,time,19.82,tp,19.82,tp,19.82,tp,19.82,tp
74108102,3.03,-3.47,19.790000000000255,tp,19.790000000000255,tp,19.82,tp,19.82,tp,19.82,tp,19.82,tp
74108129,3.03,-3.47,-3.469999999999964,time,-3.469999999999964,time,19.82,tp,19.82,tp,19.82,tp,19.82,tp
74053854,3.13,-4.18,-4.18,time,-4.18,time,19.82,tp,19.82,tp,19.82,tp,19.82,tp
74053878,3.13,-4.18,-4.18,time,-4.18,time,19.82,tp,19.82,tp,19.82,tp,19.82,tp
74053842,3.13,-4.18,10.189999999999891,tp,10.189999999999891,tp,19.82,tp,19.82,tp,19.82,tp,19.82,tp
74042342,3.0,10.42,10.420000000000364,tp,10.420000000000364,tp,10.420000000000364,time,10.420000000000364,time,10.420000000000364,time,10.420000000000364,time
74042389,3.0,-3.2800000000000002,-3.2799999999994545,time,-3.2799999999994545,time,19.82,tp,19.82,tp,19.82,tp,19.82,tp
74042359,3.0,-3.2800000000000002,-3.2799999999994545,time,-3.2799999999994545,time,19.82,tp,19.82,tp,19.82,tp,19.82,tp
74019967,3.2,-3.3800000000000003,-3.3799999999998183,time,-3.3799999999998183,time,19.82,tp,19.82,tp,19.82,tp,19.82,tp
74019990,3.2,-3.3800000000000003,-3.3799999999998183,time,-3.3799999999998183,time,19.82,tp,19.82,tp,19.82,tp,19.82,tp
74019956,3.2,-3.3800000000000003,9.620000000000182,tp,9.620000000000182,tp,19.82,tp,19.82,tp,19.82,tp,19.82,tp
73841749,3.0,-6.51,10.32,tp,10.32,tp,19.82,tp,19.82,tp,19.82,tp,19.82,tp
73841771,3.0,-6.51,-6.509999999999927,time,-6.509999999999927,time,19.82,tp,19.82,tp,19.82,tp,19.82,tp
73841758,3.0,-6.51,19.32,tp,19.32,tp,19.82,tp,19.82,tp,19.82,tp,19.82,tp
73930256,3.81,-3.99,31.0099999999996,tp,31.0099999999996,tp,19.82,tp,19.82,tp,19.82,tp,19.82,tp
73930237,3.81,9.01,9.0099999999996,tp,9.0099999999996,tp,19.82,tp,19.82,tp,19.82,tp,19.82,tp
73930270,3.81,-3.99,-3.9900000000004003,time,-3.9900000000004003,time,19.82,tp,19.82,tp,19.82,tp,19.82,tp
73856612,3.19,-3.4000000000000004,-3.3999999999993453,time,-3.3999999999993453,time,19.82,tp,19.82,tp,19.82,tp,19.82,tp
73856577,3.19,-3.4000000000000004,32.6300000000004,tp,32.6300000000004,tp,19.82,tp,19.82,tp,19.82,tp,19.82,tp
73856492,3.19,-3.4000000000000004,9.6300000000004,tp,9.6300000000004,tp,19.82,tp,19.82,tp,19.82,tp,19.82,tp
73856972,3.2,97.11999999999999,97.12000000000018,time,97.12000000000018,time,19.82,tp,19.82,tp,19.82,tp,19.82,tp
73856821,3.2,10.22,10.120000000000182,tp,10.120000000000182,tp,10.220000000000546,time,10.220000000000546,time,10.220000000000546,time,10.220000000000546,time
73856946,3.2,32.160000000000004,32.160000000000146,time,32.160000000000146,time,19.82,tp,19.82,tp,19.82,tp,19.82,tp
73843723,3.02,-3.47,-3.4700000000008733,time,-3.4700000000008733,time,19.82,tp,19.82,tp,19.82,tp,19.82,tp
73843702,3.02,-3.47,9.799999999999564,tp,9.799999999999564,tp,19.82,tp,19.82,tp,19.82,tp,19.82,tp
73843760,3.02,-3.47,-3.4700000000008733,time,-3.4700000000008733,time,19.82,tp,19.82,tp,19.82,tp,19.82,tp
73460113,3.0,-3.19,-3.1900000000002184,time,-3.1900000000002184,time,19.82,tp,19.82,tp,19.82,tp,19.82,tp
73460052,3.0,-3.19,10.32,tp,10.32,tp,19.82,tp,19.82,tp,19.82,tp,19.82,tp
73460081,3.0,-3.19,-3.1900000000002184,time,-3.1900000000002184,time,19.82,tp,19.82,tp,19.82,tp,19.82,tp
73230963,3.0,-3.6500000000000004,-3.650000000000255,time,-3.650000000000255,time,19.82,tp,19.82,tp,19.82,tp,19.82,tp
73230887,3.0,-3.6500000000000004,9.82,tp,9.82,tp,19.82,tp,19.82,tp,19.82,tp,19.82,tp
73230932,3.0,-3.6500000000000004,29.82,tp,29.82,tp,19.82,tp,19.82,tp,19.82,tp,19.82,tp
73230766,3.0,-3.48,29.82,tp,29.82,tp,19.82,tp,19.82,tp,19.82,tp,19.82,tp
73230730,3.0,-3.48,9.82,tp,9.82,tp,19.82,tp,19.82,tp,19.82,tp,19.82,tp
73230789,3.0,-3.48,-3.480000000000182,time,-3.480000000000182,time,19.82,tp,19.82,tp,19.82,tp,19.82,tp
73544398,5.0,-5.239999999999999,-5.2400000000004,time,-5.2400000000004,time,19.82,tp,19.82,tp,19.82,tp,19.82,tp
73544341,5.0,-5.239999999999999,29.82,tp,29.82,tp,19.82,tp,19.82,tp,19.82,tp,19.82,tp
73544313,5.0,9.82,9.82,tp,9.82,tp,19.82,tp,19.82,tp,19.82,tp,19.82,tp
73540494,3.2,-3.44,-3.18,sl,-3.4400000000002184,time,-3.18,sl,-3.4400000000002184,time,-3.3799999999998183,sl,-3.4400000000002184,time
73540397,3.2,-3.44,-3.18,sl,-3.4400000000002184,time,-3.18,sl,-3.4400000000002184,time,-3.3799999999998183,sl,-3.4400000000002184,time
73540585,3.2,-3.44,-3.18,sl,-3.4400000000002184,time,-3.18,sl,-3.4400000000002184,time,-3.3799999999998183,sl,-3.4400000000002184,time
73460307,3.0,-3.21,57.82,tp,57.82,tp,19.82,tp,19.82,tp,19.82,tp,19.82,tp
73460286,3.0,-3.21,29.82,tp,29.82,tp,19.82,tp,19.82,tp,19.82,tp,19.82,tp
73460220,3.0,-3.21,9.82,tp,9.82,tp,19.82,tp,19.82,tp,19.82,tp,19.82,tp
73460165,3.0,-3.3200000000000003,32.82,tp,32.82,tp,19.82,tp,19.82,tp,19.82,tp,19.82,tp
73460158,3.0,9.82,9.82,tp,9.82,tp,19.82,tp,19.82,tp,19.82,tp,19.82,tp
73460178,3.0,-3.3200000000000003,-3.3200000000003276,time,-3.3200000000003276,time,19.82,tp,19.82,tp,19.82,tp,19.82,tp
73476474,3.0,-3.79,-3.7899999999996727,time,-3.7899999999996727,time,19.82,tp,19.82,tp,19.82,tp,19.82,tp
73476410,3.0,-3.79,26.32,tp,26.32,tp,19.82,tp,19.82,tp,19.82,tp,19.82,tp
73476356,3.0,-3.79,10.32,tp,10.32,tp,19.82,tp,19.82,tp,19.82,tp,19.82,tp
73262242,3.48,-3.77,25.63999999999971,tp,25.63999999999971,tp,19.82,tp,19.82,tp,19.82,tp,19.82,tp
73262178,3.48,-3.77,9.63999999999971,tp,9.63999999999971,tp,19.82,tp,19.82,tp,19.82,tp,19.82,tp
73262287,3.48,-3.77,50.63999999999971,tp,50.63999999999971,tp,19.82,tp,19.82,tp,19.82,tp,19.82,tp
73282888,3.0,-3.6500000000000004,75.62000000000018,tp,75.62000000000018,tp,19.82,tp,19.82,tp,19.82,tp,19.82,tp
73282878,3.0,-3.6500000000000004,26.620000000000182,tp,26.620000000000182,tp,19.82,tp,19.82,tp,19.82,tp,19.82,tp
73282865,3.0,-3.6500000000000004,10.620000000000182,tp,10.620000000000182,tp,19.82,tp,19.82,tp,19.82,tp,19.82,tp
73376849,3.0,-3.5500000000000003,26.82,tp,26.82,tp,19.82,tp,19.82,tp,19.82,tp,19.82,tp
73376766,3.0,9.82,9.82,tp,9.82,tp,19.82,tp,19.82,tp,19.82,tp,19.82,tp
73377050,3.0,-3.5500000000000003,-3.549999999999891,time,-3.549999999999891,time,19.82,tp,19.82,tp,19.82,tp,19.82,tp
73341514,3.42,-3.66,-3.660000000000473,time,-3.660000000000473,time,19.82,tp,19.82,tp,19.82,tp,19.82,tp
73341422,3.42,26.75,26.749999999999382,time,26.749999999999382,time,19.82,tp,19.82,tp,19.82,tp,19.82,tp
73341247,3.42,9.6,9.599999999999746,tp,9.599999999999746,tp,9.599999999999746,time,9.599999999999746,time,9.599999999999746,time,9.599999999999746,time
73164603,3.23,-3.44,-3.18,sl,-5.18,sl,-3.18,sl,-5.18,sl,-3.4099999999995636,sl,-5.409999999999563,sl
73164681,5214.23,0.69,-3.18,sl,-5.18,sl,-3.18,sl,-5.18,sl,0.6900000000008004,time,0.6900000000008004,time
73134780,5.0,-5.25,-5.249999999999709,time,-5.249999999999709,time,19.82,tp,19.82,tp,19.82,tp,19.82,tp
73134726,5.0,-5.25,24.82,tp,24.82,tp,19.82,tp,19.82,tp,19.82,tp,19.82,tp
73134767,5.0,-5.25,-5.249999999999709,time,-5.249999999999709,time,19.82,tp,19.82,tp,19.82,tp,19.82,tp
73087109,3.0,-3.4000000000000004,29.82,tp,29.82,tp,19.82,tp,19.82,tp,19.82,tp,19.82,tp
73087098,3.0,-3.4000000000000004,9.82,tp,9.82,tp,19.82,tp,19.82,tp,19.82,tp,19.82,tp
73087126,3.0,-3.4000000000000004,-3.400000000000255,time,-3.400000000000255,time,19.82,tp,19.82,tp,19.82,tp,19.82,tp
72903821,3.09,32.98,32.92999999999967,tp,32.92999999999967,tp,19.82,tp,19.82,tp,19.82,tp,19.82,tp
72903785,3.09,9.93,9.929999999999673,tp,9.929999999999673,tp,19.82,tp,19.82,tp,19.82,tp,19.82,tp
72903859,3.09,50.04,50.039999999999345,time,50.039999999999345,time,19.82,tp,19.82,tp,19.82,tp,19.82,tp
73023593,3.0,-3.87,-3.8699999999996,time,-3.8699999999996,time,19.82,tp,19.82,tp,19.82,tp,19.82,tp
73023570,3.0,-3.87,-3.8699999999996,time,-3.8699999999996,time,19.82,tp,19.82,tp,19.82,tp,19.82,tp
73023554,3.0,-3.87,9.82,tp,9.82,tp,19.82,tp,19.82,tp,19.82,tp,19.82,tp
72968623,3.0,-3.5,-3.499999999999709,time,-3.499999999999709,time,-3.499999999999709,time,-3.499999999999709,time,-3.499999999999709,time,-3.499999999999709,time
72968516,3.0,-3.5,-3.499999999999709,time,-3.499999999999709,time,-3.499999999999709,time,-3.499999999999709,time,-3.499999999999709,time,-3.499999999999709,time
72968752,3.0,-3.5,-3.499999999999709,time,-3.499999999999709,time,-3.499999999999709,time,-3.499999999999709,time,-3.499999999999709,time,-3.499999999999709,time
72955466,3.0,-3.21,-3.2099999999997455,time,-3.2099999999997455,time,19.82,tp,19.82,tp,19.82,tp,19.82,tp
72955288,3.0,-3.21,8.82,tp,8.82,tp,19.82,tp,19.82,tp,19.82,tp,19.82,tp
72955367,3.0,-3.21,-3.2099999999997455,time,-3.2099999999997455,time,19.82,tp,19.82,tp,19.82,tp,19.82,tp
72735661,3.0,-6.319999999999999,33.82,tp,33.82,tp,19.82,tp,19.82,tp,19.82,tp,19.82,tp
72735554,3.0,-6.319999999999999,16.82,tp,16.82,tp,19.82,tp,19.82,tp,19.82,tp,19.82,tp
72735718,3.0,-6.319999999999999,-6.320000000000327,time,-6.320000000000327,time,19.82,tp,19.82,tp,19.82,tp,19.82,tp
72783259,3.12,-3.3600000000000003,6.3999999999999275,tp,6.3999999999999275,tp,19.82,tp,19.82,tp,19.82,tp,19.82,tp
72783271,3.12,-3.3600000000000003,16.399999999999928,tp,16.399999999999928,tp,19.82,tp,19.82,tp,19.82,tp,19.82,tp
72783276,3.12,-3.3600000000000003,-3.360000000000291,time,-3.360000000000291,time,19.82,tp,19.82,tp,19.82,tp,19.82,tp
72735802,3.0,-4.05,-4.049999999999891,time,-4.049999999999891,time,19.82,tp,19.82,tp,19.82,tp,19.82,tp
72735843,3.0,-4.05,-4.049999999999891,time,-4.049999999999891,time,19.82,tp,19.82,tp,19.82,tp,19.82,tp
72735786,3.0,-4.05,16.82,tp,16.82,tp,19.82,tp,19.82,tp,19.82,tp,19.82,tp
72715508,3.0,-3.5,14.82,tp,14.82,tp,19.82,tp,19.82,tp,19.82,tp,19.82,tp
72715547,3.0,-3.5,-3.499999999999709,time,-3.499999999999709,time,19.82,tp,19.82,tp,19.82,tp,19.82,tp
72715533,3.0,-3.5,33.82,tp,33.82,tp,19.82,tp,19.82,tp,19.82,tp,19.82,tp
72715477,3.0,-3.21,-3.2099999999997455,time,-3.2099999999997455,time,19.82,tp,19.82,tp,19.82,tp,19.82,tp
72715347,3.0,-3.21,33.82,tp,33.82,tp,19.82,tp,19.82,tp,19.82,tp,19.82,tp
72715176,3.0,-3.21,14.82,tp,14.82,tp,19.82,tp,19.82,tp,19.82,tp,19.82,tp
72715066,3.01,-3.3000000000000003,14.809999999999782,tp,14.809999999999782,tp,19.82,tp,19.82,tp,19.82,tp,19.82,tp
72715134,3.01,-3.3000000000000003,-3.299999999999891,time,-3.299999999999891,time,19.82,tp,19.82,tp,19.82,tp,19.82,tp
72715100,3.01,-3.3000000000000003,-3.299999999999891,time,-3.299999999999891,time,19.82,tp,19.82,tp,19.82,tp,19.82,tp
72452143,3.38,-3.7600000000000002,-3.7599999999999274,time,-3.7599999999999274,time,19.82,tp,19.82,tp,19.82,tp,19.82,tp
72452028,3.38,-3.7600000000000002,-3.7599999999999274,time,-3.7599999999999274,time,19.82,tp,19.82,tp,19.82,tp,19.82,tp
72451917,3.38,16.84,16.740000000000073,tp,16.740000000000073,tp,19.82,tp,19.82,tp,19.82,tp,19.82,tp
72426887,3.0,-6.72,17.32,tp,17.32,tp,19.82,tp,19.82,tp,19.82,tp,19.82,tp
72408498,3.0,-3.44,-3.4400000000002184,time,-3.4400000000002184,time,-3.4400000000002184,time,-3.4400000000002184,time,-3.4400000000002184,time,-3.4400000000002184,time
72408521,3.0,-3.44,-3.4400000000002184,time,-3.4400000000002184,time,-3.4400000000002184,time,-3.4400000000002184,time,-3.4400000000002184,time,-3.4400000000002184,time
72408532,3.0,-3.44,-3.4400000000002184,time,-3.4400000000002184,time,-3.4400000000002184,time,-3.4400000000002184,time,-3.4400000000002184,time,-3.4400000000002184,time
72362965,3.0,-3.22,-3.219999999999964,time,-3.219999999999964,time,19.82,tp,19.82,tp,19.82,tp,19.82,tp
72362959,3.0,-3.22,26.82,tp,26.82,tp,19.82,tp,19.82,tp,19.82,tp,19.82,tp
72362938,3.0,-3.22,16.82,tp,16.82,tp,19.82,tp,19.82,tp,19.82,tp,19.82,tp
72323120,3.0,17.330000000000002,17.32,tp,17.32,tp,19.82,tp,19.82,tp,19.82,tp,19.82,tp
72323197,3.0,60.42,-3.18,sl,60.420000000000364,time,19.82,tp,19.82,tp,19.82,tp,19.82,tp
72323174,3.0,33.47,-3.18,sl,33.46999999999964,time,19.82,tp,19.82,tp,19.82,tp,19.82,tp
72249070,5.0,31.82,31.82,tp,31.82,tp,19.82,tp,19.82,tp,19.82,tp,19.82,tp
72249201,5.0,40.38,40.3800000000004,time,40.3800000000004,time,19.82,tp,19.82,tp,19.82,tp,19.82,tp
72249262,320.0,548.71,-9.44,sl,548.7099999999997,time,13.56,tp,13.56,tp,313.56,sl,311.56,sl
72248757,3.45,-3.8000000000000003,-3.799999999999891,time,-3.799999999999891,time,-3.799999999999891,time,-3.799999999999891,time,-3.799999999999891,time,-3.799999999999891,time
72248730,3.45,-3.8000000000000003,-3.799999999999891,time,-3.799999999999891,time,-3.799999999999891,time,-3.799999999999891,time,-3.799999999999891,time,-3.799999999999891,time
72248702,3.45,-3.8000000000000003,-3.799999999999891,time,-3.799999999999891,time,-3.799999999999891,time,-3.799999999999891,time,-3.799999999999891,time,-3.799999999999891,time
72223847,3.0,-4.22,-4.219999999999963,time,-4.219999999999963,time,19.82,tp,19.82,tp,19.82,tp,19.82,tp
72223838,3.0,-4.22,-4.219999999999963,time,-4.219999999999963,time,19.82,tp,19.82,tp,19.82,tp,19.82,tp
72223831,3.0,-4.22,16.82,tp,16.82,tp,19.82,tp,19.82,tp,19.82,tp,19.82,tp
72211647,3.0,33.97,33.96999999999964,time,33.96999999999964,time,19.82,tp,19.82,tp,19.82,tp,19.82,tp
72211631,3.0,16.97,16.82,tp,16.82,tp,16.969999999999636,time,16.969999999999636,time,16.969999999999636,time,16.969999999999636,time
72211667,3.0,56.97,56.96999999999964,time,56.96999999999964,time,19.82,tp,19.82,tp,19.82,tp,19.82,tp
72205102,3.0,-3.49,-3.4900000000004003,time,-3.4900000000004003,time,-3.4900000000004003,time,-3.4900000000004003,time,-3.4900000000004003,time,-3.4900000000004003,time
72204996,3.0,-3.49,-3.4900000000004003,time,-3.4900000000004003,time,-3.4900000000004003,time,-3.4900000000004003,time,-3.4900000000004003,time,-3.4900000000004003,time
72204942,3.0,-3.49,-3.4900000000004003,time,-3.4900000000004003,time,-3.4900000000004003,time,-3.4900000000004003,time,-3.4900000000004003,time,-3.4900000000004003,time
72159488,3.0,-3.3000000000000003,-3.299999999999891,time,-3.299999999999891,time,19.82,tp,19.82,tp,19.82,tp,19.82,tp
72159444,3.0,-3.3000000000000003,17.32,tp,17.32,tp,19.82,tp,19.82,tp,19.82,tp,19.82,tp
72159469,3.0,-3.3000000000000003,-3.299999999999891,time,-3.299999999999891,time,19.82,tp,19.82,tp,19.82,tp,19.82,tp
72037916,3.0,16.42,16.32,tp,16.32,tp,19.82,tp,19.82,tp,19.82,tp,19.82,tp
72037929,3.0,33.47,33.46999999999964,time,33.46999999999964,time,19.82,tp,19.82,tp,19.82,tp,19.82,tp
72037953,3.0,53.36,53.359999999999964,time,53.359999999999964,time,19.82,tp,19.82,tp,19.82,tp,19.82,tp
72020249,2.96,-3.3800000000000003,27.32,tp,27.32,tp,19.82,tp,19.82,tp,19.82,tp,19.82,tp
72020251,3.0,-3.3800000000000003,-3.3799999999998183,time,-3.3799999999998183,time,19.82,tp,19.82,tp,19.82,tp,19.82,tp
72020239,3.0,-3.3800000000000003,17.32,tp,17.32,tp,19.82,tp,19.82,tp,19.82,tp,19.82,tp
71435565,3.06,-5.77,-5.770000000000145,time,-5.770000000000145,time,19.82,tp,19.82,tp,19.82,tp,19.82,tp
71435517,3.06,-5.77,36.7599999999996,tp,36.7599999999996,tp,19.82,tp,19.82,tp,19.82,tp,19.82,tp
71435481,3.06,-5.77,16.7599999999996,tp,16.7599999999996,tp,19.82,tp,19.82,tp,19.82,tp,19.82,tp
71836507,3.07,-3.62,33.75000000000029,tp,33.75000000000029,tp,19.82,tp,19.82,tp,19.82,tp,19.82,tp
71836485,3.07,-3.62,16.75000000000029,tp,16.75000000000029,tp,19.82,tp,19.82,tp,19.82,tp,19.82,tp
71836534,3.07,-3.62,-3.6199999999996,time,-3.6199999999996,time,19.82,tp,19.82,tp,19.82,tp,19.82,tp
71715330,3.0,-3.18,-3.18,time,-3.18,time,19.82,tp,19.82,tp,19.82,tp,19.82,tp
71715258,3.0,-3.18,33.82,tp,33.82,tp,19.82,tp,19.82,tp,19.82,tp,19.82,tp
71715211,3.0,-3.18,16.82,tp,16.82,tp,19.82,tp,19.82,tp,19.82,tp,19.82,tp
71912940,3.08,26.79,26.740000000000073,tp,26.740000000000073,tp,19.82,tp,19.82,tp,19.82,tp,19.82,tp
71912849,3.08,16.79,16.740000000000073,tp,16.740000000000073,tp,19.82,tp,19.82,tp,19.82,tp,19.82,tp
71912975,3.08,-3.48,33.74000000000007,tp,33.74000000000007,tp,19.82,tp,19.82,tp,19.82,tp,19.82,tp
71760770,3.0,-4.02,33.82,tp,33.82,tp,19.82,tp,19.82,tp,19.82,tp,19.82,tp
71760685,3.0,-4.02,16.82,tp,16.82,tp,19.82,tp,19.82,tp,19.82,tp,19.82,tp
71760796,3.0,-4.02,-4.020000000000145,time,-4.020000000000145,time,19.82,tp,19.82,tp,19.82,tp,19.82,tp
71660156,3.0,-3.18,33.82,tp,33.82,tp,19.82,tp,19.82,tp,19.82,tp,19.82,tp
71660138,3.0,-3.18,16.82,tp,16.82,tp,19.82,tp,19.82,tp,19.82,tp,19.82,tp
71660173,3.0,-3.18,-3.18,time,-3.18,time,19.82,tp,19.82,tp,19.82,tp,19.82,tp
71590685,1.7,-2.12,-3.18,sl,-5.18,sl,-3.18,sl,-5.18,sl,-1.879999999999818,sl,-3.8799999999998183,sl
71590558,3.0,-3.4200000000000004,-3.18,sl,-5.18,sl,-3.18,sl,-5.18,sl,-3.18,sl,-5.18,sl
71569432,1.92,-2.54,-2.5399999999996727,time,-2.5399999999996727,time,-2.5399999999996727,time,-2.5399999999996727,time,-2.5399999999996727,time,-2.5399999999996727,time
71569349,1.92,-2.54,-2.5399999999996727,time,-2.5399999999996727,time,-2.5399999999996727,time,-2.5399999999996727,time,-2.5399999999996727,time,-2.5399999999996727,time
71569442,1.92,-2.54,-2.5399999999996727,time,-2.5399999999996727,time,-2.5399999999996727,time,-2.5399999999996727,time,-2.5399999999996727,time,-2.5399999999996727,time
71569292,2.88,2.8299999999999996,2.830000000000218,time,2.830000000000218,time,2.830000000000218,time,2.830000000000218,time,2.830000000000218,time,2.830000000000218,time
71569271,2.5,3.2399999999999998,3.2400000000000726,time,3.2400000000000726,time,3.2400000000000726,time,3.2400000000000726,time,3.2400000000000726,time,3.2400000000000726,time
71442712,3.51,-3.72,-3.719999999999964,time,-3.719999999999964,time,19.82,tp,19.82,tp,19.82,tp,19.82,tp
71442666,3.51,-3.72,16.910000000000146,tp,16.910000000000146,tp,19.82,tp,19.82,tp,19.82,tp,19.82,tp
71442697,3.51,-3.72,-3.719999999999964,time,-3.719999999999964,time,19.82,tp,19.82,tp,19.82,tp,19.82,tp
71531657,3.0,-3.19,-3.1900000000002184,time,-3.1900000000002184,time,19.82,tp,19.82,tp,19.82,tp,19.82,tp
71531450,3.0,-3.19,-3.1900000000002184,time,-3.1900000000002184,time,19.82,tp,19.82,tp,19.82,tp,19.82,tp
71531409,3.0,-3.19,16.82,tp,16.82,tp,19.82,tp,19.82,tp,19.82,tp,19.82,tp
71518714,3.0,34.42,34.420000000000364,time,34.420000000000364,time,19.82,tp,19.82,tp,19.82,tp,19.82,tp
71518748,3.0,-4.59,-4.590000000000291,time,-4.590000000000291,time,19.34,tp,19.34,tp,19.34,tp,19.34,tp
71518615,3.0,17.36,17.32,tp,17.32,tp,19.82,tp,19.82,tp,19.82,tp,19.82,tp
71470696,3.0,-3.5100000000000002,-3.5099999999999274,time,-3.5099999999999274,time,19.82,tp,19.82,tp,19.82,tp,19.82,tp
71470712,3.0,-3.5100000000000002,-3.5099999999999274,time,-3.5099999999999274,time,19.82,tp,19.82,tp,19.82,tp,19.82,tp
71470674,3.0,-3.5100000000000002,-3.5099999999999274,time,-3.5099999999999274,time,19.82,tp,19.82,tp,19.82,tp,19.82,tp
71457977,3.0,-3.2,-3.2000000000004367,time,-3.2000000000004367,time,19.82,tp,19.82,tp,19.82,tp,19.82,tp
71457960,3.0,-3.2,-3.2000000000004367,time,-3.2000000000004367,time,19.82,tp,19.82,tp,19.82,tp,19.82,tp
71457941,3.0,-3.2,16.82,tp,16.82,tp,19.82,tp,19.82,tp,19.82,tp,19.82,tp
71437788,5024.76,0.25,0.25000000000029104,time,0.25000000000029104,time,0.25000000000029104,time,0.25000000000029104,time,0.25000000000029104,time,0.25000000000029104,time
