ticket,source,direction,open_time,entry,limit_offset,filled,tp_pts_used,orig_net,latest_net,latest_exit,delta
81078164,limit,sell,2026.05.22 07:21:42,4555.0,2.0,False,,0.0,0.0,no_fill,0.0
81078140,limit,sell,2026.05.22 07:21:21,4554.0,2.0,False,,0.0,0.0,no_fill,0.0
81078106,limit,sell,2026.05.22 07:20:31,4553.0,2.0,False,,0.0,0.0,no_fill,0.0
81056154,limit,buy,2026.05.22 01:12:28,4514.0,2.0,False,,0.0,0.0,no_fill,0.0
81056145,limit,buy,2026.05.22 01:12:05,4515.0,2.0,False,,0.0,0.0,no_fill,0.0
81056140,limit,buy,2026.05.22 01:11:46,4516.0,2.0,False,,0.0,0.0,no_fill,0.0
80992262,limit,buy,2026.05.21 13:03:39,4494.0,2.0,False,,0.0,0.0,no_fill,0.0
80992238,limit,buy,2026.05.21 13:03:19,4495.0,2.0,False,,0.0,0.0,no_fill,0.0
80992200,limit,buy,2026.05.21 13:02:38,4496.0,2.0,False,,0.0,0.0,no_fill,0.0
80974256,limit,sell,2026.05.21 10:25:29,4541.0,2.0,True,20.0,0.0,19.82,tp,19.82
80974202,limit,sell,2026.05.21 10:25:14,4540.0,2.0,True,10.0,0.0,9.82,tp,9.82
80974029,limit,sell,2026.05.21 10:24:55,4539.0,2.0,True,10.0,0.0,9.82,tp,9.82
80900806,limit,buy,2026.05.20 18:34:39,4451.5,2.0,False,,0.0,0.0,no_fill,0.0
80900754,limit,buy,2026.05.20 18:34:10,4450.5,2.0,False,,0.0,0.0,no_fill,0.0
80900676,limit,buy,2026.05.20 18:33:17,4449.5,2.0,False,,0.0,0.0,no_fill,0.0
80899815,limit,sell,2026.05.20 18:27:08,4553.0,2.0,False,,0.0,0.0,no_fill,0.0
80899722,limit,sell,2026.05.20 18:26:38,4554.0,2.0,False,,0.0,0.0,no_fill,0.0
80899445,limit,sell,2026.05.20 18:25:17,4555.0,2.0,False,,0.0,0.0,no_fill,0.0
80873280,limit,buy,2026.05.20 16:08:25,4465.0,2.0,False,,0.0,0.0,no_fill,0.0
80873249,limit,buy,2026.05.20 16:08:09,4468.0,2.0,True,10.0,0.0,9.82,tp,9.82
80873171,limit,buy,2026.05.20 16:07:31,4469.0,2.0,True,10.0,0.0,9.82,tp,9.82
80749349,limit,sell,2026.05.19 16:42:26,4517.5,2.0,False,,0.0,0.0,no_fill,0.0
80749246,limit,sell,2026.05.19 16:42:05,4516.5,2.0,False,,0.0,0.0,no_fill,0.0
80749150,limit,sell,2026.05.19 16:41:46,4513.5,2.0,True,10.0,0.0,9.82,tp,9.82
80735996,limit,sell,2026.05.19 15:59:45,4572.0,2.0,False,,0.0,0.0,no_fill,0.0
80735997,limit,sell,2026.05.19 15:59:45,4573.0,2.0,False,,0.0,0.0,no_fill,0.0
80735853,limit,sell,2026.05.19 15:57:42,4571.0,2.0,False,,0.0,0.0,no_fill,0.0
80721005,limit,sell,2026.05.19 13:37:55,4597.0,2.0,False,,0.0,0.0,no_fill,0.0
80720970,limit,sell,2026.05.19 13:37:39,4596.0,2.0,False,,0.0,0.0,no_fill,0.0
80720962,limit,sell,2026.05.19 13:37:13,4595.0,2.0,False,,0.0,0.0,no_fill,0.0
80720375,limit,sell,2026.05.19 13:22:54,4587.0,2.0,False,,0.0,0.0,no_fill,0.0
80720359,limit,sell,2026.05.19 13:22:37,4586.0,2.0,False,,0.0,0.0,no_fill,0.0
80720351,limit,sell,2026.05.19 13:22:17,4585.0,2.0,False,,0.0,0.0,no_fill,0.0
80667126,limit,sell,2026.05.19 05:10:04,4581.0,2.0,False,,0.0,0.0,no_fill,0.0
80667079,limit,sell,2026.05.19 05:09:41,4580.0,2.0,False,,0.0,0.0,no_fill,0.0
80667003,limit,sell,2026.05.19 05:09:20,4579.0,2.0,False,,0.0,0.0,no_fill,0.0
80615999,limit,buy,2026.05.18 16:18:51,4517.0,2.0,True,10.0,0.0,-5.18,sl,-5.18
80615982,limit,buy,2026.05.18 16:18:34,4516.0,2.0,True,20.0,0.0,-5.18,sl,-5.18
80615968,limit,buy,2026.05.18 16:18:20,4515.0,2.0,True,30.0,0.0,-5.18,sl,-5.18
80614621,limit,sell,2026.05.18 16:04:45,4597.0,2.0,False,,0.0,0.0,no_fill,0.0
80614445,limit,sell,2026.05.18 16:03:34,4596.0,2.0,False,,0.0,0.0,no_fill,0.0
80614256,limit,sell,2026.05.18 16:02:35,4595.0,2.0,False,,0.0,0.0,no_fill,0.0
80577101,limit,buy,2026.05.18 10:09:17,4501.0,2.0,False,,0.0,0.0,no_fill,0.0
80576994,limit,buy,2026.05.18 10:08:45,4502.0,2.0,False,,0.0,0.0,no_fill,0.0
80576971,limit,buy,2026.05.18 10:08:18,4503.0,2.0,False,,0.0,0.0,no_fill,0.0
80576933,limit,sell,2026.05.18 10:07:40,4583.0,2.0,False,,0.0,0.0,no_fill,0.0
80576918,limit,sell,2026.05.18 10:07:25,4582.0,2.0,False,,0.0,0.0,no_fill,0.0
80576897,limit,sell,2026.05.18 10:07:02,4581.0,2.0,False,,0.0,0.0,no_fill,0.0
80513250,limit,sell,2026.05.18 01:21:31,4621.0,2.0,False,,0.0,0.0,no_fill,0.0
80513192,limit,sell,2026.05.18 01:21:00,4620.0,2.0,False,,0.0,0.0,no_fill,0.0
80513134,limit,sell,2026.05.18 01:20:25,4619.0,2.0,False,,0.0,0.0,no_fill,0.0
80468142,limit,sell,2026.05.15 16:03:32,4575.0,2.0,False,,0.0,0.0,no_fill,0.0
80468096,limit,sell,2026.05.15 16:03:09,4574.0,2.0,False,,0.0,0.0,no_fill,0.0
80468032,limit,sell,2026.05.15 16:02:53,4573.0,2.0,False,,0.0,0.0,no_fill,0.0
80448448,limit,sell,2026.05.15 12:58:35,4572.0,2.0,True,20.0,0.0,19.82,tp,19.82
80448423,limit,sell,2026.05.15 12:58:17,4571.0,2.0,True,10.0,0.0,9.82,tp,9.82
80364068,limit,sell,2026.05.15 01:20:17,4682.0,2.0,False,,0.0,0.0,no_fill,0.0
80364021,limit,sell,2026.05.15 01:19:58,4681.0,2.0,False,,0.0,0.0,no_fill,0.0
80364006,limit,sell,2026.05.15 01:19:28,4680.0,2.0,False,,0.0,0.0,no_fill,0.0
80323679,limit,sell,2026.05.14 15:53:00,4730.3,2.0,False,,0.0,0.0,no_fill,0.0
80323642,limit,sell,2026.05.14 15:52:43,4729.3,2.0,False,,0.0,0.0,no_fill,0.0
80323605,limit,sell,2026.05.14 15:52:12,4728.3,2.0,False,,0.0,0.0,no_fill,0.0
80233903,limit,buy,2026.05.13 19:13:34,4662.0,2.0,False,,0.0,0.0,no_fill,0.0
80233891,limit,buy,2026.05.13 19:13:16,4663.0,2.0,False,,0.0,0.0,no_fill,0.0
80233869,limit,buy,2026.05.13 19:12:53,4664.0,2.0,False,,0.0,0.0,no_fill,0.0
80211910,limit,sell,2026.05.13 16:09:44,4708.5,2.0,True,10.0,0.0,9.82,tp,9.82
80194917,limit,buy,2026.05.13 13:10:04,4661.3,2.0,False,,0.0,0.0,no_fill,0.0
80194819,limit,buy,2026.05.13 13:09:49,4662.3,2.0,False,,0.0,0.0,no_fill,0.0
80194493,limit,buy,2026.05.13 13:08:27,4663.3,2.0,False,,0.0,0.0,no_fill,0.0
80194206,limit,sell,2026.05.13 13:05:41,4717.0,2.0,False,,0.0,0.0,no_fill,0.0
80194191,limit,sell,2026.05.13 13:05:24,4716.0,2.0,False,,0.0,0.0,no_fill,0.0
80194165,limit,sell,2026.05.13 13:04:57,4715.0,2.0,False,,0.0,0.0,no_fill,0.0
80178334,limit,sell,2026.05.13 10:03:44,4714.0,2.0,False,,0.0,0.0,no_fill,0.0
80178269,limit,sell,2026.05.13 10:03:15,4713.0,2.0,False,,0.0,0.0,no_fill,0.0
80166150,limit,sell,2026.05.13 07:59:03,4735.5,2.0,False,,0.0,0.0,no_fill,0.0
80166133,limit,sell,2026.05.13 07:58:40,4734.5,2.0,False,,0.0,0.0,no_fill,0.0
80166061,limit,sell,2026.05.13 07:57:53,4733.5,2.0,False,,0.0,0.0,no_fill,0.0
80165949,limit,sell,2026.05.13 07:55:12,4713.5,2.0,True,10.0,0.0,9.82,tp,9.82
80165927,limit,sell,2026.05.13 07:54:59,4712.5,2.0,True,10.0,0.0,9.82,tp,9.82
80073464,limit,buy,2026.05.12 12:58:09,4676.0,2.0,True,10.0,0.0,9.82,tp,9.82
80073456,limit,buy,2026.05.12 12:57:47,4677.0,2.0,True,20.0,0.0,-5.18,sl,-5.18
80073414,limit,buy,2026.05.12 12:57:07,4678.0,2.0,True,10.0,0.0,9.82,tp,9.82
80060002,limit,sell,2026.05.12 10:14:11,4734.0,2.0,False,,0.0,0.0,no_fill,0.0
80059980,limit,sell,2026.05.12 10:13:57,4733.0,2.0,False,,0.0,0.0,no_fill,0.0
80059812,limit,sell,2026.05.12 10:12:14,4732.0,2.0,False,,0.0,0.0,no_fill,0.0
80059211,limit,buy,2026.05.12 10:09:05,4687.0,2.0,False,,0.0,0.0,no_fill,0.0
80059132,limit,buy,2026.05.12 10:08:45,4688.0,2.0,False,,0.0,0.0,no_fill,0.0
80059093,limit,buy,2026.05.12 10:08:27,4689.0,2.0,False,,0.0,0.0,no_fill,0.0
79876322,limit,buy,2026.05.11 01:14:46,4612.0,2.0,False,,0.0,0.0,no_fill,0.0
79876277,limit,buy,2026.05.11 01:14:25,4613.0,2.0,False,,0.0,0.0,no_fill,0.0
79876226,limit,buy,2026.05.11 01:14:00,4614.0,2.0,False,,0.0,0.0,no_fill,0.0
79818360,limit,buy,2026.05.08 14:24:24,4645.0,2.0,False,,0.0,0.0,no_fill,0.0
79818353,limit,buy,2026.05.08 14:24:06,4646.0,2.0,False,,0.0,0.0,no_fill,0.0
79818333,limit,buy,2026.05.08 14:23:28,4649.0,2.0,True,10.0,0.0,9.82,tp,9.82
79811095,limit,buy,2026.05.08 12:52:31,4704.0,2.0,False,,0.0,0.0,no_fill,0.0
79811080,limit,buy,2026.05.08 12:52:23,4705.0,2.0,False,,0.0,0.0,no_fill,0.0
79811037,limit,buy,2026.05.08 12:52:11,4708.0,2.0,True,10.0,0.0,9.82,tp,9.82
79788132,limit,buy,2026.05.08 09:04:01,4714.0,2.0,False,,0.0,0.0,no_fill,0.0
79788025,limit,buy,2026.05.08 09:03:36,4714.0,2.0,False,,0.0,0.0,no_fill,0.0
79775448,limit,buy,2026.05.08 06:04:24,4688.0,2.0,False,,0.0,0.0,no_fill,0.0
79775424,limit,buy,2026.05.08 06:04:07,4688.0,2.0,False,,0.0,0.0,no_fill,0.0
79765188,limit,buy,2026.05.08 04:05:57,4659.5,2.0,False,,0.0,0.0,no_fill,0.0
79765143,limit,buy,2026.05.08 04:05:44,4664.5,2.0,False,,0.0,0.0,no_fill,0.0
79765103,limit,buy,2026.05.08 04:05:24,4669.5,2.0,False,,0.0,0.0,no_fill,0.0
79583913,limit,buy,2026.05.06 13:35:41,4650.5,2.0,False,,0.0,0.0,no_fill,0.0
79583899,limit,buy,2026.05.06 13:35:24,4615.0,2.0,False,,0.0,0.0,no_fill,0.0
79583877,limit,buy,2026.05.06 13:35:04,4654.5,2.0,False,,0.0,0.0,no_fill,0.0
79557466,limit,buy,2026.05.06 10:01:42,4620.0,2.0,False,,0.0,0.0,no_fill,0.0
79557406,limit,buy,2026.05.06 10:01:27,4625.0,2.0,False,,0.0,0.0,no_fill,0.0
79557384,limit,buy,2026.05.06 10:01:13,4614.5,2.0,False,,0.0,0.0,no_fill,0.0
79557214,limit,buy,2026.05.06 10:00:12,4647.0,2.0,False,,0.0,0.0,no_fill,0.0
79557091,limit,buy,2026.05.06 09:59:49,4652.0,2.0,False,,0.0,0.0,no_fill,0.0
79556977,limit,buy,2026.05.06 09:59:34,4659.0,2.0,True,10.0,0.0,9.82,tp,9.82
79542903,limit,buy,2026.05.06 07:17:18,4607.0,2.0,False,,0.0,0.0,no_fill,0.0
79542891,limit,buy,2026.05.06 07:17:06,4607.0,2.0,False,,0.0,0.0,no_fill,0.0
79542880,limit,buy,2026.05.06 07:16:54,4607.0,2.0,False,,0.0,0.0,no_fill,0.0
79542871,limit,buy,2026.05.06 07:16:39,4617.0,2.0,False,,0.0,0.0,no_fill,0.0
79542854,limit,buy,2026.05.06 07:16:24,4617.0,2.0,False,,0.0,0.0,no_fill,0.0
79542833,limit,buy,2026.05.06 07:16:12,4617.0,2.0,False,,0.0,0.0,no_fill,0.0
79542815,limit,buy,2026.05.06 07:15:55,4627.0,2.0,False,,0.0,0.0,no_fill,0.0
79542781,limit,buy,2026.05.06 07:15:39,4627.0,2.0,False,,0.0,0.0,no_fill,0.0
79542760,limit,buy,2026.05.06 07:15:27,4627.0,2.0,False,,0.0,0.0,no_fill,0.0
79539629,limit,buy,2026.05.06 06:27:52,4602.0,2.0,False,,0.0,0.0,no_fill,0.0
79539607,limit,buy,2026.05.06 06:27:33,4607.0,2.0,False,,0.0,0.0,no_fill,0.0
79539551,limit,buy,2026.05.06 06:26:56,4612.0,2.0,False,,0.0,0.0,no_fill,0.0
79525900,limit,buy,2026.05.06 04:00:33,4576.0,2.0,False,,0.0,0.0,no_fill,0.0
79525784,limit,buy,2026.05.06 04:00:10,4581.0,2.0,False,,0.0,0.0,no_fill,0.0
79525599,limit,buy,2026.05.06 03:59:42,4586.0,2.0,False,,0.0,0.0,no_fill,0.0
79484836,limit,buy,2026.05.05 16:34:38,4568.0,2.0,True,10.0,0.0,9.82,tp,9.82
79461298,limit,buy,2026.05.05 12:32:02,4506.0,2.0,False,,0.0,0.0,no_fill,0.0
79461269,limit,buy,2026.05.05 12:31:39,4511.0,2.0,False,,0.0,0.0,no_fill,0.0
79461253,limit,buy,2026.05.05 12:31:23,4516.0,2.0,False,,0.0,0.0,no_fill,0.0
79360706,limit,buy,2026.05.04 14:03:39,4536.0,2.0,False,,0.0,0.0,no_fill,0.0
79360655,limit,buy,2026.05.04 14:03:19,4541.0,2.0,False,,0.0,0.0,no_fill,0.0
79360093,limit,buy,2026.05.04 14:00:39,4546.0,2.0,False,,0.0,0.0,no_fill,0.0
79249337,limit,buy,2026.05.01 16:29:57,4561.0,2.0,False,,0.0,0.0,no_fill,0.0
79249288,limit,buy,2026.05.01 16:29:28,4561.0,2.0,False,,0.0,0.0,no_fill,0.0
79249189,limit,buy,2026.05.01 16:28:50,4571.0,2.0,False,,0.0,0.0,no_fill,0.0
79249166,limit,buy,2026.05.01 16:28:28,4571.0,2.0,False,,0.0,0.0,no_fill,0.0
79186734,limit,buy,2026.05.01 01:17:16,4556.0,2.0,False,,0.0,0.0,no_fill,0.0
79131537,limit,buy,2026.04.30 13:00:01,4576.2,2.0,False,,0.0,0.0,no_fill,0.0
79131493,limit,buy,2026.04.30 12:59:36,4578.2,2.0,False,,0.0,0.0,no_fill,0.0
79131468,limit,buy,2026.04.30 12:59:04,4580.2,2.0,False,,0.0,0.0,no_fill,0.0
79091798,limit,buy,2026.04.30 06:43:06,4513.0,2.0,False,,0.0,0.0,no_fill,0.0
79091765,limit,buy,2026.04.30 06:42:54,4515.0,2.0,False,,0.0,0.0,no_fill,0.0
79091716,limit,buy,2026.04.30 06:42:01,4517.0,2.0,False,,0.0,0.0,no_fill,0.0
78991292,limit,buy,2026.04.29 12:09:21,4368.5,2.0,False,,0.0,0.0,no_fill,0.0
78991270,limit,buy,2026.04.29 12:09:07,4370.5,2.0,False,,0.0,0.0,no_fill,0.0
78991230,limit,buy,2026.04.29 12:08:33,4372.5,2.0,False,,0.0,0.0,no_fill,0.0
78991208,limit,buy,2026.04.29 12:08:09,4378.5,2.0,False,,0.0,0.0,no_fill,0.0
78991194,limit,buy,2026.04.29 12:07:53,4380.5,2.0,False,,0.0,0.0,no_fill,0.0
78991163,limit,buy,2026.04.29 12:07:29,4382.5,2.0,False,,0.0,0.0,no_fill,0.0
78991056,limit,buy,2026.04.29 12:06:34,4388.5,2.0,False,,0.0,0.0,no_fill,0.0
78991027,limit,buy,2026.04.29 12:06:18,4390.5,2.0,False,,0.0,0.0,no_fill,0.0
78990980,limit,buy,2026.04.29 12:05:39,4392.5,2.0,False,,0.0,0.0,no_fill,0.0
78828637,limit,sell,2026.04.28 10:31:41,4660.0,2.0,False,,0.0,0.0,no_fill,0.0
78828614,limit,sell,2026.04.28 10:31:29,4658.0,2.0,False,,0.0,0.0,no_fill,0.0
78828600,limit,sell,2026.04.28 10:31:17,4656.0,2.0,False,,0.0,0.0,no_fill,0.0
78780499,limit,sell,2026.04.28 01:08:10,4711.0,2.0,False,,0.0,0.0,no_fill,0.0
78780480,limit,sell,2026.04.28 01:07:57,4713.0,2.0,False,,0.0,0.0,no_fill,0.0
78780472,limit,sell,2026.04.28 01:07:34,4715.0,2.0,False,,0.0,0.0,no_fill,0.0
78666382,limit,sell,2026.04.27 01:17:36,4729.4,2.0,True,10.0,0.0,9.82,tp,9.82
78666345,limit,sell,2026.04.27 01:16:18,4733.4,2.0,False,,0.0,0.0,no_fill,0.0
78466503,limit,buy,2026.04.23 12:37:44,4603.0,2.0,False,,0.0,0.0,no_fill,0.0
78466481,limit,buy,2026.04.23 12:37:35,4605.0,2.0,False,,0.0,0.0,no_fill,0.0
78466458,limit,buy,2026.04.23 12:37:22,4607.0,2.0,False,,0.0,0.0,no_fill,0.0
78466433,limit,buy,2026.04.23 12:37:09,4613.0,2.0,False,,0.0,0.0,no_fill,0.0
78466325,limit,buy,2026.04.23 12:35:49,4615.0,2.0,False,,0.0,0.0,no_fill,0.0
78466319,limit,buy,2026.04.23 12:35:39,4617.0,2.0,False,,0.0,0.0,no_fill,0.0
78466307,limit,buy,2026.04.23 12:35:25,4623.0,2.0,False,,0.0,0.0,no_fill,0.0
78466299,limit,buy,2026.04.23 12:35:15,4625.0,2.0,False,,0.0,0.0,no_fill,0.0
78466272,limit,buy,2026.04.23 12:34:52,4627.0,2.0,False,,0.0,0.0,no_fill,0.0
78461845,limit,sell,2026.04.23 11:57:38,4740.8,2.0,False,,0.0,0.0,no_fill,0.0
78461780,limit,sell,2026.04.23 11:56:50,4738.8,2.0,False,,0.0,0.0,no_fill,0.0
78461768,limit,sell,2026.04.23 11:56:34,4736.8,2.0,False,,0.0,0.0,no_fill,0.0
78382729,limit,sell,2026.04.22 19:08:28,4752.0,2.0,True,10.0,0.0,9.82,tp,9.82
78382512,limit,buy,2026.04.22 19:05:57,4659.5,2.0,False,,0.0,0.0,no_fill,0.0
78382372,limit,buy,2026.04.22 19:05:03,4661.5,2.0,False,,0.0,0.0,no_fill,0.0
78382342,limit,buy,2026.04.22 19:04:48,4663.5,2.0,False,,0.0,0.0,no_fill,0.0
78381406,limit,buy,2026.04.22 18:53:41,4702.8,2.0,False,,0.0,0.0,no_fill,0.0
78381379,limit,buy,2026.04.22 18:53:19,4704.8,2.0,False,,0.0,0.0,no_fill,0.0
78381365,limit,buy,2026.04.22 18:53:03,4706.8,2.0,False,,0.0,0.0,no_fill,0.0
78309453,limit,buy,2026.04.22 06:34:45,4686.64,2.0,False,,0.0,0.0,no_fill,0.0
78309426,limit,buy,2026.04.22 06:34:19,4688.64,2.0,False,,0.0,0.0,no_fill,0.0
78309391,limit,buy,2026.04.22 06:33:47,4690.64,2.0,False,,0.0,0.0,no_fill,0.0
78309172,limit,buy,2026.04.22 06:31:55,4696.64,2.0,False,,0.0,0.0,no_fill,0.0
78309049,limit,buy,2026.04.22 06:30:24,4698.64,2.0,False,,0.0,0.0,no_fill,0.0
78308805,limit,buy,2026.04.22 06:29:27,4700.64,2.0,False,,0.0,0.0,no_fill,0.0
78308474,limit,buy,2026.04.22 06:26:14,4706.64,2.0,False,,0.0,0.0,no_fill,0.0
78308358,limit,buy,2026.04.22 06:24:40,4708.64,2.0,False,,0.0,0.0,no_fill,0.0
78308318,limit,buy,2026.04.22 06:24:11,4710.64,2.0,False,,0.0,0.0,no_fill,0.0
78256448,limit,sell,2026.04.21 19:19:44,4772.0,2.0,False,,0.0,0.0,no_fill,0.0
78256422,limit,sell,2026.04.21 19:19:24,4770.0,2.0,False,,0.0,0.0,no_fill,0.0
78256396,limit,sell,2026.04.21 19:19:01,4768.0,2.0,False,,0.0,0.0,no_fill,0.0
78248105,limit,sell,2026.04.21 18:24:04,4763.0,2.0,False,,0.0,0.0,no_fill,0.0
78248049,limit,sell,2026.04.21 18:23:47,4761.0,2.0,False,,0.0,0.0,no_fill,0.0
78248006,limit,sell,2026.04.21 18:23:32,4759.0,2.0,False,,0.0,0.0,no_fill,0.0
78244240,limit,buy,2026.04.21 18:05:43,4663.0,2.0,False,,0.0,0.0,no_fill,0.0
78244122,limit,buy,2026.04.21 18:05:27,4665.0,2.0,False,,0.0,0.0,no_fill,0.0
78244068,limit,buy,2026.04.21 18:05:12,4669.0,2.0,True,10.0,0.0,9.82,tp,9.82
78077642,limit,buy,2026.04.20 16:05:32,4773.0,2.0,False,,0.0,0.0,no_fill,0.0
78077605,limit,buy,2026.04.20 16:05:18,4780.0,2.0,False,,0.0,0.0,no_fill,0.0
78077558,limit,buy,2026.04.20 16:04:49,4787.0,2.0,False,,0.0,0.0,no_fill,0.0
78050146,limit,sell,2026.04.20 11:31:44,4823.0,2.0,False,,0.0,0.0,no_fill,0.0
78050128,limit,sell,2026.04.20 11:31:33,4818.0,2.0,False,,0.0,0.0,no_fill,0.0
78050110,limit,sell,2026.04.20 11:31:19,4813.0,2.0,False,,0.0,0.0,no_fill,0.0
78049948,limit,buy,2026.04.20 11:30:08,4750.0,2.0,False,,0.0,0.0,no_fill,0.0
78049906,limit,buy,2026.04.20 11:29:54,4755.0,2.0,False,,0.0,0.0,no_fill,0.0
78049892,limit,buy,2026.04.20 11:29:40,4760.0,2.0,False,,0.0,0.0,no_fill,0.0
77922050,limit,buy,2026.04.17 16:06:19,4821.7,2.0,False,,0.0,0.0,no_fill,0.0
77854374,limit,sell,2026.04.17 05:03:22,4815.0,2.0,False,,0.0,0.0,no_fill,0.0
77854370,limit,sell,2026.04.17 05:03:16,4810.0,2.0,False,,0.0,0.0,no_fill,0.0
77822473,limit,buy,2026.04.16 18:57:12,4788.0,2.0,True,10.0,0.0,9.82,tp,9.82
77822415,limit,buy,2026.04.16 18:56:58,4788.0,2.0,True,10.0,0.0,9.82,tp,9.82
77822366,limit,buy,2026.04.16 18:56:44,4788.0,2.0,True,20.0,0.0,-5.18,sl,-5.18
77768685,limit,buy,2026.04.16 11:24:54,4806.5,2.0,True,10.0,0.0,9.82,tp,9.82
77768524,limit,buy,2026.04.16 11:22:49,4806.5,2.0,True,10.0,0.0,9.82,tp,9.82
77768508,limit,buy,2026.04.16 11:22:37,4806.5,2.0,True,20.0,0.0,-5.18,sl,-5.18
77654656,limit,buy,2026.04.15 12:49:36,4754.8,2.0,False,,0.0,0.0,no_fill,0.0
77654545,limit,buy,2026.04.15 12:49:00,4765.0,2.0,False,,0.0,0.0,no_fill,0.0
77654485,limit,buy,2026.04.15 12:48:26,4765.0,2.0,False,,0.0,0.0,no_fill,0.0
77587963,limit,buy,2026.04.14 23:56:44,4805.0,2.0,True,10.0,0.0,9.82,tp,9.82
77587957,limit,buy,2026.04.14 23:56:27,4805.0,2.0,True,20.0,0.0,-5.18,sl,-5.18
77565250,limit,buy,2026.04.14 17:56:43,4805.0,2.0,True,10.0,0.0,-5.18,sl,-5.18
77565076,limit,buy,2026.04.14 17:55:46,4822.0,2.0,True,10.0,0.0,-5.18,sl,-5.18
77565031,limit,buy,2026.04.14 17:55:31,4822.0,2.0,True,20.0,0.0,-5.18,sl,-5.18
77543604,limit,buy,2026.04.14 15:52:23,4751.0,2.0,False,,0.0,0.0,no_fill,0.0
77543570,limit,buy,2026.04.14 15:52:13,4751.0,2.0,False,,0.0,0.0,no_fill,0.0
77543429,limit,buy,2026.04.14 15:51:53,4751.0,2.0,False,,0.0,0.0,no_fill,0.0
77517933,limit,buy,2026.04.14 11:59:51,4772.0,2.0,True,10.0,0.0,9.82,tp,9.82
77517917,limit,buy,2026.04.14 11:59:39,4772.0,2.0,True,20.0,0.0,-5.18,sl,-5.18
77467092,limit,buy,2026.04.14 01:16:27,4675.0,2.0,False,,0.0,0.0,no_fill,0.0
77467083,limit,buy,2026.04.14 01:16:06,4675.0,2.0,False,,0.0,0.0,no_fill,0.0
77448567,limit,buy,2026.04.13 18:57:23,4675.0,2.0,False,,0.0,0.0,no_fill,0.0
77448535,limit,buy,2026.04.13 18:57:11,4685.0,2.0,False,,0.0,0.0,no_fill,0.0
77448492,limit,buy,2026.04.13 18:56:57,4685.0,2.0,False,,0.0,0.0,no_fill,0.0
77448476,limit,buy,2026.04.13 18:56:44,4685.0,2.0,False,,0.0,0.0,no_fill,0.0
77425506,limit,sell,2026.04.13 16:34:01,4770.0,2.0,False,,0.0,0.0,no_fill,0.0
77425435,limit,sell,2026.04.13 16:33:43,4770.0,2.0,False,,0.0,0.0,no_fill,0.0
77398166,limit,sell,2026.04.13 13:02:36,4750.0,2.0,False,,0.0,0.0,no_fill,0.0
77398156,limit,sell,2026.04.13 13:02:19,4750.0,2.0,False,,0.0,0.0,no_fill,0.0
77398074,limit,buy,2026.04.13 13:01:40,4663.0,2.0,False,,0.0,0.0,no_fill,0.0
77398058,limit,buy,2026.04.13 13:01:21,4663.0,2.0,False,,0.0,0.0,no_fill,0.0
77384274,limit,buy,2026.04.13 10:49:43,4682.0,2.0,False,,0.0,0.0,no_fill,0.0
77384246,limit,buy,2026.04.13 10:49:28,4682.0,2.0,False,,0.0,0.0,no_fill,0.0
77287801,limit,buy,2026.04.10 16:01:43,4745.0,2.0,False,,0.0,0.0,no_fill,0.0
77287749,limit,buy,2026.04.10 16:01:18,4745.0,2.0,False,,0.0,0.0,no_fill,0.0
77287702,limit,buy,2026.04.10 16:01:01,4745.0,2.0,False,,0.0,0.0,no_fill,0.0
77191588,limit,buy,2026.04.09 17:00:09,4759.0,2.0,False,,0.0,0.0,no_fill,0.0
77191520,limit,buy,2026.04.09 16:59:55,4759.0,2.0,False,,0.0,0.0,no_fill,0.0
77191498,limit,buy,2026.04.09 16:59:39,4759.0,2.0,False,,0.0,0.0,no_fill,0.0
77185031,limit,buy,2026.04.09 16:15:21,4713.0,2.0,False,,0.0,0.0,no_fill,0.0
77184951,limit,buy,2026.04.09 16:15:05,4713.0,2.0,False,,0.0,0.0,no_fill,0.0
77184896,limit,buy,2026.04.09 16:14:44,4713.0,2.0,False,,0.0,0.0,no_fill,0.0
77064514,limit,buy,2026.04.08 15:58:50,4762.5,2.0,True,10.0,0.0,9.82,tp,9.82
77064503,limit,buy,2026.04.08 15:58:33,4762.5,2.0,True,20.0,0.0,-5.18,sl,-5.18
77064473,limit,buy,2026.04.08 15:57:59,4762.5,2.0,True,10.0,0.0,9.82,tp,9.82
77044557,limit,buy,2026.04.08 12:58:24,4770.0,2.0,True,10.0,0.0,9.82,tp,9.82
77044515,limit,buy,2026.04.08 12:58:11,4770.0,2.0,True,20.0,0.0,19.82,tp,19.82
77044495,limit,buy,2026.04.08 12:57:57,4770.0,2.0,True,10.0,0.0,9.82,tp,9.82
77024781,limit,buy,2026.04.08 10:02:56,4799.0,2.0,True,10.0,0.0,9.82,tp,9.82
77024741,limit,buy,2026.04.08 10:02:43,4799.0,2.0,True,20.0,0.0,-5.18,sl,-5.18
77024689,limit,buy,2026.04.08 10:02:28,4799.0,2.0,True,30.0,0.0,-5.18,sl,-5.18
76972830,limit,buy,2026.04.08 01:25:23,4671.0,2.0,False,,0.0,0.0,no_fill,0.0
76972827,limit,buy,2026.04.08 01:25:07,4671.0,2.0,False,,0.0,0.0,no_fill,0.0
76972810,limit,buy,2026.04.08 01:24:46,4671.0,2.0,False,,0.0,0.0,no_fill,0.0
76922064,limit,sell,2026.04.07 14:28:31,4670.0,2.0,True,10.0,0.0,9.82,tp,9.82
76922044,limit,sell,2026.04.07 14:28:06,4670.0,2.0,True,20.0,0.0,19.82,tp,19.82
76921993,limit,sell,2026.04.07 14:27:45,4670.0,2.0,True,10.0,0.0,9.82,tp,9.82
76911784,limit,buy,2026.04.07 13:00:14,4650.0,2.0,True,10.0,0.0,9.82,tp,9.82
76911764,limit,buy,2026.04.07 13:00:03,4650.0,2.0,True,20.0,0.0,-5.18,sl,-5.18
76911711,limit,buy,2026.04.07 12:59:46,4650.0,2.0,True,10.0,0.0,9.82,tp,9.82
76795023,limit,buy,2026.04.06 11:22:09,4632.3,2.0,False,,0.0,0.0,no_fill,0.0
76795009,limit,buy,2026.04.06 11:21:58,4632.3,2.0,False,,0.0,0.0,no_fill,0.0
76794928,limit,buy,2026.04.06 11:21:16,4632.3,2.0,False,,0.0,0.0,no_fill,0.0
76794906,limit,buy,2026.04.06 11:21:02,4632.3,2.0,False,,0.0,0.0,no_fill,0.0
76794896,limit,buy,2026.04.06 11:20:47,4632.3,2.0,False,,0.0,0.0,no_fill,0.0
76749273,limit,sell,2026.04.06 01:19:41,4764.0,2.0,False,,0.0,0.0,no_fill,0.0
76749222,limit,sell,2026.04.06 01:18:46,4764.0,2.0,False,,0.0,0.0,no_fill,0.0
76749206,limit,sell,2026.04.06 01:18:25,4764.0,2.0,False,,0.0,0.0,no_fill,0.0
76749191,limit,sell,2026.04.06 01:18:03,4753.0,2.0,False,,0.0,0.0,no_fill,0.0
76749164,limit,sell,2026.04.06 01:17:42,4753.0,2.0,False,,0.0,0.0,no_fill,0.0
76749013,limit,sell,2026.04.06 01:15:50,4753.0,2.0,False,,0.0,0.0,no_fill,0.0
76724329,limit,sell,2026.04.02 19:03:32,4707.0,2.0,False,,0.0,0.0,no_fill,0.0
76724283,limit,sell,2026.04.02 19:02:55,4707.0,2.0,False,,0.0,0.0,no_fill,0.0
76724252,limit,sell,2026.04.02 19:02:31,4707.0,2.0,False,,0.0,0.0,no_fill,0.0
76723993,limit,buy,2026.04.02 19:00:02,4634.5,2.0,False,,0.0,0.0,no_fill,0.0
76723949,limit,buy,2026.04.02 18:59:50,4634.5,2.0,False,,0.0,0.0,no_fill,0.0
76723936,limit,buy,2026.04.02 18:59:34,4634.5,2.0,False,,0.0,0.0,no_fill,0.0
76682499,limit,sell,2026.04.02 13:08:00,4649.7,2.0,False,,0.0,0.0,no_fill,0.0
76682492,limit,sell,2026.04.02 13:07:45,4649.7,2.0,False,,0.0,0.0,no_fill,0.0
76682476,limit,sell,2026.04.02 13:07:29,4649.7,2.0,False,,0.0,0.0,no_fill,0.0
76682453,limit,sell,2026.04.02 13:07:14,4643.7,2.0,False,,0.0,0.0,no_fill,0.0
76682427,limit,sell,2026.04.02 13:07:00,4643.7,2.0,False,,0.0,0.0,no_fill,0.0
76682405,limit,sell,2026.04.02 13:06:45,4643.7,2.0,False,,0.0,0.0,no_fill,0.0
76668362,limit,buy,2026.04.02 10:22:21,4372.0,2.0,False,,0.0,0.0,no_fill,0.0
76668331,limit,buy,2026.04.02 10:22:08,4372.0,2.0,False,,0.0,0.0,no_fill,0.0
76668301,limit,buy,2026.04.02 10:21:49,4372.0,2.0,False,,0.0,0.0,no_fill,0.0
76596422,limit,buy,2026.04.01 19:07:23,4722.0,2.0,False,,0.0,0.0,no_fill,0.0
76596408,limit,buy,2026.04.01 19:07:03,4722.0,2.0,False,,0.0,0.0,no_fill,0.0
76596364,limit,buy,2026.04.01 19:06:13,4743.0,2.0,True,10.0,0.0,9.82,tp,9.82
76596284,limit,buy,2026.04.01 19:04:59,4743.0,2.0,True,10.0,0.0,9.82,tp,9.82
76542983,limit,buy,2026.04.01 10:09:03,4685.5,2.0,False,,0.0,0.0,no_fill,0.0
76542958,limit,buy,2026.04.01 10:08:48,4685.5,2.0,False,,0.0,0.0,no_fill,0.0
76542931,limit,buy,2026.04.01 10:08:34,4685.5,2.0,False,,0.0,0.0,no_fill,0.0
76542758,limit,buy,2026.04.01 10:07:20,4697.7,2.0,False,,0.0,0.0,no_fill,0.0
76542711,limit,buy,2026.04.01 10:07:06,4697.7,2.0,False,,0.0,0.0,no_fill,0.0
76542670,limit,buy,2026.04.01 10:06:52,4697.7,2.0,False,,0.0,0.0,no_fill,0.0
76504826,limit,buy,2026.04.01 01:39:05,4598.0,2.0,False,,0.0,0.0,no_fill,0.0
76504805,limit,buy,2026.04.01 01:38:46,4598.0,2.0,False,,0.0,0.0,no_fill,0.0
76504637,limit,buy,2026.04.01 01:38:12,4598.0,2.0,False,,0.0,0.0,no_fill,0.0
76504563,limit,buy,2026.04.01 01:36:45,4617.0,2.0,False,,0.0,0.0,no_fill,0.0
76504538,limit,buy,2026.04.01 01:36:22,4617.0,2.0,False,,0.0,0.0,no_fill,0.0
76504530,limit,buy,2026.04.01 01:35:40,4617.0,2.0,False,,0.0,0.0,no_fill,0.0
76480545,limit,buy,2026.03.31 18:04:17,4582.5,2.0,False,,0.0,0.0,no_fill,0.0
76480521,limit,buy,2026.03.31 18:04:02,4582.5,2.0,False,,0.0,0.0,no_fill,0.0
76480489,limit,buy,2026.03.31 18:03:41,4582.5,2.0,False,,0.0,0.0,no_fill,0.0
76465408,limit,buy,2026.03.31 16:03:50,4544.0,2.0,False,,0.0,0.0,no_fill,0.0
76465390,limit,buy,2026.03.31 16:03:38,4544.0,2.0,False,,0.0,0.0,no_fill,0.0
76465378,limit,buy,2026.03.31 16:03:25,4544.0,2.0,False,,0.0,0.0,no_fill,0.0
76449146,limit,buy,2026.03.31 12:45:59,4486.0,2.0,False,,0.0,0.0,no_fill,0.0
76449129,limit,buy,2026.03.31 12:45:37,4486.0,2.0,False,,0.0,0.0,no_fill,0.0
76449117,limit,buy,2026.03.31 12:45:23,4486.0,2.0,False,,0.0,0.0,no_fill,0.0
76331238,limit,buy,2026.03.30 09:51:49,4473.0,2.0,False,,0.0,0.0,no_fill,0.0
76331222,limit,buy,2026.03.30 09:51:37,4473.0,2.0,False,,0.0,0.0,no_fill,0.0
76331208,limit,buy,2026.03.30 09:51:26,4473.0,2.0,False,,0.0,0.0,no_fill,0.0
76331149,limit,buy,2026.03.30 09:50:47,4495.0,2.0,True,10.0,0.0,9.82,tp,9.82
76331108,limit,buy,2026.03.30 09:50:24,4495.0,2.0,True,20.0,0.0,19.82,tp,19.82
76331069,limit,buy,2026.03.30 09:50:08,4495.0,2.0,True,30.0,0.0,29.82,tp,29.82
76287926,limit,sell,2026.03.30 01:10:37,4579.0,2.0,True,10.0,0.0,9.82,tp,9.82
76287905,limit,sell,2026.03.30 01:10:16,4579.0,2.0,True,20.0,0.0,19.82,tp,19.82
76287830,limit,sell,2026.03.30 01:09:35,4579.0,2.0,True,10.0,0.0,9.82,tp,9.82
76221912,limit,buy,2026.03.27 13:10:18,4387.1,2.0,False,,0.0,0.0,no_fill,0.0
76221864,limit,buy,2026.03.27 13:09:32,4387.1,2.0,False,,0.0,0.0,no_fill,0.0
76221810,limit,buy,2026.03.27 13:09:11,4387.1,2.0,False,,0.0,0.0,no_fill,0.0
76221657,limit,sell,2026.03.27 13:06:24,4468.2,2.0,False,,0.0,0.0,no_fill,0.0
76221625,limit,sell,2026.03.27 13:05:52,4468.2,2.0,False,,0.0,0.0,no_fill,0.0
76221614,limit,sell,2026.03.27 13:05:34,4468.2,2.0,False,,0.0,0.0,no_fill,0.0
76141714,limit,sell,2026.03.26 16:52:50,4491.0,2.0,False,,0.0,0.0,no_fill,0.0
76141676,limit,sell,2026.03.26 16:52:36,4491.0,2.0,False,,0.0,0.0,no_fill,0.0
76141635,limit,sell,2026.03.26 16:52:22,4491.0,2.0,False,,0.0,0.0,no_fill,0.0
75991035,limit,buy,2026.03.25 09:47:51,4522.5,2.0,True,10.0,0.0,9.82,tp,9.82
75990913,limit,buy,2026.03.25 09:46:17,4522.5,2.0,True,10.0,0.0,9.82,tp,9.82
75990858,limit,buy,2026.03.25 09:45:16,4522.5,2.0,True,10.0,0.0,9.82,tp,9.82
75979502,limit,sell,2026.03.25 07:03:29,4622.5,2.0,False,,0.0,0.0,no_fill,0.0
75976147,limit,sell,2026.03.25 06:07:27,4622.5,2.0,False,,0.0,0.0,no_fill,0.0
75976136,limit,sell,2026.03.25 06:07:17,4622.5,2.0,False,,0.0,0.0,no_fill,0.0
75972158,limit,sell,2026.03.25 05:17:50,4711.7,2.0,False,,0.0,0.0,no_fill,0.0
75972104,limit,sell,2026.03.25 05:16:19,4711.7,2.0,False,,0.0,0.0,no_fill,0.0
75972088,limit,sell,2026.03.25 05:16:04,4711.7,2.0,False,,0.0,0.0,no_fill,0.0
75971867,limit,sell,2026.03.25 05:13:01,4704.7,2.0,False,,0.0,0.0,no_fill,0.0
75971837,limit,sell,2026.03.25 05:12:40,4704.7,2.0,False,,0.0,0.0,no_fill,0.0
75971774,limit,sell,2026.03.25 05:11:54,4704.7,2.0,False,,0.0,0.0,no_fill,0.0
75966917,limit,buy,2026.03.25 04:23:34,4494.5,2.0,False,,0.0,0.0,no_fill,0.0
75966898,limit,buy,2026.03.25 04:23:16,4494.5,2.0,False,,0.0,0.0,no_fill,0.0
75966859,limit,buy,2026.03.25 04:22:40,4494.5,2.0,False,,0.0,0.0,no_fill,0.0
75933547,limit,buy,2026.03.24 18:17:22,3957.0,2.0,False,,0.0,0.0,no_fill,0.0
75933504,limit,buy,2026.03.24 18:16:47,3957.0,2.0,False,,0.0,0.0,no_fill,0.0
75933462,limit,buy,2026.03.24 18:16:18,3957.0,2.0,False,,0.0,0.0,no_fill,0.0
75893207,limit,sell,2026.03.24 13:05:22,4462.5,2.0,False,,0.0,0.0,no_fill,0.0
75880992,limit,sell,2026.03.24 10:59:33,4462.5,2.0,False,,0.0,0.0,no_fill,0.0
75880972,limit,sell,2026.03.24 10:59:18,4462.5,2.0,False,,0.0,0.0,no_fill,0.0
75874335,limit,buy,2026.03.24 10:01:44,4351.0,2.0,False,,0.0,0.0,no_fill,0.0
75874310,limit,buy,2026.03.24 10:01:27,4351.0,2.0,False,,0.0,0.0,no_fill,0.0
75874277,limit,buy,2026.03.24 10:01:11,4351.0,2.0,False,,0.0,0.0,no_fill,0.0
75842939,limit,sell,2026.03.24 05:16:45,4364.0,2.0,False,,0.0,0.0,no_fill,0.0
75730291,limit,buy,2026.03.23 13:32:22,3957.0,2.0,False,,0.0,0.0,no_fill,0.0
75730280,limit,buy,2026.03.23 13:32:09,3957.0,2.0,False,,0.0,0.0,no_fill,0.0
75730257,limit,buy,2026.03.23 13:31:48,3957.0,2.0,False,,0.0,0.0,no_fill,0.0
75532630,limit,sell,2026.03.20 14:15:21,4671.0,2.0,False,,0.0,0.0,no_fill,0.0
75532592,limit,sell,2026.03.20 14:15:00,4671.0,2.0,False,,0.0,0.0,no_fill,0.0
75532556,limit,sell,2026.03.20 14:14:45,4671.0,2.0,False,,0.0,0.0,no_fill,0.0
75523887,limit,sell,2026.03.20 13:03:46,4704.5,2.0,False,,0.0,0.0,no_fill,0.0
75523847,limit,sell,2026.03.20 13:03:29,4704.5,2.0,False,,0.0,0.0,no_fill,0.0
75523798,limit,sell,2026.03.20 13:03:10,4704.5,2.0,False,,0.0,0.0,no_fill,0.0
75426230,limit,buy,2026.03.19 17:19:53,4523.5,2.0,False,,0.0,0.0,no_fill,0.0
75426145,limit,buy,2026.03.19 17:19:36,4523.5,2.0,False,,0.0,0.0,no_fill,0.0
75426024,limit,buy,2026.03.19 17:19:12,4523.5,2.0,False,,0.0,0.0,no_fill,0.0
75319122,limit,sell,2026.03.19 04:47:57,4792.0,2.0,True,10.0,0.0,-5.18,sl,-5.18
75319100,limit,sell,2026.03.19 04:47:43,4792.0,2.0,True,20.0,0.0,-5.18,sl,-5.18
75319089,limit,sell,2026.03.19 04:47:28,4792.0,2.0,True,30.0,0.0,-5.18,sl,-5.18
75315587,limit,sell,2026.03.19 04:15:43,4851.0,2.0,False,,0.0,0.0,no_fill,0.0
75315560,limit,sell,2026.03.19 04:15:29,4851.0,2.0,False,,0.0,0.0,no_fill,0.0
75315532,limit,sell,2026.03.19 04:15:03,4851.0,2.0,False,,0.0,0.0,no_fill,0.0
75262702,limit,sell,2026.03.18 16:40:52,4931.0,2.0,False,,0.0,0.0,no_fill,0.0
75262624,limit,sell,2026.03.18 16:40:29,4931.0,2.0,False,,0.0,0.0,no_fill,0.0
75262530,limit,sell,2026.03.18 16:40:03,4931.0,2.0,False,,0.0,0.0,no_fill,0.0
75250839,limit,sell,2026.03.18 15:57:40,4911.5,2.0,False,,0.0,0.0,no_fill,0.0
75250797,limit,sell,2026.03.18 15:57:24,4911.5,2.0,False,,0.0,0.0,no_fill,0.0
75250743,limit,sell,2026.03.18 15:57:08,4911.5,2.0,False,,0.0,0.0,no_fill,0.0
75213684,limit,sell,2026.03.18 13:07:43,5031.5,2.0,False,,0.0,0.0,no_fill,0.0
75213644,limit,sell,2026.03.18 13:07:14,5031.5,2.0,False,,0.0,0.0,no_fill,0.0
75213619,limit,sell,2026.03.18 13:06:53,5031.5,2.0,False,,0.0,0.0,no_fill,0.0
75213549,limit,sell,2026.03.18 13:06:00,5024.5,2.0,False,,0.0,0.0,no_fill,0.0
75213496,limit,sell,2026.03.18 13:05:32,5024.5,2.0,False,,0.0,0.0,no_fill,0.0
75213455,limit,sell,2026.03.18 13:05:14,5024.5,2.0,False,,0.0,0.0,no_fill,0.0
75198577,limit,sell,2026.03.18 10:02:01,5034.0,2.0,False,,0.0,0.0,no_fill,0.0
75198566,limit,sell,2026.03.18 10:01:45,5034.0,2.0,False,,0.0,0.0,no_fill,0.0
75198546,limit,sell,2026.03.18 10:01:27,5034.0,2.0,False,,0.0,0.0,no_fill,0.0
75185202,limit,sell,2026.03.18 07:07:41,5034.0,2.0,False,,0.0,0.0,no_fill,0.0
75185190,limit,sell,2026.03.18 07:07:22,5034.0,2.0,False,,0.0,0.0,no_fill,0.0
75185172,limit,sell,2026.03.18 07:07:06,5034.0,2.0,False,,0.0,0.0,no_fill,0.0
75169193,limit,buy,2026.03.18 03:23:09,4957.0,2.0,False,,0.0,0.0,no_fill,0.0
75169182,limit,buy,2026.03.18 03:22:48,4957.0,2.0,False,,0.0,0.0,no_fill,0.0
75169175,limit,buy,2026.03.18 03:22:24,4957.0,2.0,False,,0.0,0.0,no_fill,0.0
75169156,limit,sell,2026.03.18 03:21:44,5040.0,2.0,False,,0.0,0.0,no_fill,0.0
75169135,limit,sell,2026.03.18 03:21:23,5040.0,2.0,False,,0.0,0.0,no_fill,0.0
75169113,limit,sell,2026.03.18 03:21:06,5040.0,2.0,False,,0.0,0.0,no_fill,0.0
75130126,limit,sell,2026.03.17 16:12:48,5046.0,2.0,False,,0.0,0.0,no_fill,0.0
75130113,limit,sell,2026.03.17 16:12:37,5046.0,2.0,False,,0.0,0.0,no_fill,0.0
75130076,limit,sell,2026.03.17 16:12:21,5046.0,2.0,False,,0.0,0.0,no_fill,0.0
75130012,limit,sell,2026.03.17 16:11:52,5039.0,2.0,False,,0.0,0.0,no_fill,0.0
75129981,limit,sell,2026.03.17 16:11:38,5039.0,2.0,False,,0.0,0.0,no_fill,0.0
75129933,limit,sell,2026.03.17 16:11:19,5039.0,2.0,False,,0.0,0.0,no_fill,0.0
75114865,limit,sell,2026.03.17 13:17:25,5063.0,2.0,False,,0.0,0.0,no_fill,0.0
75114860,limit,sell,2026.03.17 13:17:15,5063.0,2.0,False,,0.0,0.0,no_fill,0.0
75114840,limit,sell,2026.03.17 13:16:55,5063.0,2.0,False,,0.0,0.0,no_fill,0.0
75114783,limit,sell,2026.03.17 13:16:15,5056.0,2.0,False,,0.0,0.0,no_fill,0.0
75114749,limit,sell,2026.03.17 13:15:51,5056.0,2.0,False,,0.0,0.0,no_fill,0.0
75114724,limit,sell,2026.03.17 13:15:37,5056.0,2.0,False,,0.0,0.0,no_fill,0.0
75098274,limit,sell,2026.03.17 10:13:33,5059.0,2.0,False,,0.0,0.0,no_fill,0.0
75098245,limit,sell,2026.03.17 10:13:24,5059.0,2.0,False,,0.0,0.0,no_fill,0.0
75098235,limit,sell,2026.03.17 10:13:09,5059.0,2.0,False,,0.0,0.0,no_fill,0.0
75080764,limit,buy,2026.03.17 07:17:23,4950.0,2.0,False,,0.0,0.0,no_fill,0.0
75080749,limit,buy,2026.03.17 07:17:09,4950.0,2.0,False,,0.0,0.0,no_fill,0.0
75080731,limit,buy,2026.03.17 07:16:55,4950.0,2.0,False,,0.0,0.0,no_fill,0.0
75080648,limit,buy,2026.03.17 07:15:14,4980.0,2.0,False,,0.0,0.0,no_fill,0.0
75080636,limit,buy,2026.03.17 07:15:00,4980.0,2.0,False,,0.0,0.0,no_fill,0.0
75080629,limit,buy,2026.03.17 07:14:46,4980.0,2.0,False,,0.0,0.0,no_fill,0.0
75073950,limit,buy,2026.03.17 05:14:44,5005.5,2.0,True,10.0,0.0,9.82,tp,9.82
75073932,limit,buy,2026.03.17 05:14:32,5005.5,2.0,True,20.0,0.0,19.82,tp,19.82
75073910,limit,buy,2026.03.17 05:14:13,5005.5,2.0,True,30.0,0.0,-5.18,sl,-5.18
75065536,limit,buy,2026.03.17 03:36:48,4941.0,2.0,False,,0.0,0.0,no_fill,0.0
75065528,limit,buy,2026.03.17 03:36:36,4941.0,2.0,False,,0.0,0.0,no_fill,0.0
75065492,limit,buy,2026.03.17 03:36:11,4941.0,2.0,False,,0.0,0.0,no_fill,0.0
74958901,limit,buy,2026.03.16 07:26:08,4962.6,2.0,False,,0.0,0.0,no_fill,0.0
74958888,limit,buy,2026.03.16 07:25:49,4962.6,2.0,False,,0.0,0.0,no_fill,0.0
74958885,limit,buy,2026.03.16 07:25:31,4962.6,2.0,False,,0.0,0.0,no_fill,0.0
74944723,limit,sell,2026.03.16 04:44:03,5028.5,2.0,False,,0.0,0.0,no_fill,0.0
74944709,limit,sell,2026.03.16 04:43:48,5028.55,2.0,False,,0.0,0.0,no_fill,0.0
74944697,limit,sell,2026.03.16 04:43:34,5028.5,2.0,False,,0.0,0.0,no_fill,0.0
74891626,limit,sell,2026.03.13 19:04:07,5070.5,2.0,False,,0.0,0.0,no_fill,0.0
74891594,limit,sell,2026.03.13 19:03:54,5070.5,2.0,False,,0.0,0.0,no_fill,0.0
74891552,limit,sell,2026.03.13 19:03:40,5070.5,2.0,False,,0.0,0.0,no_fill,0.0
74891183,limit,sell,2026.03.13 19:02:29,5049.5,2.0,True,10.0,0.0,-5.18,sl,-5.18
74883935,limit,sell,2026.03.13 18:22:28,5049.5,2.0,True,10.0,0.0,-5.18,sl,-5.18
74883899,limit,sell,2026.03.13 18:22:10,5049.5,2.0,True,20.0,0.0,-5.18,sl,-5.18
74860697,limit,sell,2026.03.13 16:12:56,5134.5,2.0,False,,0.0,0.0,no_fill,0.0
74860680,limit,sell,2026.03.13 16:12:42,5134.5,2.0,False,,0.0,0.0,no_fill,0.0
74860649,limit,sell,2026.03.13 16:12:25,5134.5,2.0,False,,0.0,0.0,no_fill,0.0
74813910,limit,sell,2026.03.13 09:51:34,5142.5,2.0,False,,0.0,0.0,no_fill,0.0
74813860,limit,sell,2026.03.13 09:51:21,5142.5,2.0,False,,0.0,0.0,no_fill,0.0
74813837,limit,sell,2026.03.13 09:51:05,5142.5,2.0,False,,0.0,0.0,no_fill,0.0
74813781,limit,sell,2026.03.13 09:50:46,5135.5,2.0,False,,0.0,0.0,no_fill,0.0
74813755,limit,sell,2026.03.13 09:50:31,5135.5,2.0,False,,0.0,0.0,no_fill,0.0
74813610,limit,sell,2026.03.13 09:49:33,5135.5,2.0,False,,0.0,0.0,no_fill,0.0
74786768,limit,buy,2026.03.13 04:06:32,5081.0,2.0,False,,0.0,0.0,no_fill,0.0
74786743,limit,buy,2026.03.13 04:06:20,5081.0,2.0,False,,0.0,0.0,no_fill,0.0
74786713,limit,buy,2026.03.13 04:06:02,5081.0,2.0,False,,0.0,0.0,no_fill,0.0
74728100,limit,buy,2026.03.12 16:44:39,5146.5,2.0,True,10.0,0.0,9.82,tp,9.82
74728024,limit,buy,2026.03.12 16:44:25,5146.5,2.0,True,20.0,0.0,-5.18,sl,-5.18
74592303,limit,sell,2026.03.11 16:00:37,5216.0,2.0,False,,0.0,0.0,no_fill,0.0
74592224,limit,sell,2026.03.11 16:00:19,5216.0,2.0,False,,0.0,0.0,no_fill,0.0
74592096,limit,sell,2026.03.11 16:00:05,5216.0,2.0,False,,0.0,0.0,no_fill,0.0
74509376,limit,buy,2026.03.11 03:29:58,5127.0,2.0,True,10.0,0.0,9.82,tp,9.82
74509366,limit,buy,2026.03.11 03:29:42,5127.0,2.0,True,20.0,0.0,19.82,tp,19.82
74509357,limit,buy,2026.03.11 03:29:15,5127.0,2.0,True,30.0,0.0,29.82,tp,29.82
74480489,limit,buy,2026.03.10 19:12:39,5192.0,2.0,False,,0.0,0.0,no_fill,0.0
74479860,limit,buy,2026.03.10 19:03:33,5192.0,2.0,False,,0.0,0.0,no_fill,0.0
74452439,limit,buy,2026.03.10 16:09:31,5168.0,2.0,False,,0.0,0.0,no_fill,0.0
74452411,limit,buy,2026.03.10 16:09:16,5168.0,2.0,False,,0.0,0.0,no_fill,0.0
74452353,limit,buy,2026.03.10 16:09:03,5168.0,2.0,False,,0.0,0.0,no_fill,0.0
74447934,limit,buy,2026.03.10 15:39:34,5122.0,2.0,False,,0.0,0.0,no_fill,0.0
74447909,limit,buy,2026.03.10 15:39:21,5122.0,2.0,False,,0.0,0.0,no_fill,0.0
74447895,limit,buy,2026.03.10 15:39:08,5122.0,2.0,False,,0.0,0.0,no_fill,0.0
74447879,limit,buy,2026.03.10 15:38:49,5142.0,2.0,False,,0.0,0.0,no_fill,0.0
74447858,limit,buy,2026.03.10 15:38:37,5142.0,2.0,False,,0.0,0.0,no_fill,0.0
74447828,limit,buy,2026.03.10 15:38:20,5142.0,2.0,False,,0.0,0.0,no_fill,0.0
74396317,limit,buy,2026.03.10 07:01:27,5125.0,2.0,False,,0.0,0.0,no_fill,0.0
74396289,limit,buy,2026.03.10 07:01:16,5125.0,2.0,False,,0.0,0.0,no_fill,0.0
74396269,limit,buy,2026.03.10 07:01:05,5125.0,2.0,False,,0.0,0.0,no_fill,0.0
74396248,limit,buy,2026.03.10 07:00:50,5134.5,2.0,False,,0.0,0.0,no_fill,0.0
74396206,limit,buy,2026.03.10 07:00:36,5134.5,2.0,False,,0.0,0.0,no_fill,0.0
74396184,limit,buy,2026.03.10 07:00:23,5134.5,2.0,False,,0.0,0.0,no_fill,0.0
74369758,limit,buy,2026.03.10 03:02:15,5100.0,2.0,False,,0.0,0.0,no_fill,0.0
74369730,limit,buy,2026.03.10 03:02:01,5100.0,2.0,False,,0.0,0.0,no_fill,0.0
74369550,limit,buy,2026.03.10 03:00:50,5111.5,2.0,True,10.0,0.0,9.82,tp,9.82
74369504,limit,buy,2026.03.10 03:00:31,5109.5,2.0,False,,0.0,0.0,no_fill,0.0
74369469,limit,buy,2026.03.10 03:00:18,5109.5,2.0,False,,0.0,0.0,no_fill,0.0
74345457,limit,buy,2026.03.09 18:46:34,5069.5,2.0,False,,0.0,0.0,no_fill,0.0
74345430,limit,buy,2026.03.09 18:46:21,5069.5,2.0,False,,0.0,0.0,no_fill,0.0
74345374,limit,buy,2026.03.09 18:46:05,5069.5,2.0,False,,0.0,0.0,no_fill,0.0
74342888,limit,buy,2026.03.09 18:23:51,5068.5,2.0,False,,0.0,0.0,no_fill,0.0
74342757,limit,buy,2026.03.09 18:23:23,5068.5,2.0,False,,0.0,0.0,no_fill,0.0
74320203,limit,buy,2026.03.09 16:35:01,5067.7,2.0,True,10.0,0.0,9.82,tp,9.82
74320117,limit,buy,2026.03.09 16:34:42,5067.7,2.0,True,10.0,0.0,9.82,tp,9.82
74320062,limit,buy,2026.03.09 16:34:28,5067.7,2.0,True,20.0,0.0,19.82,tp,19.82
74265589,limit,buy,2026.03.09 10:13:01,5089.0,2.0,False,,0.0,0.0,no_fill,0.0
74265551,limit,buy,2026.03.09 10:12:43,5089.0,2.0,False,,0.0,0.0,no_fill,0.0
74265539,limit,buy,2026.03.09 10:12:30,5089.0,2.0,False,,0.0,0.0,no_fill,0.0
74235400,limit,buy,2026.03.09 06:58:06,5055.7,2.0,False,,0.0,0.0,no_fill,0.0
74235371,limit,buy,2026.03.09 06:57:44,5055.7,2.0,False,,0.0,0.0,no_fill,0.0
74235350,limit,buy,2026.03.09 06:57:24,5055.7,2.0,False,,0.0,0.0,no_fill,0.0
74218158,limit,buy,2026.03.09 05:03:54,5041.0,2.0,False,,0.0,0.0,no_fill,0.0
74218097,limit,buy,2026.03.09 05:03:39,5041.0,2.0,False,,0.0,0.0,no_fill,0.0
74218044,limit,buy,2026.03.09 05:03:22,5041.0,2.0,False,,0.0,0.0,no_fill,0.0
74020209,limit,buy,2026.03.06 01:18:13,4883.5,2.0,False,,0.0,0.0,no_fill,0.0
74020174,limit,buy,2026.03.06 01:17:48,4883.5,2.0,False,,0.0,0.0,no_fill,0.0
74020161,limit,buy,2026.03.06 01:17:21,4883.5,2.0,False,,0.0,0.0,no_fill,0.0
74020138,limit,buy,2026.03.06 01:16:38,4921.6,2.0,False,,0.0,0.0,no_fill,0.0
74020131,limit,buy,2026.03.06 01:16:23,4921.6,2.0,False,,0.0,0.0,no_fill,0.0
74020122,limit,buy,2026.03.06 01:15:34,4921.6,2.0,False,,0.0,0.0,no_fill,0.0
74020090,limit,sell,2026.03.06 01:14:49,5144.0,2.0,False,,0.0,0.0,no_fill,0.0
74020084,limit,sell,2026.03.06 01:14:22,5144.0,2.0,False,,0.0,0.0,no_fill,0.0
74020038,limit,sell,2026.03.06 01:13:04,5144.0,2.0,False,,0.0,0.0,no_fill,0.0
73953279,limit,sell,2026.03.05 15:37:53,5142.0,2.0,True,10.0,0.0,-5.18,sl,-5.18
73953225,limit,sell,2026.03.05 15:37:32,5142.0,2.0,True,20.0,0.0,-5.18,sl,-5.18
73953130,limit,sell,2026.03.05 15:37:17,5142.0,2.0,True,30.0,0.0,-5.18,sl,-5.18
73842091,limit,buy,2026.03.05 01:15:02,5053.0,2.0,True,10.0,0.0,9.82,tp,9.82
73842056,limit,buy,2026.03.05 01:14:42,5053.0,2.0,True,10.0,0.0,9.82,tp,9.82
73842037,limit,buy,2026.03.05 01:14:23,5053.0,2.0,True,20.0,0.0,19.82,tp,19.82
73841671,limit,sell,2026.03.05 01:11:45,5244.0,2.0,False,,0.0,0.0,no_fill,0.0
73841656,limit,sell,2026.03.05 01:11:22,5244.0,2.0,False,,0.0,0.0,no_fill,0.0
73841611,limit,sell,2026.03.05 01:10:32,5244.0,2.0,False,,0.0,0.0,no_fill,0.0
73755332,limit,sell,2026.03.04 10:36:24,5184.5,2.0,False,,0.0,0.0,no_fill,0.0
73755295,limit,sell,2026.03.04 10:36:06,5184.5,2.0,False,,0.0,0.0,no_fill,0.0
73755137,limit,sell,2026.03.04 10:35:39,5184.5,2.0,False,,0.0,0.0,no_fill,0.0
73685256,limit,buy,2026.03.04 01:08:57,5046.3,2.0,False,,0.0,0.0,no_fill,0.0
73685218,limit,buy,2026.03.04 01:08:30,5046.3,2.0,False,,0.0,0.0,no_fill,0.0
73685186,limit,buy,2026.03.04 01:08:09,5046.3,2.0,False,,0.0,0.0,no_fill,0.0
73685169,limit,buy,2026.03.04 01:07:32,5056.3,2.0,False,,0.0,0.0,no_fill,0.0
73685160,limit,buy,2026.03.04 01:07:09,5056.3,2.0,False,,0.0,0.0,no_fill,0.0
73685156,limit,buy,2026.03.04 01:06:47,5056.3,2.0,False,,0.0,0.0,no_fill,0.0
73685130,limit,buy,2026.03.04 01:06:04,5080.0,2.0,False,,0.0,0.0,no_fill,0.0
73685114,limit,buy,2026.03.04 01:05:47,5080.0,2.0,False,,0.0,0.0,no_fill,0.0
73685105,limit,buy,2026.03.04 01:05:32,5080.0,2.0,False,,0.0,0.0,no_fill,0.0
73565637,limit,buy,2026.03.03 12:25:27,5237.0,2.0,False,,0.0,0.0,no_fill,0.0
73565583,limit,buy,2026.03.03 12:24:49,5239.0,2.0,True,10.0,0.0,-5.18,sl,-5.18
73565564,limit,buy,2026.03.03 12:24:34,5239.0,2.0,True,20.0,0.0,-5.18,sl,-5.18
73565545,limit,sell,2026.03.03 12:24:03,5202.5,2.0,True,10.0,0.0,-5.18,sl,-5.18
73565534,limit,sell,2026.03.03 12:23:49,5202.5,2.0,True,10.0,0.0,-5.18,sl,-5.18
73565481,limit,sell,2026.03.03 12:22:53,5202.5,2.0,True,10.0,0.0,-5.18,sl,-5.18
73168945,limit,buy,2026.02.27 16:01:48,5213.0,2.0,True,10.0,0.0,-5.18,sl,-5.18
73168923,limit,buy,2026.02.27 16:01:36,5213.0,2.0,True,20.0,0.0,-5.18,sl,-5.18
73168887,limit,buy,2026.02.27 16:01:23,5213.0,2.0,True,30.0,0.0,-5.18,sl,-5.18
73145315,limit,buy,2026.02.27 13:07:18,5129.2,2.0,False,,0.0,0.0,no_fill,0.0
73145301,limit,buy,2026.02.27 13:07:00,5129.2,2.0,False,,0.0,0.0,no_fill,0.0
73145293,limit,buy,2026.02.27 13:06:45,5129.2,2.0,False,,0.0,0.0,no_fill,0.0
73132701,limit,buy,2026.02.27 10:29:26,5147.0,2.0,False,,0.0,0.0,no_fill,0.0
73132677,limit,buy,2026.02.27 10:29:08,5147.0,2.0,False,,0.0,0.0,no_fill,0.0
73132666,limit,buy,2026.02.27 10:28:56,5147.0,2.0,False,,0.0,0.0,no_fill,0.0
73101888,limit,buy,2026.02.27 04:08:41,5166.5,2.0,False,,0.0,0.0,no_fill,0.0
73101866,limit,buy,2026.02.27 04:08:22,5166.5,2.0,False,,0.0,0.0,no_fill,0.0
73101780,limit,buy,2026.02.27 04:08:02,5166.5,2.0,False,,0.0,0.0,no_fill,0.0
73087195,limit,buy,2026.02.27 01:21:15,5140.0,2.0,False,,0.0,0.0,no_fill,0.0
73087179,limit,buy,2026.02.27 01:20:55,5140.0,2.0,False,,0.0,0.0,no_fill,0.0
73087159,limit,buy,2026.02.27 01:20:36,5140.0,2.0,False,,0.0,0.0,no_fill,0.0
73041126,limit,sell,2026.02.26 15:56:24,5211.2,2.0,False,,0.0,0.0,no_fill,0.0
73041110,limit,sell,2026.02.26 15:56:04,5211.2,2.0,False,,0.0,0.0,no_fill,0.0
73041098,limit,sell,2026.02.26 15:55:47,5211.2,2.0,False,,0.0,0.0,no_fill,0.0
72999534,limit,buy,2026.02.26 09:39:39,5152.0,2.0,False,,0.0,0.0,no_fill,0.0
72999510,limit,buy,2026.02.26 09:39:29,5152.0,2.0,False,,0.0,0.0,no_fill,0.0
72999482,limit,buy,2026.02.26 09:39:12,5152.0,2.0,False,,0.0,0.0,no_fill,0.0
72971845,limit,buy,2026.02.26 04:05:44,5145.0,2.0,False,,0.0,0.0,no_fill,0.0
72971837,limit,buy,2026.02.26 04:05:32,5145.0,2.0,False,,0.0,0.0,no_fill,0.0
72971819,limit,buy,2026.02.26 04:05:18,5145.0,2.0,False,,0.0,0.0,no_fill,0.0
72956413,limit,buy,2026.02.26 01:39:04,5113.2,2.0,False,,0.0,0.0,no_fill,0.0
72956393,limit,buy,2026.02.26 01:38:40,5113.2,2.0,False,,0.0,0.0,no_fill,0.0
72956383,limit,buy,2026.02.26 01:38:24,5113.2,2.0,False,,0.0,0.0,no_fill,0.0
72956314,limit,buy,2026.02.26 01:37:29,5123.35,2.0,False,,0.0,0.0,no_fill,0.0
72956294,limit,buy,2026.02.26 01:36:55,5123.35,2.0,False,,0.0,0.0,no_fill,0.0
72956250,limit,buy,2026.02.26 01:36:36,5123.35,2.0,False,,0.0,0.0,no_fill,0.0
72918935,limit,buy,2026.02.25 16:02:59,5138.0,2.0,False,,0.0,0.0,no_fill,0.0
72918910,limit,buy,2026.02.25 16:02:43,5138.0,2.0,False,,0.0,0.0,no_fill,0.0
72918880,limit,buy,2026.02.25 16:02:23,5138.0,2.0,False,,0.0,0.0,no_fill,0.0
72905459,limit,buy,2026.02.25 13:21:23,5082.5,2.0,False,,0.0,0.0,no_fill,0.0
72905433,limit,buy,2026.02.25 13:21:06,5082.5,2.0,False,,0.0,0.0,no_fill,0.0
72905232,limit,buy,2026.02.25 13:19:19,5082.5,2.0,False,,0.0,0.0,no_fill,0.0
72904352,limit,buy,2026.02.25 13:16:00,5102.5,2.0,False,,0.0,0.0,no_fill,0.0
72904283,limit,buy,2026.02.25 13:15:43,5102.5,2.0,False,,0.0,0.0,no_fill,0.0
72904238,limit,buy,2026.02.25 13:15:23,5102.5,2.0,False,,0.0,0.0,no_fill,0.0
72904027,limit,buy,2026.02.25 13:14:12,5111.8,2.0,False,,0.0,0.0,no_fill,0.0
72903982,limit,buy,2026.02.25 13:13:52,5111.8,2.0,False,,0.0,0.0,no_fill,0.0
72903953,limit,buy,2026.02.25 13:13:35,5111.8,2.0,False,,0.0,0.0,no_fill,0.0
72898143,limit,buy,2026.02.25 12:20:24,5103.5,2.0,False,,0.0,0.0,no_fill,0.0
72898013,limit,buy,2026.02.25 12:19:51,5103.5,2.0,False,,0.0,0.0,no_fill,0.0
72897988,limit,buy,2026.02.25 12:19:29,5103.5,2.0,False,,0.0,0.0,no_fill,0.0
72887248,limit,sell,2026.02.25 10:14:09,5229.5,2.0,False,,0.0,0.0,no_fill,0.0
72887226,limit,sell,2026.02.25 10:13:46,5229.5,2.0,False,,0.0,0.0,no_fill,0.0
72887195,limit,sell,2026.02.25 10:13:27,5229.5,2.0,False,,0.0,0.0,no_fill,0.0
72886178,limit,buy,2026.02.25 09:56:43,5157.0,2.0,False,,0.0,0.0,no_fill,0.0
72886157,limit,buy,2026.02.25 09:56:30,5157.0,2.0,False,,0.0,0.0,no_fill,0.0
72811608,limit,buy,2026.02.24 16:28:44,5105.5,2.0,True,20.0,0.0,-5.18,sl,-5.18
72811582,limit,buy,2026.02.24 16:28:33,5105.5,2.0,True,30.0,0.0,-5.18,sl,-5.18
72811555,limit,buy,2026.02.24 16:28:21,5159.0,2.0,True,10.0,0.0,-5.18,sl,-5.18
72735481,limit,sell,2026.02.24 03:44:43,5216.2,2.0,True,10.0,0.0,-5.18,sl,-5.18
72735461,limit,sell,2026.02.24 03:44:13,5216.2,2.0,True,20.0,0.0,-5.18,sl,-5.18
72735445,limit,sell,2026.02.24 03:43:53,5216.2,2.0,True,10.0,0.0,-5.18,sl,-5.18
72685691,limit,buy,2026.02.23 17:06:51,5169.0,2.0,True,10.0,0.0,-5.18,sl,-5.18
72685637,limit,buy,2026.02.23 17:06:37,5169.0,2.0,True,20.0,0.0,-5.18,sl,-5.18
72685605,limit,buy,2026.02.23 17:06:20,5169.0,2.0,True,30.0,0.0,-5.18,sl,-5.18
72670950,limit,buy,2026.02.23 15:28:51,5098.0,2.0,False,,0.0,0.0,no_fill,0.0
72670928,limit,buy,2026.02.23 15:28:37,5098.0,2.0,False,,0.0,0.0,no_fill,0.0
72670902,limit,buy,2026.02.23 15:28:21,5098.0,2.0,False,,0.0,0.0,no_fill,0.0
72643292,limit,buy,2026.02.23 10:35:55,5112.0,2.0,False,,0.0,0.0,no_fill,0.0
72643278,limit,buy,2026.02.23 10:35:41,5112.0,2.0,False,,0.0,0.0,no_fill,0.0
72643237,limit,buy,2026.02.23 10:35:10,5112.0,2.0,False,,0.0,0.0,no_fill,0.0
72590108,limit,buy,2026.02.23 01:44:17,5120.5,2.0,True,10.0,0.0,-5.18,sl,-5.18
72589951,limit,buy,2026.02.23 01:43:57,5120.5,2.0,True,10.0,0.0,-5.18,sl,-5.18
72589915,limit,buy,2026.02.23 01:43:37,5120.5,2.0,True,20.0,0.0,-5.18,sl,-5.18
72587293,limit,buy,2026.02.23 01:16:19,5048.6,2.0,False,,0.0,0.0,no_fill,0.0
72587123,limit,buy,2026.02.23 01:15:37,5048.6,2.0,False,,0.0,0.0,no_fill,0.0
72586864,limit,buy,2026.02.23 01:14:56,5048.6,2.0,False,,0.0,0.0,no_fill,0.0
72586614,limit,buy,2026.02.23 01:13:50,5066.3,2.0,False,,0.0,0.0,no_fill,0.0
72586586,limit,buy,2026.02.23 01:13:28,5066.3,2.0,False,,0.0,0.0,no_fill,0.0
72586469,limit,buy,2026.02.23 01:12:14,5066.3,2.0,False,,0.0,0.0,no_fill,0.0
72525911,limit,buy,2026.02.20 13:55:38,5000.0,2.0,False,,0.0,0.0,no_fill,0.0
72525895,limit,buy,2026.02.20 13:55:26,5000.0,2.0,False,,0.0,0.0,no_fill,0.0
72525876,limit,buy,2026.02.20 13:55:07,5000.0,2.0,False,,0.0,0.0,no_fill,0.0
72517876,limit,buy,2026.02.20 11:41:58,4952.0,2.0,False,,0.0,0.0,no_fill,0.0
72517862,limit,buy,2026.02.20 11:41:31,4952.0,2.0,False,,0.0,0.0,no_fill,0.0
72517850,limit,buy,2026.02.20 11:41:07,4952.0,2.0,False,,0.0,0.0,no_fill,0.0
72517752,limit,buy,2026.02.20 11:38:26,5096.7,2.0,True,10.0,0.0,-5.18,sl,-5.18
72517734,limit,buy,2026.02.20 11:38:04,5096.7,2.0,True,20.0,0.0,-5.18,sl,-5.18
72517720,limit,buy,2026.02.20 11:37:45,5096.7,2.0,True,10.0,0.0,-5.18,sl,-5.18
72501446,limit,buy,2026.02.20 08:04:03,4986.5,2.0,False,,0.0,0.0,no_fill,0.0
72501432,limit,buy,2026.02.20 08:03:41,4986.5,2.0,False,,0.0,0.0,no_fill,0.0
72501412,limit,buy,2026.02.20 08:03:19,4986.5,2.0,False,,0.0,0.0,no_fill,0.0
72426916,limit,buy,2026.02.19 10:14:20,4971.5,2.0,False,,0.0,0.0,no_fill,0.0
72426908,limit,buy,2026.02.19 10:14:06,4971.5,2.0,False,,0.0,0.0,no_fill,0.0
72416074,limit,buy,2026.02.19 07:11:01,4932.0,2.0,False,,0.0,0.0,no_fill,0.0
72416054,limit,buy,2026.02.19 07:10:37,4932.0,2.0,False,,0.0,0.0,no_fill,0.0
72415989,limit,buy,2026.02.19 07:09:56,4932.0,2.0,False,,0.0,0.0,no_fill,0.0
72372430,limit,buy,2026.02.18 15:49:51,4925.3,2.0,False,,0.0,0.0,no_fill,0.0
72372414,limit,buy,2026.02.18 15:49:33,4925.3,2.0,False,,0.0,0.0,no_fill,0.0
72372406,limit,buy,2026.02.18 15:49:18,4925.3,2.0,False,,0.0,0.0,no_fill,0.0
72363579,limit,buy,2026.02.18 14:20:52,4951.0,2.0,True,10.0,0.0,-5.18,sl,-5.18
72363549,limit,buy,2026.02.18 14:20:39,4951.0,2.0,True,20.0,0.0,-5.18,sl,-5.18
72363500,limit,buy,2026.02.18 14:20:24,4951.0,2.0,True,30.0,0.0,-5.18,sl,-5.18
72269369,limit,sell,2026.02.17 13:45:36,4953.0,2.0,False,,0.0,0.0,no_fill,0.0
72269359,limit,sell,2026.02.17 13:45:22,4953.0,2.0,False,,0.0,0.0,no_fill,0.0
72269342,limit,sell,2026.02.17 13:45:09,4953.0,2.0,False,,0.0,0.0,no_fill,0.0
72162445,limit,buy,2026.02.16 09:59:42,4956.5,2.0,False,,0.0,0.0,no_fill,0.0
72162438,limit,buy,2026.02.16 09:59:28,4956.5,2.0,False,,0.0,0.0,no_fill,0.0
72162434,limit,buy,2026.02.16 09:59:16,4956.5,2.0,False,,0.0,0.0,no_fill,0.0
72074345,limit,buy,2026.02.13 15:50:23,4958.0,2.0,True,10.0,0.0,9.82,tp,9.82
72074270,limit,buy,2026.02.13 15:50:02,4958.0,2.0,True,20.0,0.0,19.82,tp,19.82
72074231,limit,buy,2026.02.13 15:49:48,4958.0,2.0,True,10.0,0.0,9.82,tp,9.82
72057968,limit,sell,2026.02.13 13:14:57,5000.0,2.0,False,,0.0,0.0,no_fill,0.0
72057954,limit,sell,2026.02.13 13:14:41,5000.0,2.0,False,,0.0,0.0,no_fill,0.0
72057915,limit,sell,2026.02.13 13:14:24,5000.0,2.0,False,,0.0,0.0,no_fill,0.0
72015562,limit,buy,2026.02.13 06:55:39,4933.5,2.0,False,,0.0,0.0,no_fill,0.0
72015545,limit,buy,2026.02.13 06:55:22,4933.5,2.0,False,,0.0,0.0,no_fill,0.0
72015535,limit,buy,2026.02.13 06:55:07,4933.5,2.0,False,,0.0,0.0,no_fill,0.0
72015505,limit,buy,2026.02.13 06:54:13,4899.0,2.0,False,,0.0,0.0,no_fill,0.0
72015489,limit,buy,2026.02.13 06:53:57,4899.0,2.0,False,,0.0,0.0,no_fill,0.0
72015477,limit,buy,2026.02.13 06:53:40,4899.0,2.0,False,,0.0,0.0,no_fill,0.0
71847254,limit,sell,2026.02.12 03:44:41,5086.0,2.0,False,,0.0,0.0,no_fill,0.0
71847231,limit,sell,2026.02.12 03:44:16,5086.0,2.0,False,,0.0,0.0,no_fill,0.0
71847212,limit,sell,2026.02.12 03:44:02,5086.0,2.0,False,,0.0,0.0,no_fill,0.0
71753142,limit,buy,2026.02.11 12:09:30,5026.0,2.0,False,,0.0,0.0,no_fill,0.0
71753138,limit,buy,2026.02.11 12:09:18,5026.0,2.0,False,,0.0,0.0,no_fill,0.0
71753132,limit,buy,2026.02.11 12:09:06,5026.0,2.0,False,,0.0,0.0,no_fill,0.0
71726221,limit,buy,2026.02.11 07:01:15,5017.5,2.0,False,,0.0,0.0,no_fill,0.0
71726194,limit,buy,2026.02.11 07:00:59,5017.5,2.0,False,,0.0,0.0,no_fill,0.0
71726150,limit,buy,2026.02.11 07:00:39,5017.5,2.0,False,,0.0,0.0,no_fill,0.0
71700795,limit,buy,2026.02.11 01:11:25,5011.0,2.0,False,,0.0,0.0,no_fill,0.0
71700791,limit,buy,2026.02.11 01:11:09,5011.0,2.0,False,,0.0,0.0,no_fill,0.0
71700782,limit,buy,2026.02.11 01:10:54,5011.0,2.0,False,,0.0,0.0,no_fill,0.0
71639795,limit,buy,2026.02.10 13:15:06,5019.0,2.0,False,,0.0,0.0,no_fill,0.0
71639768,limit,buy,2026.02.10 13:14:41,5019.0,2.0,False,,0.0,0.0,no_fill,0.0
71639755,limit,buy,2026.02.10 13:14:26,5019.0,2.0,False,,0.0,0.0,no_fill,0.0
71623202,limit,buy,2026.02.10 10:16:45,4965.0,2.0,False,,0.0,0.0,no_fill,0.0
71623165,limit,buy,2026.02.10 10:16:30,4965.0,2.0,False,,0.0,0.0,no_fill,0.0
71623155,limit,buy,2026.02.10 10:16:15,4965.0,2.0,False,,0.0,0.0,no_fill,0.0
71532786,limit,sell,2026.02.09 15:47:22,5042.0,2.0,False,,0.0,0.0,no_fill,0.0
71532764,limit,sell,2026.02.09 15:47:05,5042.0,2.0,False,,0.0,0.0,no_fill,0.0
71532738,limit,sell,2026.02.09 15:46:51,5042.0,2.0,False,,0.0,0.0,no_fill,0.0
71509246,limit,buy,2026.02.09 12:24:46,4978.5,2.0,False,,0.0,0.0,no_fill,0.0
71509231,limit,buy,2026.02.09 12:24:28,4978.5,2.0,False,,0.0,0.0,no_fill,0.0
71509185,limit,buy,2026.02.09 12:23:55,4978.5,2.0,False,,0.0,0.0,no_fill,0.0
71502603,limit,buy,2026.02.09 11:25:54,4996.0,2.0,False,,0.0,0.0,no_fill,0.0
71502595,limit,buy,2026.02.09 11:25:36,4996.0,2.0,False,,0.0,0.0,no_fill,0.0
71502587,limit,buy,2026.02.09 11:25:22,4996.0,2.0,False,,0.0,0.0,no_fill,0.0
71444390,limit,buy,2026.02.09 02:25:22,4974.5,2.0,False,,0.0,0.0,no_fill,0.0
71444318,limit,buy,2026.02.09 02:25:03,4974.5,2.0,False,,0.0,0.0,no_fill,0.0
71444249,limit,buy,2026.02.09 02:24:39,4974.5,2.0,False,,0.0,0.0,no_fill,0.0
