ticket,direction,entry,new_sl,tp,exit_px,exit_reason,exit_dt,sim_profit,sim_net,orig_profit,orig_net,delta,orig_exit
81107344,buy,4518.76,4511.76,,4511.76,sl,2026-05-22 13:40:00,-7.0,-7.18,-5.4,-5.58,-1.5999999999999996,sl
81107335,buy,4518.91,4511.91,4539.0,4511.91,sl,2026-05-22 13:40:00,-7.0,-7.18,-5.55,-5.7299999999999995,-1.4500000000000002,sl
81077078,buy,4527.44,4520.44,4740.0,4520.44,sl,2026-05-22 07:35:00,-7.0,-7.18,-12.66,-12.84,5.66,sl
81077069,buy,4527.4,4520.4,4550.0,4520.4,sl,2026-05-22 07:35:00,-7.0,-7.18,-12.62,-12.799999999999999,5.619999999999999,sl
80917655,buy,4536.01,4529.01,,4529.01,sl,2026-05-22 02:40:00,-7.0,-7.18,-4.15,-4.33,-2.8499999999999996,sl
80917620,buy,4537.0,4530.0,4574.0,4530.0,sl,2026-05-22 02:35:00,-7.0,-7.18,-5.14,-5.319999999999999,-1.8600000000000003,sl
80917563,buy,4538.0,4531.0,4548.0,4531.0,sl,2026-05-22 02:35:00,-7.0,-7.18,-6.14,-6.319999999999999,-0.8600000000000003,sl
81038366,sell,4529.0,4536.0,4499.0,4536.0,sl,2026-05-21 20:15:00,-7.0,-7.18,-5.34,-5.52,-1.6600000000000001,sl
81038421,sell,4529.8,4536.8,4477.0,4536.8,sl,2026-05-21 20:15:00,-7.0,-7.18,-4.54,-4.72,-2.46,sl
81037501,sell,4528.0,4535.0,4518.0,4535.0,sl,2026-05-21 20:15:00,-7.0,-7.18,-6.34,-6.52,-0.6600000000000001,sl
80896756,sell,4546.5,4553.5,4400.0,4550.62,time,2026-05-20 18:16:03,-4.119999999999891,-4.299999999999891,-4.12,-4.3,1.092459456231154e-13,sl
80896741,sell,4545.24,4552.24,4516.0,4550.62,time,2026-05-20 18:16:03,-5.380000000000109,-5.560000000000109,-5.38,-5.56,-1.092459456231154e-13,sl
80896706,sell,4544.49,4551.49,4535.0,4535.0,tp,2026-05-20 18:20:00,9.489999999999782,9.309999999999782,-6.13,-6.31,15.61999999999978,sl
80844136,sell,4522.0,4529.0,4400.0,4529.0,sl,2026-05-20 17:35:00,-7.0,-7.18,-4.22,-4.3999999999999995,-2.7800000000000002,sl
80844063,sell,4521.0,4528.0,4453.0,4528.0,sl,2026-05-20 17:35:00,-7.0,-7.18,-5.22,-5.3999999999999995,-1.7800000000000002,sl
80844036,sell,4520.0,4527.0,4510.0,4527.0,sl,2026-05-20 17:35:00,-7.0,-7.18,-6.22,-6.3999999999999995,-0.7800000000000002,sl
80767140,sell,4518.85,4525.85,4400.0,4525.85,sl,2026-05-20 17:35:00,-7.0,-7.18,-4.95,-5.13,-2.05,sl
80767096,sell,4518.0,4525.0,4468.0,4525.0,sl,2026-05-20 17:35:00,-7.0,-7.18,-5.8,-5.9799999999999995,-1.2000000000000002,sl
80766987,sell,4517.0,4524.0,4507.0,4524.0,sl,2026-05-20 17:35:00,-7.0,-7.18,-6.8,-6.9799999999999995,-0.20000000000000018,sl
80783657,sell,4503.0,4510.0,4400.0,4507.38,time,2026-05-20 03:30:58,-4.380000000000109,-4.560000000000109,-4.38,-4.56,-1.092459456231154e-13,sl
80783643,sell,4501.92,4508.92,4465.0,4465.0,tp,2026-05-20 03:30:00,36.92000000000007,36.74000000000007,-5.46,-5.64,42.380000000000074,sl
80783633,sell,4501.0,4508.0,4491.0,4491.0,tp,2026-05-20 03:30:00,10.0,9.82,-6.38,-6.56,16.38,sl
80736276,buy,4505.06,4498.06,4566.0,4500.87,time,2026-05-19 16:26:17,-4.190000000000509,-4.370000000000509,-4.19,-4.37,-5.089262344881718e-13,sl
80736188,buy,4506.1,4499.1,4536.0,4500.87,time,2026-05-19 16:26:17,-5.230000000000473,-5.410000000000473,-5.23,-5.41,-4.725109192804666e-13,sl
80736078,buy,4507.0,4500.0,4517.0,4500.87,time,2026-05-19 16:26:17,-6.130000000000109,-6.310000000000109,-6.13,-6.31,-1.092459456231154e-13,sl
80513036,sell,4578.7,4585.7,4563.0,4563.0,tp,2026-05-18 16:35:00,15.699999999999818,15.519999999999818,-4.14,-4.319999999999999,19.83999999999982,sl
80513018,sell,4577.7,4584.7,4530.0,4582.84,time,2026-05-18 16:54:37,-5.140000000000327,-5.320000000000327,-5.14,-5.319999999999999,-3.277378368693462e-13,sl
80512984,sell,4576.52,4583.52,4400.0,4582.84,time,2026-05-18 16:54:37,-6.319999999999709,-6.499999999999709,-6.32,-6.5,2.913225216616411e-13,sl
80513799,buy,4491.0,4484.0,4552.0,4486.71,time,2026-05-18 03:40:20,-4.289999999999964,-4.469999999999963,-4.29,-4.47,3.6415315207705135e-14,sl
80513663,buy,4496.0,4489.0,,4491.44,time,2026-05-18 03:34:12,-4.5600000000004,-4.7400000000004,-4.56,-4.739999999999999,-4.005684672847565e-13,sl
80513605,buy,4497.0,4490.0,4527.0,4527.0,tp,2026-05-18 03:35:00,30.0,29.82,-5.56,-5.739999999999999,35.56,sl
80513742,buy,4493.0,4486.0,4508.0,4508.0,tp,2026-05-18 03:35:00,15.0,14.82,-6.29,-6.47,21.29,sl
80513770,buy,4492.0,4485.0,4522.0,4522.0,tp,2026-05-18 03:35:00,30.0,29.82,-5.29,-5.47,35.29,sl
80513584,buy,4498.0,4491.0,4513.0,4513.0,tp,2026-05-18 03:35:00,15.0,14.82,-6.03,-6.21,21.03,sl
80468801,buy,4516.2,4509.2,4585.0,4511.57,time,2026-05-15 16:45:47,-4.630000000000109,-4.810000000000109,-4.63,-4.81,-1.092459456231154e-13,sl
80468669,buy,4518.2,4511.2,4529.0,4529.0,tp,2026-05-15 16:50:00,10.800000000000182,10.620000000000182,-6.63,-6.81,17.43000000000018,sl
80468761,buy,4517.26,4510.26,4543.0,4543.0,tp,2026-05-15 16:50:00,25.73999999999978,25.559999999999782,-5.69,-5.87,31.429999999999783,sl
80448388,sell,4572.0,4579.0,4557.0,4557.0,tp,2026-05-15 13:55:00,15.0,14.82,15.0,14.82,0.0,tp
80421906,buy,4548.31,4541.31,4598.0,4543.39,time,2026-05-15 12:15:59,-4.920000000000073,-5.1000000000000725,-4.92,-5.1,-7.283063041541027e-14,sl
80421870,buy,4549.0,4542.0,4579.0,4543.39,time,2026-05-15 12:15:59,-5.609999999999673,-5.789999999999672,-5.61,-5.79,3.277378368693462e-13,sl
80421844,buy,4550.03,4543.03,4563.0,4543.39,time,2026-05-15 12:15:59,-6.639999999999418,-6.819999999999418,-6.64,-6.819999999999999,5.81756864903582e-13,sl
80418578,sell,4586.5,4593.5,4506.0,4506.0,tp,2026-05-18 00:30:00,80.5,80.55999999999999,80.65,80.71,-0.15000000000000568,tp
80418545,sell,4585.48,4592.48,4566.0,4566.0,tp,2026-05-15 10:15:00,19.479999999999563,19.299999999999564,19.48,19.3,-4.369837824924616e-13,tp
80418520,sell,4584.5,4591.5,4571.0,4571.0,tp,2026-05-15 10:15:00,13.5,13.32,12.88,12.700000000000001,0.6199999999999992,other
80245151,buy,4604.7,4597.7,4830.0,4597.7,sl,2026-05-15 07:45:00,-7.0,-7.18,-4.18,-4.359999999999999,-2.8200000000000003,sl
80245141,buy,4605.7,4598.7,4640.0,4598.7,sl,2026-05-15 07:45:00,-7.0,-7.18,-5.18,-5.359999999999999,-1.8200000000000003,sl
80245114,buy,4606.7,4599.7,4621.0,4599.7,sl,2026-05-15 07:45:00,-7.0,-7.18,-6.18,-6.359999999999999,-0.8200000000000003,sl
79876179,buy,4618.7,4611.7,4830.0,4614.62,time,2026-05-15 03:41:44,-4.079999999999927,-4.259999999999927,-4.08,-4.26,7.283063041541027e-14,sl
79876120,buy,4619.7,4612.7,4650.0,4612.7,sl,2026-05-15 03:45:00,-7.0,-7.18,-5.08,-5.26,-1.92,sl
79876063,buy,4620.97,4613.97,4635.0,4613.97,sl,2026-05-15 03:40:00,-7.0,-7.18,-6.35,-6.529999999999999,-0.6500000000000004,sl
80324218,buy,4660.7,4653.7,4690.0,4655.7,time,2026-05-14 22:44:04,-5.0,-5.18,-5.0,-5.18,0.0,sl
80324238,buy,4659.7,4652.7,4830.0,4655.7,time,2026-05-14 22:44:04,-4.0,-4.18,-4.0,-4.18,0.0,sl
80324165,buy,4661.7,4654.7,4676.0,4655.7,time,2026-05-14 22:44:04,-6.0,-6.18,-6.0,-6.18,0.0,sl
80301887,buy,4677.75,4670.75,4830.0,4673.49,time,2026-05-14 16:41:38,-4.260000000000218,-4.440000000000218,-4.26,-4.4399999999999995,-2.184918912462308e-13,sl
80301856,buy,4678.74,4671.74,4708.0,4673.49,time,2026-05-14 16:41:38,-5.25,-5.43,-5.25,-5.43,0.0,sl
80301823,buy,4679.7,4672.7,4694.5,4672.7,sl,2026-05-14 16:45:00,-7.0,-7.18,-6.21,-6.39,-0.79,sl
80244860,sell,4718.5,4725.5,4625.0,4625.0,tp,2026-05-15 00:30:00,93.5,93.55999999999999,93.65,93.71,-0.15000000000000568,tp
80244845,sell,4717.48,4724.48,4687.0,4687.0,tp,2026-05-14 13:30:00,30.479999999999563,30.299999999999564,30.63,30.45,-0.15000000000043556,tp
80244821,sell,4716.49,4723.49,4701.0,4701.0,tp,2026-05-14 10:40:00,15.489999999999782,15.309999999999782,15.54,15.36,-0.050000000000217426,tp
80211882,sell,4709.5,4716.5,4670.0,4670.0,tp,2026-05-14 04:00:00,39.5,40.03,39.65,40.18,-0.14999999999999858,tp
80211825,sell,4708.5,4715.5,4694.0,4694.0,tp,2026-05-13 19:25:00,14.5,14.32,14.65,14.47,-0.15000000000000036,tp
80181909,buy,4682.0,4675.0,4720.0,4676.9,time,2026-05-13 15:32:39,-5.100000000000364,-5.2800000000003635,-5.1,-5.279999999999999,-3.6415315207705135e-13,sl
80181933,buy,4681.0,4674.0,4770.0,4676.9,time,2026-05-13 15:32:39,-4.100000000000364,-4.2800000000003635,-4.1,-4.279999999999999,-3.6415315207705135e-13,sl
80181890,buy,4683.0,4676.0,4698.0,4698.0,tp,2026-05-13 15:35:00,15.0,14.82,-6.1,-6.279999999999999,21.1,sl
80165911,sell,4713.46,4720.46,4698.0,4698.0,tp,2026-05-13 09:20:00,15.460000000000036,15.280000000000037,0.78,0.6000000000000001,14.680000000000037,other
80125574,sell,4685.0,4692.0,4630.0,4689.05,time,2026-05-12 21:32:30,-4.050000000000182,-4.230000000000182,-4.05,-4.2299999999999995,-1.8207657603852567e-13,sl
80125565,sell,4684.0,4691.0,4625.0,4689.05,time,2026-05-12 21:32:30,-5.050000000000182,-5.230000000000182,-5.05,-5.2299999999999995,-1.8207657603852567e-13,sl
80125540,sell,4683.0,4690.0,4659.0,4689.05,time,2026-05-12 21:32:30,-6.050000000000182,-6.230000000000182,-6.05,-6.2299999999999995,-1.8207657603852567e-13,sl
80094932,buy,4663.0,4656.0,4800.0,4657.98,time,2026-05-12 18:21:15,-5.020000000000437,-5.200000000000436,-5.02,-5.199999999999999,-4.369837824924616e-13,sl
80094836,buy,4666.0,4659.0,4720.0,4657.98,time,2026-05-12 18:21:15,-8.020000000000437,-8.200000000000436,-8.02,-8.2,-4.369837824924616e-13,sl
80094735,buy,4669.0,4662.0,4689.0,4657.98,time,2026-05-12 18:21:15,-11.020000000000437,-11.200000000000436,-11.02,-11.2,-4.369837824924616e-13,sl
79992888,buy,4681.14,4674.14,4696.3,4674.14,sl,2026-05-12 16:20:00,-7.0,-7.18,15.16,14.98,-22.16,tp
79992862,buy,4682.0,4675.0,4753.0,4675.0,sl,2026-05-12 16:20:00,-7.0,-7.18,-5.12,-5.3,-1.88,sl
79992845,buy,4683.0,4676.0,4800.0,4676.0,sl,2026-05-12 16:20:00,-7.0,-7.18,-6.12,-6.3,-0.8799999999999999,sl
79976999,buy,4698.0,4691.0,4803.0,4693.73,time,2026-05-12 10:02:40,-4.270000000000437,-4.450000000000436,-4.27,-4.449999999999999,-4.369837824924616e-13,sl
79976928,buy,4699.29,4692.29,4755.0,4693.73,time,2026-05-12 10:02:40,-5.5600000000004,-5.7400000000004,-5.56,-5.739999999999999,-4.005684672847565e-13,sl
79976724,buy,4700.1,4693.1,4717.0,4693.73,time,2026-05-12 10:02:40,-6.3700000000008,-6.5500000000008,-6.37,-6.55,-8.002487561498128e-13,sl
79938994,buy,4652.0,4645.0,4800.0,4692.4,time,2026-05-12 10:03:42,40.399999999999636,39.649999999999636,40.4,39.65,-3.623767952376511e-13,sl
79938972,buy,4653.0,4646.0,4720.0,4720.0,tp,2026-05-11 13:10:00,67.0,66.82,67.15,66.97,-0.15000000000000568,tp
79938952,buy,4654.0,4647.0,4668.0,4668.0,tp,2026-05-11 12:35:00,14.0,13.82,14.02,13.84,-0.019999999999999574,tp
79818306,buy,4652.0,4645.0,4803.0,4648.97,time,2026-05-11 08:55:53,-3.0299999999997453,-3.2099999999997455,-3.03,-3.21,2.544631172440859e-13,sl
79818283,buy,4653.07,4646.07,4722.0,4648.97,time,2026-05-11 08:55:53,-4.099999999999454,-4.279999999999454,-4.1,-4.279999999999999,5.453415496958769e-13,sl
79818244,buy,4654.0,4647.0,4668.0,4668.0,tp,2026-05-11 08:55:00,14.0,13.82,-5.03,-5.21,19.03,sl
79836186,buy,4687.03,4680.03,4711.0,4680.97,time,2026-05-11 01:06:15,-6.059999999999491,-6.23999999999949,-6.06,-6.239999999999999,5.089262344881718e-13,sl
79836288,buy,4685.71,4678.71,,4680.97,time,2026-05-11 01:06:15,-4.739999999999782,-4.919999999999781,-4.74,-4.92,2.184918912462308e-13,sl
79836262,buy,4687.03,4680.03,4790.0,4680.97,time,2026-05-11 01:06:15,-6.059999999999491,-6.23999999999949,-6.06,-6.239999999999999,5.089262344881718e-13,sl
79850592,buy,4705.0,4698.0,,4714.81,time,2026-05-08 23:51:57,9.8100000000004,9.6300000000004,9.81,9.63,3.9968028886505635e-13,other
79850579,buy,4710.0,4703.0,4790.0,4715.45,time,2026-05-08 23:48:51,5.449999999999818,5.269999999999818,5.45,5.2700000000000005,-1.8207657603852567e-13,other
79850557,buy,4715.0,4708.0,4740.0,4715.36,time,2026-05-08 23:49:18,0.3599999999996726,0.1799999999996726,0.36,0.18,-3.2740476996195866e-13,other
79775357,buy,4698.0,4691.0,4731.0,4731.0,tp,2026-05-08 12:50:00,33.0,32.82,33.11,32.93,-0.10999999999999943,tp
79775314,buy,4698.0,4691.0,4713.0,4713.0,tp,2026-05-08 10:30:00,15.0,14.82,15.05,14.870000000000001,-0.05000000000000071,tp
79793300,buy,4716.0,4709.0,4752.0,4712.87,time,2026-05-08 10:17:35,-3.130000000000109,-3.3100000000001093,-3.13,-3.31,-1.092459456231154e-13,sl
79793237,buy,4716.0,4709.0,4737.0,4712.87,time,2026-05-08 10:17:35,-3.130000000000109,-3.3100000000001093,-3.13,-3.31,-1.092459456231154e-13,sl
79688657,buy,4684.8,4677.8,,4715.34,time,2026-05-08 04:18:50,30.539999999999964,30.359999999999964,30.54,30.36,-3.552713678800501e-14,other
79688613,buy,4689.8,4682.8,4905.0,4682.8,sl,2026-05-07 22:45:00,-7.0,-7.75,25.05,24.3,-32.05,other
79688544,buy,4694.8,4687.8,4905.0,4687.8,sl,2026-05-07 20:55:00,-7.0,-8.32,-7.85,-9.17,0.8499999999999996,sl
79679447,buy,4705.0,4698.0,4725.0,4698.0,sl,2026-05-07 19:25:00,-7.0,-7.18,-5.21,-5.39,-1.79,sl
79679467,buy,4705.0,4698.0,4830.0,4698.0,sl,2026-05-07 19:25:00,-7.0,-7.18,-5.21,-5.39,-1.79,sl
79679373,buy,4715.0,4708.0,4735.0,4708.0,sl,2026-05-07 19:15:00,-7.0,-7.18,-5.17,-5.35,-1.83,sl
79679412,buy,4715.0,4708.0,4775.0,4708.0,sl,2026-05-07 19:15:00,-7.0,-7.18,-5.17,-5.35,-1.83,sl
79638002,buy,4687.0,4680.0,4697.0,4697.0,tp,2026-05-07 03:45:00,10.0,9.82,10.05,9.870000000000001,-0.05000000000000071,tp
79638013,buy,4687.0,4680.0,4775.0,4699.79,time,2026-05-07 20:26:43,12.789999999999964,12.609999999999964,12.79,12.61,-3.552713678800501e-14,sl
79583777,buy,4670.5,4663.5,4707.0,4663.48,time,2026-05-06 15:19:00,-7.020000000000437,-7.200000000000436,-7.02,-7.199999999999999,-4.369837824924616e-13,sl
79583814,buy,4668.5,4661.5,4840.0,4663.48,time,2026-05-06 15:19:00,-5.020000000000437,-5.200000000000436,-5.02,-5.199999999999999,-4.369837824924616e-13,sl
79583739,buy,4672.5,4665.5,4691.0,4691.0,tp,2026-05-06 15:15:00,18.5,18.32,-9.02,-9.2,27.52,sl
79477773,buy,4556.0,4549.0,,4549.0,sl,2026-05-05 22:15:00,-7.0,-7.75,-5.06,-5.81,-1.9400000000000004,sl
79477753,buy,4561.0,4554.0,,4554.0,sl,2026-05-05 19:55:00,-7.0,-7.75,-10.06,-10.81,3.0600000000000005,sl
79500023,buy,4566.0,4559.0,4584.0,4559.0,sl,2026-05-05 19:05:00,-7.0,-7.75,-15.06,-15.81,8.06,sl
79477728,buy,4566.14,4559.14,4584.0,4584.1,time,2026-05-05 16:17:19,17.960000000000036,17.780000000000037,17.96,17.78,3.552713678800501e-14,tp
79378946,sell,4564.0,4571.0,,4571.0,sl,2026-05-05 14:45:00,-7.0,-7.18,-5.05,-5.2299999999999995,-1.9500000000000002,sl
79378889,sell,4559.0,4566.0,4538.0,4566.0,sl,2026-05-05 12:10:00,-7.0,-7.18,-10.05,-10.23,3.0500000000000007,sl
79378860,sell,4554.0,4561.0,4420.0,4561.0,sl,2026-05-05 11:40:00,-7.0,-7.18,-15.05,-15.23,8.05,sl
79412856,sell,4544.0,4551.0,4520.0,4551.0,sl,2026-05-05 06:00:00,-7.0,-7.18,-5.52,-5.699999999999999,-1.4800000000000004,sl
79412791,sell,4539.0,4546.0,4420.0,4546.0,sl,2026-05-05 05:30:00,-7.0,-7.18,-10.52,-10.7,3.5199999999999996,sl
79412761,sell,4534.0,4541.0,,4541.0,sl,2026-05-05 05:05:00,-7.0,-7.18,-15.52,-15.7,8.52,sl
79373623,buy,4556.0,4549.0,4582.2,4549.0,sl,2026-05-04 16:35:00,-7.0,-7.18,26.23,26.05,-33.230000000000004,tp
79373559,buy,4561.0,4554.0,,4554.0,sl,2026-05-04 16:05:00,-7.0,-7.18,-10.91,-11.09,3.91,sl
79373492,buy,4564.61,4557.61,,4557.61,sl,2026-05-04 16:05:00,-7.0,-7.18,-14.52,-14.7,7.52,sl
79352779,buy,4536.0,4529.0,,4530.69,time,2026-05-04 13:22:05,-5.3100000000004,-5.4900000000004,-5.31,-5.489999999999999,-4.005684672847565e-13,sl
79352277,buy,4539.06,4532.06,,4530.69,time,2026-05-04 13:22:05,-8.3700000000008,-8.5500000000008,-8.37,-8.549999999999999,-8.01136934569513e-13,sl
79341106,buy,4544.0,4537.0,,4538.87,time,2026-05-04 13:12:41,-5.130000000000109,-5.310000000000109,-5.13,-5.31,-1.092459456231154e-13,sl
79341083,buy,4549.0,4542.0,4574.0,4574.0,tp,2026-05-04 13:10:00,25.0,24.82,-10.13,-10.31,35.13,sl
79341043,buy,4554.0,4547.0,,4538.87,time,2026-05-04 13:12:41,-15.13000000000011,-15.310000000000109,-15.13,-15.31,-1.0835776720341528e-13,sl
79290802,buy,4576.0,4569.0,4601.0,4569.0,sl,2026-05-04 11:05:00,-7.0,-7.18,-5.27,-5.449999999999999,-1.7300000000000004,sl
79290745,buy,4581.0,4574.0,4660.0,4574.0,sl,2026-05-04 11:00:00,-7.0,-7.18,-10.27,-10.45,3.2699999999999996,sl
79290713,buy,4586.0,4579.0,4850.0,4579.0,sl,2026-05-04 09:50:00,-7.0,-7.18,-15.27,-15.45,8.27,sl
79139231,sell,4660.0,4667.0,4644.0,4644.0,tp,2026-05-01 17:20:00,16.0,15.82,10.81,10.63,5.1899999999999995,other
79139216,sell,4658.0,4665.0,,4642.67,time,2026-05-01 17:30:17,15.329999999999927,15.149999999999928,15.33,15.15,-7.283063041541027e-14,other
79139168,sell,4656.0,4663.0,4585.0,4585.0,tp,2026-05-04 06:35:00,71.0,71.05999999999999,68.6,68.65999999999998,2.4000000000000057,other
79130984,sell,4653.8,4660.8,4590.0,4659.54,time,2026-05-01 17:12:53,-5.739999999999782,-5.919999999999781,-5.74,-5.92,2.184918912462308e-13,sl
79130953,sell,4652.0,4659.0,4636.0,4659.54,time,2026-05-01 17:12:53,-7.539999999999964,-7.719999999999963,-7.54,-7.72,3.6415315207705135e-14,sl
79130914,sell,4649.63,4656.63,4610.0,4659.54,time,2026-05-01 17:12:53,-9.909999999999854,-10.089999999999854,-9.91,-10.09,1.4566126083082054e-13,sl
79186729,buy,4561.56,4554.56,,4554.56,sl,2026-05-04 10:00:00,-7.0,-7.75,-10.56,-11.31,3.5600000000000005,sl
79186716,buy,4566.0,4559.0,4582.0,4582.0,tp,2026-05-01 12:10:00,16.0,15.82,16.15,15.969999999999999,-0.14999999999999858,tp
79224117,buy,4571.21,4564.21,4572.0,4572.0,tp,2026-05-01 11:25:00,0.7899999999999636,0.6099999999999637,-0.05,-0.22999999999999998,0.8399999999999637,other
79124039,buy,4575.0,4568.0,,4568.0,sl,2026-05-01 11:15:00,-7.0,-7.18,-5.16,-5.34,-1.8399999999999999,sl
79123994,buy,4580.0,4573.0,4605.0,4573.0,sl,2026-05-01 10:55:00,-7.0,-7.18,-10.16,-10.34,3.16,sl
79123936,buy,4585.01,4578.01,4646.0,4578.01,sl,2026-05-01 10:35:00,-7.0,-7.18,-15.17,-15.35,8.17,sl
79113633,sell,4614.0,4621.0,,4621.0,sl,2026-04-30 11:05:00,-7.0,-7.18,-5.35,-5.529999999999999,-1.6500000000000004,sl
79113579,sell,4612.0,4619.0,4596.0,4619.0,sl,2026-04-30 11:05:00,-7.0,-7.18,-7.35,-7.529999999999999,0.34999999999999964,sl
79113544,sell,4610.0,4617.0,4580.0,4617.0,sl,2026-04-30 11:05:00,-7.0,-7.18,-9.35,-9.53,2.3499999999999996,sl
79091690,sell,4585.7,4592.7,,4592.7,sl,2026-04-30 10:00:00,-7.0,-7.18,-5.02,-5.199999999999999,-1.9800000000000004,sl
79091659,sell,4583.7,4590.7,4567.0,4590.7,sl,2026-04-30 09:55:00,-7.0,-7.18,-7.02,-7.199999999999999,0.019999999999999574,sl
79091614,sell,4581.7,4588.7,4520.0,4588.7,sl,2026-04-30 09:55:00,-7.0,-7.18,-9.02,-9.2,2.0199999999999996,sl
79050488,sell,4577.7,4584.7,4540.0,4584.7,sl,2026-04-30 06:55:00,-7.0,-7.18,-5.0,-5.18,-2.0,sl
79050445,sell,4576.62,4583.62,4561.0,4561.0,tp,2026-04-30 04:30:00,15.61999999999989,15.439999999999891,15.63,15.450000000000001,-0.010000000000109921,tp
79050398,sell,4575.7,4582.7,4460.0,4582.7,sl,2026-04-30 06:50:00,-7.0,-7.18,-7.0,-7.18,0.0,sl
79050268,buy,4536.0,4529.0,,4530.98,time,2026-04-29 21:10:20,-5.020000000000437,-5.200000000000436,-5.02,-5.199999999999999,-4.369837824924616e-13,sl
79050256,buy,4538.0,4531.0,4554.0,4530.98,time,2026-04-29 21:10:20,-7.020000000000437,-7.200000000000436,-7.02,-7.199999999999999,-4.369837824924616e-13,sl
79050235,buy,4540.0,4533.0,4610.0,4530.98,time,2026-04-29 21:10:20,-9.020000000000437,-9.200000000000436,-9.02,-9.2,-4.369837824924616e-13,sl
79043849,sell,4560.5,4567.5,4400.0,4546.67,time,2026-04-29 20:59:19,13.829999999999927,13.649999999999928,13.83,13.65,-7.283063041541027e-14,other
79043761,sell,4558.5,4565.5,4543.0,4543.0,tp,2026-04-29 18:50:00,15.5,15.32,15.5,15.32,0.0,tp
79043448,sell,4556.49,4563.49,4460.0,4563.49,sl,2026-04-30 00:00:00,-7.0,-6.47,-8.6,-8.07,1.6000000000000005,sl
79031835,sell,4542.0,4549.0,4528.0,4549.0,sl,2026-04-29 18:00:00,-7.0,-7.18,-7.01,-7.1899999999999995,0.009999999999999787,sl
79035192,sell,4533.59,4540.59,4460.0,4540.59,sl,2026-04-29 17:30:00,-7.0,-7.18,-15.42,-15.6,8.42,sl
79031745,sell,4530.0,4537.0,4460.0,4537.0,sl,2026-04-29 17:20:00,-7.0,-7.18,-7.01,-7.1899999999999995,0.009999999999999787,sl
78852776,buy,4538.0,4531.0,4712.0,4533.74,time,2026-04-29 16:30:20,-4.260000000000218,-4.440000000000218,-4.26,-4.4399999999999995,-2.184918912462308e-13,sl
78852748,buy,4540.0,4533.0,4554.0,4554.0,tp,2026-04-29 16:25:00,14.0,13.82,-6.26,-6.4399999999999995,20.259999999999998,sl
78852720,buy,4542.19,4535.19,4612.0,4533.74,time,2026-04-29 16:30:20,-8.449999999999818,-8.629999999999818,-8.45,-8.629999999999999,1.8118839761882555e-13,sl
78883023,sell,4608.0,4615.0,4593.0,4593.0,tp,2026-04-29 03:40:00,15.0,14.82,15.1,14.92,-0.09999999999999964,tp
78882944,sell,4606.0,4613.0,4574.0,4574.0,tp,2026-04-29 07:25:00,32.0,31.82,32.0,31.82,0.0,tp
78882865,sell,4604.0,4611.0,4400.0,4611.0,sl,2026-04-30 08:00:00,-7.0,-6.47,21.3,21.830000000000002,-28.3,sl
78874218,sell,4591.0,4598.0,,4596.03,time,2026-04-28 15:48:30,-5.029999999999745,-5.209999999999745,-5.03,-5.21,2.5490720645393594e-13,sl
78874136,sell,4589.0,4596.0,,4596.03,time,2026-04-28 15:48:30,-7.029999999999745,-7.209999999999745,-7.03,-7.21,2.5490720645393594e-13,sl
78874050,sell,4586.67,4593.67,,4596.03,time,2026-04-28 15:48:30,-9.359999999999673,-9.539999999999672,-9.36,-9.54,3.268496584496461e-13,sl
78666478,buy,4623.8,4616.8,4710.0,4616.8,sl,2026-04-28 09:25:00,-7.0,-7.18,-4.06,-4.239999999999999,-2.9400000000000004,sl
78666464,buy,4625.83,4618.83,4640.0,4640.03,time,2026-04-28 09:07:29,14.199999999999818,14.019999999999818,14.2,14.02,-1.8118839761882555e-13,tp
78666431,buy,4627.8,4620.8,4690.0,4620.8,sl,2026-04-28 09:20:00,-7.0,-7.18,-8.06,-8.24,1.0600000000000005,sl
78780411,sell,4694.99,4701.99,4630.0,4699.2,time,2026-04-28 03:07:47,-4.210000000000036,-4.390000000000036,-4.21,-4.39,-3.6415315207705135e-14,sl
78780449,sell,4693.0,4700.0,4679.0,4679.0,tp,2026-04-28 02:40:00,14.0,13.82,-6.2,-6.38,20.2,sl
78780458,sell,4691.09,4698.09,4650.0,4699.2,time,2026-04-28 03:07:47,-8.109999999999673,-8.289999999999672,-8.11,-8.29,3.268496584496461e-13,sl
78666407,sell,4729.4,4736.4,4647.0,4715.21,time,2026-04-27 10:40:59,14.1899999999996,14.0099999999996,14.19,14.01,-3.9968028886505635e-13,other
78596708,sell,4728.28,4735.28,,4732.31,time,2026-04-24 17:11:42,-4.030000000000655,-4.2100000000006546,-4.03,-4.21,-6.545874953189923e-13,sl
78596626,sell,4726.3,4733.3,4712.0,4732.31,time,2026-04-24 17:11:42,-6.010000000000218,-6.190000000000218,-6.01,-6.1899999999999995,-2.184918912462308e-13,sl
78596407,sell,4724.3,4731.3,,4732.31,time,2026-04-24 17:11:42,-8.010000000000218,-8.190000000000218,-8.01,-8.19,-2.184918912462308e-13,sl
78471422,sell,4742.5,4749.5,4728.5,4728.5,tp,2026-04-23 15:45:00,14.0,13.82,14.05,13.870000000000001,-0.05000000000000071,tp
78471395,sell,4740.5,4747.5,4700.0,4700.0,tp,2026-04-23 17:35:00,40.5,40.32,34.28,34.1,6.219999999999999,other
78471370,sell,4738.39,4745.39,4630.0,4708.73,time,2026-04-24 23:50:35,29.660000000000764,29.720000000000763,29.66,29.72,7.638334409421077e-13,other
78471356,sell,4732.43,4739.43,,4736.64,time,2026-04-23 15:06:33,-4.210000000000036,-4.390000000000036,-4.21,-4.39,-3.6415315207705135e-14,sl
78471312,sell,4730.5,4737.5,,4736.64,time,2026-04-23 15:06:33,-6.140000000000327,-6.320000000000327,-6.14,-6.319999999999999,-3.277378368693462e-13,sl
78471292,sell,4728.5,4735.5,,4736.64,time,2026-04-23 15:06:33,-8.140000000000327,-8.320000000000327,-8.14,-8.32,-3.268496584496461e-13,sl
78382736,sell,4752.0,4759.0,4738.0,4738.0,tp,2026-04-23 03:55:00,14.0,13.82,14.05,13.870000000000001,-0.05000000000000071,tp
78382746,sell,4750.0,4757.0,,4709.03,time,2026-04-23 05:13:58,40.970000000000255,40.790000000000255,40.97,40.79,2.5579538487363607e-13,other
78291044,buy,4697.0,4690.0,,4736.78,time,2026-04-23 04:15:33,39.779999999999745,39.599999999999746,39.78,39.6,-2.5579538487363607e-13,other
78291024,buy,4699.0,4692.0,4713.0,4713.0,time,2026-04-23 03:18:25,14.0,13.82,14.0,13.82,0.0,tp
78291013,buy,4701.14,4694.14,4790.0,4694.14,sl,2026-04-23 05:30:00,-7.0,-7.18,-8.15,-8.33,1.1500000000000004,sl
78244488,buy,4673.0,4666.0,,4668.87,time,2026-04-21 22:44:28,-4.130000000000109,-4.310000000000109,-4.13,-4.31,-1.092459456231154e-13,sl
78244465,buy,4675.0,4668.0,4870.0,4668.87,time,2026-04-21 22:44:28,-6.130000000000109,-6.310000000000109,-6.13,-6.31,-1.092459456231154e-13,sl
78244410,buy,4677.72,4670.72,4776.0,4668.87,time,2026-04-21 22:44:28,-8.850000000000364,-9.030000000000364,-8.85,-9.03,-3.6415315207705135e-13,sl
78084971,buy,4769.74,4762.74,4802.0,4762.74,sl,2026-04-21 15:35:00,-7.0,-7.18,-7.76,-7.9399999999999995,0.7599999999999998,sl
78084939,buy,4776.26,4769.26,4908.0,4769.26,sl,2026-04-21 12:30:00,-7.0,-7.18,-14.28,-14.459999999999999,7.279999999999999,sl
78084749,buy,4783.26,4776.26,4871.0,4776.26,sl,2026-04-21 11:05:00,-7.0,-7.18,-21.28,-21.46,14.280000000000001,sl
77954482,buy,4845.05,4838.05,,4841.84,time,2026-04-17 23:36:26,-3.2100000000000364,-3.3900000000000365,-3.21,-3.39,-3.6415315207705135e-14,sl
77954454,buy,4845.05,4838.05,4854.0,4841.84,time,2026-04-17 23:36:26,-3.2100000000000364,-3.3900000000000365,-3.21,-3.39,-3.6415315207705135e-14,sl
77654618,buy,4855.0,4848.0,4864.0,4848.0,sl,2026-04-17 20:25:00,-7.0,-7.18,9.05,8.870000000000001,-16.05,tp
77954382,buy,4855.0,4848.0,,4848.0,sl,2026-04-17 20:25:00,-7.0,-7.18,-3.19,-3.37,-3.8099999999999996,sl
77838392,buy,4770.0,4763.0,4790.0,4790.0,tp,2026-04-17 04:15:00,20.0,19.82,20.1,19.92,-0.10000000000000142,tp
77838405,buy,4770.0,4763.0,4870.0,4776.39,time,2026-04-17 04:26:29,6.390000000000327,6.210000000000328,6.39,6.21,3.277378368693462e-13,other
77838454,buy,4770.0,4763.0,4920.0,4775.54,time,2026-04-17 04:25:20,5.539999999999964,5.359999999999964,5.54,5.36,-3.6415315207705135e-14,other
77838503,buy,4775.0,4768.0,4920.0,4775.46,time,2026-04-17 04:25:11,0.4600000000000364,0.2800000000000364,0.46,0.28,3.6359804056473877e-14,other
77838489,buy,4775.0,4768.0,4870.0,4776.16,time,2026-04-17 04:26:04,1.1599999999998545,0.9799999999998545,1.16,0.98,-1.454392162258955e-13,other
77838467,buy,4775.0,4768.0,4870.0,4870.0,tp,2026-04-17 13:10:00,95.0,94.82,95.15,94.97,-0.15000000000000568,tp
77587972,buy,4781.0,4774.0,4813.0,4776.09,time,2026-04-16 17:40:50,-4.9099999999998545,-5.089999999999854,-4.91,-5.09,1.4566126083082054e-13,sl
77587977,buy,4781.0,4774.0,4880.0,4776.09,time,2026-04-16 17:40:50,-4.9099999999998545,-5.089999999999854,-4.91,-5.09,1.4566126083082054e-13,sl
77587968,buy,4781.0,4774.0,4791.0,4776.09,time,2026-04-16 17:40:50,-4.9099999999998545,-5.089999999999854,-4.91,-5.09,1.4566126083082054e-13,sl
77790083,buy,4790.0,4783.0,4800.0,4786.69,time,2026-04-16 16:55:24,-3.3100000000004,-3.4900000000004003,-3.31,-3.49,-4.001243780749064e-13,sl
77790124,buy,4790.0,4783.0,4822.0,4786.69,time,2026-04-16 16:55:24,-3.3100000000004,-3.4900000000004003,-3.31,-3.49,-4.001243780749064e-13,sl
77790131,buy,4790.0,4783.0,4880.0,4786.69,time,2026-04-16 16:55:24,-3.3100000000004,-3.4900000000004003,-3.31,-3.49,-4.001243780749064e-13,sl
77761433,buy,4811.0,4804.0,4821.0,4807.59,time,2026-04-16 11:05:04,-3.4099999999998545,-3.5899999999998546,-3.41,-3.5900000000000003,1.4566126083082054e-13,sl
77761465,buy,4811.0,4804.0,4831.0,4807.59,time,2026-04-16 11:05:04,-3.4099999999998545,-3.5899999999998546,-3.41,-3.5900000000000003,1.4566126083082054e-13,sl
77761490,buy,4811.0,4804.0,4880.0,4807.59,time,2026-04-16 11:05:04,-3.4099999999998545,-3.5899999999998546,-3.41,-3.5900000000000003,1.4566126083082054e-13,sl
77654348,buy,4789.5,4782.5,4800.0,4800.0,time,2026-04-15 18:36:10,10.5,10.32,10.5,10.32,0.0,tp
77654439,buy,4789.5,4782.5,4910.0,4782.5,sl,2026-04-16 14:40:00,-7.0,-8.629999999999999,-3.11,-4.74,-3.889999999999999,sl
77684041,buy,4803.62,4796.62,4835.0,4796.62,sl,2026-04-15 18:10:00,-7.0,-7.18,-3.33,-3.5100000000000002,-3.6699999999999995,sl
77683996,buy,4803.62,4796.62,4814.0,4796.62,sl,2026-04-15 18:10:00,-7.0,-7.18,-3.33,-3.5100000000000002,-3.6699999999999995,sl
77684068,buy,4803.62,4796.62,4895.0,4796.62,sl,2026-04-15 18:10:00,-7.0,-7.18,-3.33,-3.5100000000000002,-3.6699999999999995,sl
77638680,buy,4799.11,4792.11,4809.0,4809.0,tp,2026-04-15 12:15:00,9.890000000000327,9.710000000000328,-3.24,-3.4200000000000004,13.130000000000328,sl
77638710,buy,4799.11,4792.11,4910.0,4795.87,time,2026-04-15 12:11:36,-3.2399999999997817,-3.419999999999782,-3.24,-3.4200000000000004,2.184918912462308e-13,sl
77506113,buy,4760.0,4753.0,4815.0,4753.8,time,2026-04-14 13:39:02,-6.199999999999818,-6.379999999999818,-6.2,-6.38,1.8207657603852567e-13,sl
77506065,buy,4760.0,4753.0,4770.0,4770.0,tp,2026-04-14 13:40:00,10.0,9.82,-6.2,-6.38,16.2,sl
77258643,sell,4777.0,4784.0,4746.0,4780.1,time,2026-04-10 15:33:55,-3.100000000000364,-3.280000000000364,-3.1,-3.2800000000000002,-3.637090628672013e-13,sl
77258657,sell,4777.0,4784.0,,4780.1,time,2026-04-10 15:33:55,-3.100000000000364,-3.280000000000364,-3.1,-3.2800000000000002,-3.637090628672013e-13,sl
77258627,sell,4777.0,4784.0,4767.0,4767.0,tp,2026-04-10 15:35:00,10.0,9.82,-3.1,-3.2800000000000002,13.100000000000001,sl
77191681,buy,4741.19,4734.19,4752.0,4752.0,tp,2026-04-10 05:35:00,10.8100000000004,10.6300000000004,10.85,10.67,-0.03999999999959947,tp
77191618,buy,4741.19,4734.19,4803.0,4734.19,sl,2026-04-10 08:45:00,-7.0,-7.18,-6.32,-6.5,-0.6799999999999997,sl
77191651,buy,4741.19,4734.19,5050.0,4734.19,sl,2026-04-10 08:45:00,-7.0,-7.18,-6.32,-6.5,-0.6799999999999997,sl
77207234,buy,4762.0,4755.0,4823.0,4755.0,sl,2026-04-10 00:00:00,-7.0,-7.66,-3.18,-3.8400000000000003,-3.82,sl
77207221,buy,4762.0,4755.0,4793.0,4755.0,sl,2026-04-10 00:00:00,-7.0,-7.66,-3.18,-3.8400000000000003,-3.82,sl
77207201,buy,4762.0,4755.0,4772.0,4755.0,sl,2026-04-10 00:00:00,-7.0,-7.66,10.44,9.78,-17.439999999999998,tp
77174589,sell,4756.96,4763.96,4728.0,4763.96,sl,2026-04-09 14:50:00,-7.0,-7.18,-3.17,-3.35,-3.8299999999999996,sl
77174670,sell,4756.96,4763.96,4685.0,4763.96,sl,2026-04-09 14:50:00,-7.0,-7.18,-3.17,-3.35,-3.8299999999999996,sl
77174548,sell,4756.96,4763.96,4747.0,4763.96,sl,2026-04-09 14:50:00,-7.0,-7.18,9.99,9.81,-16.990000000000002,tp
77108374,sell,4745.93,4752.93,4681.0,4752.93,sl,2026-04-09 13:55:00,-7.0,-7.18,-3.12,-3.3000000000000003,-3.8799999999999994,sl
77108351,sell,4745.93,4752.93,4736.0,4752.93,sl,2026-04-09 13:55:00,-7.0,-7.18,-3.12,-3.3000000000000003,-3.8799999999999994,sl
77108338,sell,4737.0,4744.0,4681.0,4744.0,sl,2026-04-09 13:25:00,-7.0,-7.18,-3.16,-3.3400000000000003,-3.8399999999999994,sl
77108332,sell,4737.0,4744.0,4727.0,4744.0,sl,2026-04-09 13:25:00,-7.0,-7.18,-3.16,-3.3400000000000003,-3.8399999999999994,sl
77088862,buy,4723.0,4716.0,,4719.5,time,2026-04-08 21:18:48,-3.5,-3.68,-3.5,-3.68,0.0,sl
77088842,buy,4723.0,4716.0,4733.0,4719.5,time,2026-04-08 21:18:48,-3.5,-3.68,-3.5,-3.68,0.0,sl
77088854,buy,4723.0,4716.0,4755.0,4719.5,time,2026-04-08 21:18:48,-3.5,-3.68,-3.5,-3.68,0.0,sl
77064537,buy,4741.5,4734.5,4752.0,4734.5,sl,2026-04-08 18:00:00,-7.0,-7.18,-3.61,-3.79,-3.3899999999999997,sl
77064550,buy,4741.5,4734.5,4773.0,4734.5,sl,2026-04-08 18:00:00,-7.0,-7.18,-3.61,-3.79,-3.3899999999999997,sl
77064608,buy,4741.5,4734.5,4840.0,4734.5,sl,2026-04-08 18:00:00,-7.0,-7.18,-3.61,-3.79,-3.3899999999999997,sl
77024976,buy,4777.38,4770.38,4849.0,4773.94,time,2026-04-08 13:16:22,-3.4400000000005093,-3.6200000000005095,-3.44,-3.62,-5.093703236980218e-13,sl
77024921,buy,4777.38,4770.38,4787.0,4787.0,tp,2026-04-08 12:45:00,9.61999999999989,9.439999999999891,9.62,9.44,-1.0835776720341528e-13,tp
77024959,buy,4777.38,4770.38,4809.0,4773.94,time,2026-04-08 13:16:22,-3.4400000000005093,-3.6200000000005095,-3.44,-3.62,-5.093703236980218e-13,sl
76972851,sell,4778.0,4785.0,,4785.0,sl,2026-04-08 01:40:00,-7.0,-7.18,-3.06,-3.24,-3.9399999999999995,sl
76972839,sell,4778.0,4785.0,4768.0,4785.0,sl,2026-04-08 01:40:00,-7.0,-7.18,10.0,9.82,-17.0,tp
76972847,sell,4778.0,4785.0,4746.0,4785.0,sl,2026-04-08 01:40:00,-7.0,-7.18,-3.06,-3.24,-3.9399999999999995,sl
76817831,sell,4698.0,4705.0,4666.0,4705.0,sl,2026-04-07 22:25:00,-7.0,-7.18,-3.0,-3.18,-3.9999999999999996,sl
76817821,sell,4698.0,4705.0,4688.0,4705.0,sl,2026-04-07 22:25:00,-7.0,-7.18,-3.0,-3.18,-3.9999999999999996,sl
76817841,sell,4698.0,4705.0,4590.0,4705.0,sl,2026-04-07 22:25:00,-7.0,-7.18,-3.0,-3.18,-3.9999999999999996,sl
76895764,sell,4670.1,4677.1,4638.0,4673.18,time,2026-04-07 11:20:55,-3.0799999999999272,-3.2599999999999274,-3.08,-3.2600000000000002,7.283063041541027e-14,sl
76895717,sell,4670.1,4677.1,4660.0,4660.0,tp,2026-04-07 11:25:00,10.100000000000364,9.920000000000364,-3.08,-3.2600000000000002,13.180000000000364,sl
76895783,sell,4670.1,4677.1,4590.0,4673.18,time,2026-04-07 11:20:55,-3.0799999999999272,-3.2599999999999274,-3.08,-3.2600000000000002,7.283063041541027e-14,sl
76802857,buy,4660.21,4653.21,4692.0,4653.21,sl,2026-04-06 15:35:00,-7.0,-7.18,31.94,31.76,-38.94,tp
76802826,buy,4660.21,4653.21,4671.0,4653.21,sl,2026-04-06 15:35:00,-7.0,-7.18,10.79,10.61,-17.79,tp
76802875,buy,4660.21,4653.21,,4653.21,sl,2026-04-06 15:35:00,-7.0,-7.18,-0.08,-0.26,-6.92,sl
76700860,sell,4658.5,4665.5,4648.0,4665.5,sl,2026-04-02 17:15:00,-7.0,-7.18,10.5,10.32,-17.5,tp
76700891,sell,4658.5,4665.5,4627.0,4665.5,sl,2026-04-02 17:15:00,-7.0,-7.18,-3.09,-3.27,-3.9099999999999997,sl
76701014,sell,4658.5,4665.5,4568.0,4665.5,sl,2026-04-02 17:15:00,-7.0,-7.18,-3.09,-3.27,-3.9099999999999997,sl
76700697,sell,4639.5,4646.5,4608.0,4646.5,sl,2026-04-02 16:55:00,-7.0,-7.18,-3.38,-3.56,-3.6199999999999997,sl
76700648,sell,4639.5,4646.5,4629.0,4646.5,sl,2026-04-02 16:55:00,-7.0,-7.18,-3.38,-3.56,-3.6199999999999997,sl
76700764,sell,4639.5,4646.5,4568.0,4646.5,sl,2026-04-02 16:55:00,-7.0,-7.18,-3.38,-3.56,-3.6199999999999997,sl
76665038,sell,4619.6,4626.6,4408.0,4626.6,sl,2026-04-02 10:15:00,-7.0,-7.18,-3.36,-3.54,-3.6399999999999997,sl
76664979,sell,4619.6,4626.6,4588.0,4626.6,sl,2026-04-02 10:15:00,-7.0,-7.18,-3.36,-3.54,-3.6399999999999997,sl
76664961,sell,4619.6,4626.6,4609.0,4626.6,sl,2026-04-02 10:15:00,-7.0,-7.18,-3.36,-3.54,-3.6399999999999997,sl
76611190,buy,4727.0,4720.0,,4720.0,sl,2026-04-02 04:10:00,-7.0,-7.18,-0.05,-0.22999999999999998,-6.949999999999999,sl
76611184,buy,4727.0,4720.0,4759.0,4720.0,sl,2026-04-02 04:10:00,-7.0,-7.18,32.0,31.82,-39.0,tp
76611177,buy,4727.0,4720.0,4737.0,4720.0,sl,2026-04-02 04:10:00,-7.0,-7.18,10.0,9.82,-17.0,tp
76441172,sell,4613.5,4620.5,4581.0,4620.5,sl,2026-03-31 17:05:00,-7.0,-7.18,-3.19,-3.37,-3.8099999999999996,sl
76441148,sell,4613.5,4620.5,4603.0,4620.5,sl,2026-03-31 17:05:00,-7.0,-7.18,-3.19,-3.37,-3.8099999999999996,sl
76441182,sell,4613.5,4620.5,4561.0,4620.5,sl,2026-03-31 17:05:00,-7.0,-7.18,-3.19,-3.37,-3.8099999999999996,sl
76435616,buy,4549.08,4542.08,4559.0,4559.0,tp,2026-03-31 10:20:00,9.920000000000073,9.740000000000073,-4.06,-4.239999999999999,13.980000000000071,sl
76435639,buy,4549.08,4542.08,4581.0,4545.02,time,2026-03-31 10:19:28,-4.059999999999491,-4.23999999999949,-4.06,-4.239999999999999,5.089262344881718e-13,sl
76435647,buy,4549.08,4542.08,4621.0,4545.02,time,2026-03-31 10:19:28,-4.059999999999491,-4.23999999999949,-4.06,-4.239999999999999,5.089262344881718e-13,sl
76397888,sell,4558.0,4565.0,4526.0,4565.0,sl,2026-03-31 04:20:00,-7.0,-7.18,-3.39,-3.5700000000000003,-3.6099999999999994,sl
76397879,sell,4558.0,4565.0,4548.0,4565.0,sl,2026-03-31 04:20:00,-7.0,-7.18,-3.39,-3.5700000000000003,-3.6099999999999994,sl
76397898,sell,4558.0,4565.0,4486.0,4565.0,sl,2026-03-31 04:20:00,-7.0,-7.18,-3.39,-3.5700000000000003,-3.6099999999999994,sl
76366956,buy,4518.5,4511.5,4551.0,4515.38,time,2026-03-30 17:21:31,-3.119999999999891,-3.299999999999891,-3.12,-3.3000000000000003,1.092459456231154e-13,sl
76367001,buy,4518.5,4511.5,4590.0,4515.38,time,2026-03-30 17:21:31,-3.119999999999891,-3.299999999999891,-3.12,-3.3000000000000003,1.092459456231154e-13,sl
76366924,buy,4518.5,4511.5,4528.5,4528.5,tp,2026-03-30 17:00:00,10.0,9.82,10.0,9.82,0.0,tp
76287676,sell,4570.87,4577.87,4539.0,4539.0,tp,2026-03-30 14:50:00,31.86999999999989,31.68999999999989,-3.65,-3.83,35.51999999999989,sl
76287706,sell,4570.87,4577.87,,4574.52,time,2026-03-30 14:50:33,-3.6500000000005457,-3.830000000000546,-3.65,-3.83,-5.45785638905727e-13,sl
76287660,sell,4570.87,4577.87,4561.0,4561.0,tp,2026-03-30 14:50:00,9.86999999999989,9.689999999999891,-3.65,-3.83,13.519999999999891,sl
76287443,buy,4462.0,4455.0,4472.0,4458.81,time,2026-03-30 02:32:17,-3.1899999999996,-3.3699999999996,-3.19,-3.37,4.001243780749064e-13,sl
76287475,buy,4462.0,4455.0,4494.0,4458.81,time,2026-03-30 02:32:17,-3.1899999999996,-3.3699999999996,-3.19,-3.37,4.001243780749064e-13,sl
76287530,buy,4462.0,4455.0,4560.0,4458.81,time,2026-03-30 02:32:17,-3.1899999999996,-3.3699999999996,-3.19,-3.37,4.001243780749064e-13,sl
76236139,sell,4451.7,4458.7,4391.0,4458.7,sl,2026-03-27 17:05:00,-7.0,-7.18,-3.7,-3.8800000000000003,-3.2999999999999994,sl
76236110,sell,4451.7,4458.7,4419.0,4458.7,sl,2026-03-27 17:05:00,-7.0,-7.18,-3.7,-3.8800000000000003,-3.2999999999999994,sl
76236236,sell,4451.7,4458.7,4234.0,4458.7,sl,2026-03-27 17:05:00,-7.0,-7.18,-3.7,-3.8800000000000003,-3.2999999999999994,sl
76208401,buy,4428.6,4421.6,4488.0,4421.6,sl,2026-03-27 11:55:00,-7.0,-7.18,-3.04,-3.22,-3.9599999999999995,sl
76208370,buy,4428.6,4421.6,4461.0,4421.6,sl,2026-03-27 11:55:00,-7.0,-7.18,-3.04,-3.22,-3.9599999999999995,sl
76208457,buy,4428.6,4421.6,,4421.6,sl,2026-03-27 11:55:00,-7.0,-7.18,-3.04,-3.22,-3.9599999999999995,sl
76191384,sell,4444.0,4451.0,,4451.0,sl,2026-03-27 06:40:00,-7.0,-7.18,-3.01,-3.19,-3.9899999999999998,sl
76191377,sell,4444.0,4451.0,4384.0,4451.0,sl,2026-03-27 06:40:00,-7.0,-7.18,-3.01,-3.19,-3.9899999999999998,sl
76191370,sell,4444.0,4451.0,4411.0,4451.0,sl,2026-03-27 06:40:00,-7.0,-7.18,-3.01,-3.19,-3.9899999999999998,sl
76115094,buy,4385.0,4378.0,4500.0,4381.4,time,2026-03-26 19:32:09,-3.600000000000364,-3.780000000000364,-3.6,-3.7800000000000002,-3.637090628672013e-13,sl
76115077,buy,4385.0,4378.0,4395.0,4381.4,time,2026-03-26 19:32:09,-3.600000000000364,-3.780000000000364,-3.6,-3.7800000000000002,-3.637090628672013e-13,sl
76115128,buy,4385.0,4378.0,4700.0,4381.4,time,2026-03-26 19:32:09,-3.600000000000364,-3.780000000000364,-3.6,-3.7800000000000002,-3.637090628672013e-13,sl
76156390,buy,4407.0,4400.0,4439.0,4400.0,sl,2026-03-26 19:25:00,-7.0,-7.18,-5.4,-5.58,-1.5999999999999996,sl
76156370,buy,4407.0,4400.0,4417.0,4400.0,sl,2026-03-26 19:25:00,-7.0,-7.18,-5.4,-5.58,-1.5999999999999996,sl
76156411,buy,4407.0,4400.0,,4400.0,sl,2026-03-26 19:25:00,-7.0,-7.18,-5.4,-5.58,-1.5999999999999996,sl
76099717,buy,4430.75,4423.75,4500.0,4426.95,time,2026-03-26 11:29:45,-3.800000000000182,-3.980000000000182,-3.8,-3.98,-1.8207657603852567e-13,sl
76099705,buy,4430.75,4423.75,4440.0,4440.0,tp,2026-03-26 11:30:00,9.25,9.07,9.25,9.07,0.0,tp
76099740,buy,4430.75,4423.75,4700.0,4426.95,time,2026-03-26 11:29:45,-3.800000000000182,-3.980000000000182,-3.8,-3.98,-1.8207657603852567e-13,sl
76071692,buy,4476.82,4469.82,4700.0,4469.82,sl,2026-03-26 08:50:00,-7.0,-7.18,-3.53,-3.71,-3.4699999999999998,sl
76071626,buy,4476.82,4469.82,4509.0,4469.82,sl,2026-03-26 08:50:00,-7.0,-7.18,-3.53,-3.71,-3.4699999999999998,sl
76071595,buy,4476.82,4469.82,4487.0,4469.82,sl,2026-03-26 08:50:00,-7.0,-7.18,-3.53,-3.71,-3.4699999999999998,sl
76009324,buy,4494.61,4487.61,4694.0,4491.43,time,2026-03-25 22:11:51,-3.1799999999993815,-3.3599999999993817,-3.18,-3.3600000000000003,6.186162693211372e-13,sl
76009256,buy,4494.61,4487.61,4505.0,4505.0,tp,2026-03-25 22:15:00,10.390000000000327,10.210000000000328,-3.18,-3.3600000000000003,13.570000000000327,sl
76009302,buy,4494.61,4487.61,4527.0,4491.43,time,2026-03-25 22:11:51,-3.1799999999993815,-3.3599999999993817,-3.18,-3.3600000000000003,6.186162693211372e-13,sl
76024481,buy,4518.7,4511.7,4529.0,4511.7,sl,2026-03-25 22:10:00,-7.0,-7.18,-3.79,-3.97,-3.2099999999999995,sl
76024655,buy,4518.7,4511.7,4700.0,4511.7,sl,2026-03-25 22:10:00,-7.0,-7.18,-3.79,-3.97,-3.2099999999999995,sl
76024530,buy,4518.7,4511.7,4551.0,4511.7,sl,2026-03-25 22:10:00,-7.0,-7.18,-3.79,-3.97,-3.2099999999999995,sl
75935080,sell,4421.64,4428.64,4406.7,4406.7,tp,2026-03-24 18:40:00,14.94000000000051,14.76000000000051,-3.22,-3.4000000000000004,18.160000000000508,sl
75916756,sell,4409.75,4416.75,4400.0,4400.0,tp,2026-03-24 17:30:00,9.75,9.57,-3.3,-3.48,13.05,sl
75916811,sell,4409.75,4416.75,4120.0,4413.05,time,2026-03-24 17:26:42,-3.300000000000182,-3.480000000000182,-3.3,-3.48,-1.8207657603852567e-13,sl
75916783,sell,4409.75,4416.75,4353.0,4413.05,time,2026-03-24 17:26:42,-3.300000000000182,-3.480000000000182,-3.3,-3.48,-1.8207657603852567e-13,sl
75836089,sell,4381.0,4388.0,4371.0,4388.0,sl,2026-03-24 09:25:00,-7.0,-7.18,-3.07,-3.25,-3.9299999999999997,sl
75836180,sell,4381.0,4388.0,3957.0,4388.0,sl,2026-03-24 09:25:00,-7.0,-7.18,-3.07,-3.25,-3.9299999999999997,sl
75836146,sell,4381.0,4388.0,4349.0,4388.0,sl,2026-03-24 09:25:00,-7.0,-7.18,-3.07,-3.25,-3.9299999999999997,sl
75861006,sell,4364.5,4371.5,4349.0,4371.5,sl,2026-03-24 08:45:00,-7.0,-7.18,-3.79,-3.97,-3.2099999999999995,sl
75861029,sell,4364.5,4371.5,,4371.5,sl,2026-03-24 08:45:00,-7.0,-7.18,-3.79,-3.97,-3.2099999999999995,sl
75842898,sell,4364.0,4371.0,4332.0,4332.0,tp,2026-03-24 05:35:00,32.0,31.82,-3.06,-3.24,35.06,sl
75842954,sell,4364.0,4371.0,,4367.06,time,2026-03-24 05:33:18,-3.0600000000004,-3.2400000000004003,-3.06,-3.24,-4.001243780749064e-13,sl
75759660,sell,4477.3,4484.3,3967.0,4480.32,time,2026-03-23 15:52:41,-3.019999999999527,-3.1999999999995272,-3.02,-3.2,4.729550084903167e-13,sl
75759516,sell,4477.3,4484.3,4269.0,4480.32,time,2026-03-23 15:52:41,-3.019999999999527,-3.1999999999995272,-3.02,-3.2,4.729550084903167e-13,sl
75759470,sell,4477.3,4484.3,4445.0,4445.0,tp,2026-03-23 15:55:00,32.30000000000018,32.12000000000018,-3.02,-3.2,35.320000000000185,sl
75653790,sell,4289.95,4296.95,,4296.95,sl,2026-03-23 12:20:00,-7.0,-7.18,-4.13,-4.31,-2.87,sl
75653759,sell,4289.95,4296.95,4258.0,4296.95,sl,2026-03-23 12:20:00,-7.0,-7.18,-4.13,-4.31,-2.87,sl
75653579,sell,4289.95,4296.95,4280.0,4296.95,sl,2026-03-23 12:20:00,-7.0,-7.18,-4.13,-4.31,-2.87,sl
75633861,sell,4452.3,4459.3,4420.0,4420.0,tp,2026-03-23 04:35:00,32.30000000000018,32.12000000000018,32.35,32.17,-0.04999999999981952,tp
75633845,sell,4452.3,4459.3,4442.0,4442.0,tp,2026-03-23 04:35:00,10.300000000000182,10.120000000000182,10.3,10.120000000000001,1.8118839761882555e-13,tp
75633884,sell,4452.3,4459.3,4348.0,4348.0,tp,2026-03-23 05:30:00,104.30000000000018,104.12000000000018,103.04,102.86,1.2600000000001756,other
75505610,sell,4708.37,4715.37,4577.0,4711.4,time,2026-03-20 11:10:45,-3.0299999999997453,-3.2099999999997455,-3.03,-3.21,2.544631172440859e-13,sl
75505588,sell,4708.37,4715.37,4677.0,4677.0,tp,2026-03-20 11:10:00,31.36999999999989,31.18999999999989,-3.03,-3.21,34.39999999999989,sl
75505572,sell,4708.37,4715.37,4698.0,4698.0,tp,2026-03-20 11:10:00,10.36999999999989,10.189999999999891,-3.03,-3.21,13.399999999999892,sl
75489328,buy,4688.3,4681.3,4699.0,4699.0,time,2026-03-20 09:03:22,10.699999999999818,10.519999999999818,10.7,10.52,-1.8118839761882555e-13,tp
75489333,buy,4688.3,4681.3,4721.0,4685.05,time,2026-03-20 09:11:03,-3.25,-3.43,-3.25,-3.43,0.0,sl
75489343,buy,4688.3,4681.3,,4685.05,time,2026-03-20 09:11:03,-3.25,-3.43,-3.25,-3.43,0.0,sl
75377705,sell,4728.0,4735.0,4718.0,4718.0,tp,2026-03-20 06:20:00,10.0,9.82,-3.0,-3.18,13.0,sl
75377967,sell,4728.0,4735.0,4527.0,4731.0,time,2026-03-20 06:18:01,-3.0,-3.18,-3.0,-3.18,0.0,sl
75377909,sell,4728.0,4735.0,4695.0,4695.0,tp,2026-03-20 06:20:00,33.0,32.82,-3.0,-3.18,36.0,sl
75479234,sell,4717.7,4724.7,4707.0,4707.0,tp,2026-03-20 06:10:00,10.699999999999818,10.519999999999818,-3.02,-3.2,13.719999999999818,sl
75479273,sell,4717.7,4724.7,4525.0,4720.72,time,2026-03-20 06:10:21,-3.0200000000004366,-3.2000000000004367,-3.02,-3.2,-4.3653969328261155e-13,sl
75479261,sell,4717.7,4724.7,4685.0,4685.0,tp,2026-03-20 06:10:00,32.69999999999982,32.51999999999982,-3.02,-3.2,35.71999999999982,sl
75366556,buy,4523.5,4516.5,4534.0,4534.0,tp,2026-03-19 16:05:00,10.5,10.32,-3.52,-3.7,14.02,sl
75366723,buy,4523.5,4516.5,4556.0,4556.0,tp,2026-03-19 16:05:00,32.5,32.32,-3.52,-3.7,36.02,sl
75366803,buy,4523.5,4516.5,,4519.98,time,2026-03-19 16:02:03,-3.5200000000004366,-3.7000000000004367,-3.52,-3.7,-4.3653969328261155e-13,sl
75310833,buy,4733.0,4726.0,4743.0,4726.0,sl,2026-03-19 11:00:00,-7.0,-7.18,-3.13,-3.31,-3.8699999999999997,sl
75310885,buy,4733.0,4726.0,4816.0,4726.0,sl,2026-03-19 11:00:00,-7.0,-7.18,-3.13,-3.31,-3.8699999999999997,sl
75310873,buy,4733.0,4726.0,4766.0,4726.0,sl,2026-03-19 11:00:00,-7.0,-7.18,-3.13,-3.31,-3.8699999999999997,sl
75311038,sell,4859.0,4866.0,4826.0,4862.11,time,2026-03-19 04:39:33,-3.1099999999996726,-3.2899999999996727,-3.11,-3.29,3.2729374765949615e-13,sl
75311090,sell,4859.0,4866.0,4740.0,4862.11,time,2026-03-19 04:39:33,-3.1099999999996726,-3.2899999999996727,-3.11,-3.29,3.2729374765949615e-13,sl
75311014,sell,4859.0,4866.0,4849.0,4862.11,time,2026-03-19 04:39:33,-3.1099999999996726,-3.2899999999996727,-3.11,-3.29,3.2729374765949615e-13,sl
74920643,buy,4888.0,4881.0,4921.0,4881.0,sl,2026-03-18 15:35:00,-7.0,-7.18,-3.02,-3.2,-3.9799999999999995,sl
74920608,buy,4888.0,4881.0,4898.0,4881.0,sl,2026-03-18 15:35:00,-7.0,-7.18,-3.02,-3.2,-3.9799999999999995,sl
74920649,buy,4888.0,4881.0,,4881.0,sl,2026-03-18 15:35:00,-7.0,-7.18,-3.02,-3.2,-3.9799999999999995,sl
74928663,buy,4910.5,4903.5,4943.0,4903.5,sl,2026-03-18 15:15:00,-7.0,-7.18,-3.1,-3.2800000000000002,-3.8999999999999995,sl
74928615,buy,4910.5,4903.5,4921.0,4903.5,sl,2026-03-18 15:15:00,-7.0,-7.18,-3.1,-3.2800000000000002,-3.8999999999999995,sl
74928689,buy,4910.5,4903.5,,4903.5,sl,2026-03-18 15:15:00,-7.0,-7.18,-3.1,-3.2800000000000002,-3.8999999999999995,sl
74920565,buy,4922.24,4915.24,,4915.24,sl,2026-03-18 15:05:00,-7.0,-7.18,-4.02,-4.199999999999999,-2.9800000000000004,sl
74920549,buy,4922.24,4915.24,4954.0,4915.24,sl,2026-03-18 15:05:00,-7.0,-7.18,-4.02,-4.199999999999999,-2.9800000000000004,sl
74920527,buy,4922.24,4915.24,4932.0,4915.24,sl,2026-03-18 15:05:00,-7.0,-7.18,9.76,9.58,-16.759999999999998,tp
75198777,buy,4962.0,4955.0,4998.0,4955.0,sl,2026-03-18 13:40:00,-7.0,-7.18,-3.05,-3.23,-3.9499999999999997,sl
75198810,buy,4962.0,4955.0,5031.0,4955.0,sl,2026-03-18 13:40:00,-7.0,-7.18,-3.05,-3.23,-3.9499999999999997,sl
75198747,buy,4969.0,4962.0,5031.0,4962.0,sl,2026-03-18 13:40:00,-7.0,-7.18,-5.15,-5.33,-1.8499999999999996,sl
75198723,buy,4969.0,4962.0,4979.0,4962.0,sl,2026-03-18 13:40:00,-7.0,-7.18,-5.15,-5.33,-1.8499999999999996,sl
75198730,buy,4969.0,4962.0,5002.0,4962.0,sl,2026-03-18 13:40:00,-7.0,-7.18,-5.15,-5.33,-1.8499999999999996,sl
75198765,buy,4962.0,4955.0,4972.0,4955.0,sl,2026-03-18 13:40:00,-7.0,-7.18,10.0,9.82,-17.0,tp
75081913,sell,5033.98,5040.98,5010.0,5043.56,time,2026-03-17 08:17:09,-9.580000000000837,-9.760000000000836,-9.58,-9.76,-8.36664071357518e-13,sl
75079959,sell,5026.69,5033.69,,5043.0,time,2026-03-17 08:16:02,-16.3100000000004,-16.4900000000004,-16.31,-16.49,-4.014566457044566e-13,sl
75034347,sell,5018.0,5025.0,,5021.01,time,2026-03-16 23:11:08,-3.0100000000002183,-3.1900000000002184,-3.01,-3.19,-2.184918912462308e-13,sl
75034013,sell,5018.0,5025.0,5008.0,5008.0,tp,2026-03-16 22:15:00,10.0,9.82,-3.01,-3.19,13.01,sl
75034298,sell,5018.0,5025.0,4986.0,5021.01,time,2026-03-16 23:11:08,-3.0100000000002183,-3.1900000000002184,-3.01,-3.19,-2.184918912462308e-13,sl
74997538,sell,5019.8,5026.8,4987.0,4987.0,tp,2026-03-16 15:25:00,32.80000000000018,32.62000000000018,-3.05,-3.23,35.85000000000018,sl
74997516,sell,5019.8,5026.8,5009.0,5009.0,tp,2026-03-16 14:30:00,10.800000000000182,10.620000000000182,10.85,10.67,-0.049999999999817746,tp
74997595,sell,5019.8,5026.8,,5022.85,time,2026-03-16 15:28:54,-3.050000000000182,-3.230000000000182,-3.05,-3.23,-1.8207657603852567e-13,sl
74944654,sell,5021.5,5028.5,,5024.68,time,2026-03-16 07:02:03,-3.180000000000291,-3.360000000000291,-3.18,-3.3600000000000003,-2.90878432451791e-13,sl
74944634,sell,5021.5,5028.5,4988.0,5024.68,time,2026-03-16 07:02:03,-3.180000000000291,-3.360000000000291,-3.18,-3.3600000000000003,-2.90878432451791e-13,sl
74944594,sell,5021.5,5028.5,5011.0,5011.0,tp,2026-03-16 07:05:00,10.5,10.32,-3.18,-3.3600000000000003,13.68,sl
74778214,buy,5028.7,5021.7,,5025.7,time,2026-03-13 19:02:46,-3.0,-3.18,-3.0,-3.18,0.0,sl
74778194,buy,5028.7,5021.7,5070.0,5025.7,time,2026-03-13 19:02:46,-3.0,-3.18,-3.0,-3.18,0.0,sl
74778181,buy,5028.7,5021.7,5039.0,5039.0,tp,2026-03-13 19:05:00,10.300000000000182,10.120000000000182,-3.0,-3.18,13.300000000000182,sl
74875806,buy,5048.0,5041.0,5059.0,5044.88,time,2026-03-13 17:56:13,-3.119999999999891,-3.299999999999891,-3.12,-3.3000000000000003,1.092459456231154e-13,sl
74875848,buy,5048.0,5041.0,,5044.88,time,2026-03-13 17:56:13,-3.119999999999891,-3.299999999999891,-3.12,-3.3000000000000003,1.092459456231154e-13,sl
74875839,buy,5048.0,5041.0,5091.0,5044.88,time,2026-03-13 17:56:13,-3.119999999999891,-3.299999999999891,-3.12,-3.3000000000000003,1.092459456231154e-13,sl
74778082,buy,5052.7,5045.7,5063.0,5045.7,sl,2026-03-13 18:00:00,-7.0,-7.18,-6.85,-7.029999999999999,-0.15000000000000036,sl
74778169,buy,5052.7,5045.7,,5045.7,sl,2026-03-13 18:00:00,-7.0,-7.18,-6.85,-7.029999999999999,-0.15000000000000036,sl
74778099,buy,5052.7,5045.7,5085.0,5045.7,sl,2026-03-13 18:00:00,-7.0,-7.18,-6.85,-7.029999999999999,-0.15000000000000036,sl
74860949,buy,5068.0,5061.0,5100.0,5061.0,sl,2026-03-13 17:55:00,-7.0,-7.18,-3.03,-3.21,-3.9699999999999998,sl
74860904,buy,5068.0,5061.0,5078.0,5061.0,sl,2026-03-13 17:55:00,-7.0,-7.18,-3.03,-3.21,-3.9699999999999998,sl
74860967,buy,5068.0,5061.0,,5061.0,sl,2026-03-13 17:55:00,-7.0,-7.18,-3.03,-3.21,-3.9699999999999998,sl
74784430,sell,5120.0,5127.0,5087.0,5123.21,time,2026-03-13 04:59:48,-3.2100000000000364,-3.3900000000000365,-3.21,-3.39,-3.6415315207705135e-14,sl
74784416,sell,5120.0,5127.0,5110.0,5110.0,tp,2026-03-13 04:20:00,10.0,9.82,10.1,9.92,-0.09999999999999964,tp
74784433,sell,5120.0,5127.0,,5123.21,time,2026-03-13 04:59:48,-3.2100000000000364,-3.3900000000000365,-3.21,-3.39,-3.6415315207705135e-14,sl
74369781,buy,5100.0,5093.0,5172.0,5096.58,time,2026-03-12 21:45:23,-3.4200000000000728,-3.600000000000073,-3.42,-3.6,-7.283063041541027e-14,sl
74749822,buy,5112.5,5105.5,5145.0,5105.5,sl,2026-03-12 20:35:00,-7.0,-7.18,-3.02,-3.2,-3.9799999999999995,sl
74749751,buy,5112.5,5105.5,5123.0,5105.5,sl,2026-03-12 20:35:00,-7.0,-7.18,-3.02,-3.2,-3.9799999999999995,sl
74750177,buy,5112.5,5105.5,,5105.5,sl,2026-03-12 20:35:00,-7.0,-7.18,-3.02,-3.2,-3.9799999999999995,sl
74652473,buy,5133.0,5126.0,5143.0,5126.0,sl,2026-03-12 18:05:00,-7.0,-7.18,-3.02,-3.2,-3.9799999999999995,sl
74652489,buy,5133.0,5126.0,,5126.0,sl,2026-03-12 18:05:00,-7.0,-7.18,-3.02,-3.2,-3.9799999999999995,sl
74652483,buy,5133.0,5126.0,5166.0,5126.0,sl,2026-03-12 18:05:00,-7.0,-7.18,-3.02,-3.2,-3.9799999999999995,sl
74727938,buy,5154.5,5147.5,,5147.5,sl,2026-03-12 16:50:00,-7.0,-7.18,-3.44,-3.62,-3.5599999999999996,sl
74727865,buy,5154.5,5147.5,5165.0,5147.5,sl,2026-03-12 16:50:00,-7.0,-7.18,-3.44,-3.62,-3.5599999999999996,sl
74509321,buy,5143.0,5136.0,5176.0,5135.87,time,2026-03-12 01:56:26,-7.130000000000109,-7.310000000000109,-7.13,-7.31,-1.092459456231154e-13,sl
74509293,buy,5143.0,5136.0,5153.0,5153.0,tp,2026-03-12 02:00:00,10.0,9.82,-7.13,-7.31,17.13,sl
74509333,buy,5143.0,5136.0,,5135.87,time,2026-03-12 01:56:26,-7.130000000000109,-7.310000000000109,-7.13,-7.31,-1.092459456231154e-13,sl
74530497,buy,5149.7,5142.7,,5142.7,sl,2026-03-11 22:55:00,-7.0,-8.629999999999999,-0.83,-2.46,-6.169999999999999,sl
74530465,buy,5149.7,5142.7,5183.0,5183.0,time,2026-03-11 17:01:28,33.30000000000018,33.12000000000018,33.3,33.12,1.8474111129762605e-13,tp
74530454,buy,5149.7,5142.7,5160.0,5160.0,tp,2026-03-11 16:55:00,10.300000000000182,10.120000000000182,10.3,10.120000000000001,1.8118839761882555e-13,tp
74530436,buy,5176.7,5169.7,,5169.7,sl,2026-03-11 12:45:00,-7.0,-7.18,-3.18,-3.3600000000000003,-3.8199999999999994,sl
74530396,buy,5176.7,5169.7,5187.0,5187.0,tp,2026-03-11 11:40:00,10.300000000000182,10.120000000000182,10.35,10.17,-0.049999999999817746,tp
74530421,buy,5176.7,5169.7,5210.0,5169.7,sl,2026-03-11 12:45:00,-7.0,-7.18,-3.18,-3.3600000000000003,-3.8199999999999994,sl
74517051,buy,5198.0,5191.0,5231.0,5195.0,time,2026-03-11 05:10:09,-3.0,-3.18,-3.0,-3.18,0.0,sl
74516988,buy,5198.0,5191.0,5208.0,5195.0,time,2026-03-11 05:10:09,-3.0,-3.18,-3.0,-3.18,0.0,sl
74517091,buy,5198.0,5191.0,,5195.0,time,2026-03-11 05:10:09,-3.0,-3.18,-3.0,-3.18,0.0,sl
74479750,buy,5192.0,5185.0,5225.0,5188.24,time,2026-03-10 21:17:58,-3.7600000000002183,-3.9400000000002184,-3.76,-3.94,-2.184918912462308e-13,sl
74479798,buy,5192.0,5185.0,,5188.24,time,2026-03-10 21:17:58,-3.7600000000002183,-3.9400000000002184,-3.76,-3.94,-2.184918912462308e-13,sl
74479729,buy,5192.0,5185.0,5202.0,5188.24,time,2026-03-10 21:17:58,-3.7600000000002183,-3.9400000000002184,-3.76,-3.94,-2.184918912462308e-13,sl
74458279,buy,5188.0,5181.0,5255.0,5181.0,sl,2026-03-10 18:15:00,-7.0,-7.18,9.92,9.74,-16.92,sl
74458218,buy,5188.0,5181.0,5222.0,5222.0,tp,2026-03-10 17:15:00,34.0,33.82,25.29,25.11,8.71,other
74458154,buy,5188.0,5181.0,5198.0,5198.0,tp,2026-03-10 17:15:00,10.0,9.82,10.0,9.82,0.0,tp
74458079,buy,5198.2,5191.2,5255.0,5193.17,time,2026-03-10 17:07:42,-5.029999999999745,-5.209999999999745,-5.03,-5.21,2.5490720645393594e-13,sl
74457965,buy,5198.2,5191.2,5208.0,5208.0,tp,2026-03-10 16:50:00,9.800000000000182,9.620000000000182,9.8,9.620000000000001,1.8118839761882555e-13,tp
74458015,buy,5198.2,5191.2,5232.0,5232.0,tp,2026-03-10 17:05:00,33.80000000000018,33.62000000000018,-5.03,-5.21,38.83000000000018,sl
74188198,sell,5177.43,5184.43,5167.0,5167.0,tp,2026-03-10 05:00:00,10.430000000000291,10.250000000000291,-3.4,-3.58,13.830000000000291,sl
74188246,sell,5177.43,5184.43,5145.0,5180.83,time,2026-03-10 04:57:22,-3.399999999999636,-3.5799999999996364,-3.4,-3.58,3.637090628672013e-13,sl
74188286,sell,5177.43,5184.43,5105.0,5180.83,time,2026-03-10 04:57:22,-3.399999999999636,-3.5799999999996364,-3.4,-3.58,3.637090628672013e-13,sl
74262165,buy,5094.38,5087.38,5104.0,5104.0,tp,2026-03-09 10:05:00,9.61999999999989,9.439999999999891,-3.51,-3.69,13.12999999999989,sl
74262213,buy,5094.38,5087.38,5125.0,5090.87,time,2026-03-09 10:03:29,-3.5100000000002183,-3.6900000000002184,-3.51,-3.69,-2.184918912462308e-13,sl
74262233,buy,5094.38,5087.38,,5090.87,time,2026-03-09 10:03:29,-3.5100000000002183,-3.6900000000002184,-3.51,-3.69,-2.184918912462308e-13,sl
74196566,buy,5041.0,5034.0,5074.0,5074.0,tp,2026-03-09 03:15:00,33.0,32.82,-3.37,-3.5500000000000003,36.37,sl
74196514,buy,5041.0,5034.0,5051.0,5051.0,tp,2026-03-09 03:15:00,10.0,9.82,-3.37,-3.5500000000000003,13.370000000000001,sl
74196695,buy,5041.0,5034.0,5115.0,5037.63,time,2026-03-09 03:13:29,-3.369999999999891,-3.549999999999891,-3.37,-3.5500000000000003,1.092459456231154e-13,sl
74196008,buy,5046.5,5039.5,5120.0,5043.48,time,2026-03-09 03:13:18,-3.0200000000004366,-3.2000000000004367,-3.02,-3.2,-4.3653969328261155e-13,sl
74195801,buy,5046.5,5039.5,5080.0,5080.0,tp,2026-03-09 03:15:00,33.5,33.32,-3.02,-3.2,36.52,sl
74195739,buy,5046.5,5039.5,5057.0,5057.0,tp,2026-03-09 03:15:00,10.5,10.32,-3.02,-3.2,13.52,sl
74187251,buy,5072.5,5065.5,5104.0,5068.4,time,2026-03-09 02:39:41,-4.100000000000364,-4.2800000000003635,-4.1,-4.279999999999999,-3.6415315207705135e-13,sl
74187192,buy,5072.5,5065.5,5083.0,5083.0,tp,2026-03-09 02:40:00,10.5,10.32,-4.1,-4.279999999999999,14.6,sl
74187293,buy,5072.5,5065.5,5240.0,5068.4,time,2026-03-09 02:39:41,-4.100000000000364,-4.2800000000003635,-4.1,-4.279999999999999,-3.6415315207705135e-13,sl
74094547,sell,5120.72,5127.72,5090.0,5127.72,sl,2026-03-06 15:35:00,-7.0,-7.18,-4.59,-4.77,-2.41,sl
74094520,sell,5120.72,5127.72,5112.0,5127.72,sl,2026-03-06 15:35:00,-7.0,-7.18,8.72,8.540000000000001,-15.72,tp
74094570,sell,5120.72,5127.72,5075.0,5127.72,sl,2026-03-06 15:35:00,-7.0,-7.18,-4.59,-4.77,-2.41,sl
74108102,sell,5108.97,5115.97,5089.0,5115.97,sl,2026-03-06 15:35:00,-7.0,-7.18,-3.29,-3.47,-3.7099999999999995,sl
74108129,sell,5108.97,5115.97,,5115.97,sl,2026-03-06 15:35:00,-7.0,-7.18,-3.29,-3.47,-3.7099999999999995,sl
74053854,buy,5070.63,5063.63,5103.0,5066.63,time,2026-03-06 13:56:02,-4.0,-4.18,-4.0,-4.18,0.0,sl
74053878,buy,5070.63,5063.63,,5066.63,time,2026-03-06 13:56:02,-4.0,-4.18,-4.0,-4.18,0.0,sl
74053842,buy,5070.63,5063.63,5081.0,5081.0,tp,2026-03-06 14:00:00,10.36999999999989,10.189999999999891,-4.0,-4.18,14.36999999999989,sl
74042342,buy,5097.4,5090.4,5108.0,5090.4,sl,2026-03-06 10:35:00,-7.0,-7.18,10.6,10.42,-17.6,tp
74042389,buy,5097.4,5090.4,,5090.4,sl,2026-03-06 10:35:00,-7.0,-7.18,-3.1,-3.2800000000000002,-3.8999999999999995,sl
74042359,buy,5097.4,5090.4,5128.0,5090.4,sl,2026-03-06 10:35:00,-7.0,-7.18,-3.1,-3.2800000000000002,-3.8999999999999995,sl
74019967,sell,5109.8,5116.8,5076.0,5116.8,sl,2026-03-06 03:45:00,-7.0,-7.18,-3.2,-3.3800000000000003,-3.7999999999999994,sl
74019990,sell,5109.8,5116.8,4930.0,5116.8,sl,2026-03-06 03:45:00,-7.0,-7.18,-3.2,-3.3800000000000003,-3.7999999999999994,sl
74019956,sell,5109.8,5116.8,5100.0,5116.8,sl,2026-03-06 03:45:00,-7.0,-7.18,-3.2,-3.3800000000000003,-3.7999999999999994,sl
73841749,buy,5088.5,5081.5,5099.0,5081.5,sl,2026-03-05 15:25:00,-7.0,-7.18,-6.33,-6.51,-0.6699999999999999,sl
73841771,buy,5088.5,5081.5,,5081.5,sl,2026-03-05 15:25:00,-7.0,-7.18,-6.33,-6.51,-0.6699999999999999,sl
73841758,buy,5088.5,5081.5,5108.0,5081.5,sl,2026-03-05 15:25:00,-7.0,-7.18,-6.33,-6.51,-0.6699999999999999,sl
73930256,buy,5128.81,5121.81,5160.0,5121.81,sl,2026-03-05 15:20:00,-7.0,-7.18,-3.81,-3.99,-3.1899999999999995,sl
73930237,buy,5128.81,5121.81,5138.0,5121.81,sl,2026-03-05 15:20:00,-7.0,-7.18,9.19,9.01,-16.189999999999998,tp
73930270,buy,5128.81,5121.81,5180.0,5121.81,sl,2026-03-05 15:20:00,-7.0,-7.18,-3.81,-3.99,-3.1899999999999995,sl
73856612,buy,5140.19,5133.19,5240.0,5136.97,time,2026-03-05 08:09:35,-3.219999999999345,-3.3999999999993453,-3.22,-3.4000000000000004,6.550315845288424e-13,sl
73856577,buy,5140.19,5133.19,5173.0,5136.97,time,2026-03-05 08:09:35,-3.219999999999345,-3.3999999999993453,-3.22,-3.4000000000000004,6.550315845288424e-13,sl
73856492,buy,5140.19,5133.19,5150.0,5150.0,tp,2026-03-05 08:10:00,9.8100000000004,9.6300000000004,-3.22,-3.4000000000000004,13.0300000000004,sl
73856972,sell,5192.3,5199.3,5095.0,5095.0,tp,2026-03-05 13:20:00,97.30000000000018,97.12000000000018,97.3,97.11999999999999,1.8474111129762605e-13,tp
73856821,sell,5192.3,5199.3,5182.0,5182.0,tp,2026-03-05 05:05:00,10.300000000000182,10.120000000000182,10.4,10.22,-0.09999999999981846,tp
73856946,sell,5192.3,5199.3,5160.0,5160.0,tp,2026-03-05 05:50:00,32.30000000000018,32.12000000000018,32.34,32.160000000000004,-0.03999999999982151,tp
73843723,sell,5167.48,5174.48,5135.0,5174.48,sl,2026-03-05 02:10:00,-7.0,-7.18,-3.29,-3.47,-3.7099999999999995,sl
73843702,sell,5167.48,5174.48,5157.5,5174.48,sl,2026-03-05 02:10:00,-7.0,-7.18,-3.29,-3.47,-3.7099999999999995,sl
73843760,sell,5167.48,5174.48,5095.0,5174.48,sl,2026-03-05 02:10:00,-7.0,-7.18,-3.29,-3.47,-3.7099999999999995,sl
73460113,sell,5184.5,5191.5,5110.0,5187.51,time,2026-03-04 04:12:43,-3.0100000000002183,-3.1900000000002184,-3.01,-3.19,-2.184918912462308e-13,sl
73460052,sell,5184.5,5191.5,5174.0,5174.0,tp,2026-03-04 04:10:00,10.5,10.32,-3.01,-3.19,13.51,sl
73460081,sell,5184.5,5191.5,5151.0,5187.51,time,2026-03-04 04:12:43,-3.0100000000002183,-3.1900000000002184,-3.01,-3.19,-2.184918912462308e-13,sl
73230963,buy,5211.0,5204.0,5555.0,5204.0,sl,2026-03-03 13:10:00,-7.0,-7.18,-3.47,-3.6500000000000004,-3.5299999999999994,sl
73230887,buy,5211.0,5204.0,5221.0,5204.0,sl,2026-03-03 13:10:00,-7.0,-7.18,-3.47,-3.6500000000000004,-3.5299999999999994,sl
73230932,buy,5211.0,5204.0,5241.0,5204.0,sl,2026-03-03 13:10:00,-7.0,-7.18,-3.47,-3.6500000000000004,-3.5299999999999994,sl
73230766,buy,5239.0,5232.0,5269.0,5232.0,sl,2026-03-03 11:30:00,-7.0,-7.18,-3.3,-3.48,-3.6999999999999997,sl
73230730,buy,5239.0,5232.0,5249.0,5232.0,sl,2026-03-03 11:30:00,-7.0,-7.18,-3.3,-3.48,-3.6999999999999997,sl
73230789,buy,5239.0,5232.0,5555.0,5232.0,sl,2026-03-03 11:30:00,-7.0,-7.18,-3.3,-3.48,-3.6999999999999997,sl
73544398,buy,5300.0,5293.0,5380.0,5293.0,sl,2026-03-03 10:45:00,-7.0,-7.18,-5.06,-5.239999999999999,-1.9400000000000004,sl
73544341,buy,5300.0,5293.0,5330.0,5293.0,sl,2026-03-03 10:45:00,-7.0,-7.18,-5.06,-5.239999999999999,-1.9400000000000004,sl
73544313,buy,5300.0,5293.0,5310.0,5293.0,sl,2026-03-03 10:45:00,-7.0,-7.18,10.0,9.82,-17.0,tp
73540494,buy,5316.2,5309.2,5350.0,5309.2,sl,2026-03-03 10:25:00,-7.0,-7.18,-3.26,-3.44,-3.7399999999999998,sl
73540397,buy,5316.2,5309.2,5326.0,5309.2,sl,2026-03-03 10:25:00,-7.0,-7.18,-3.26,-3.44,-3.7399999999999998,sl
73540585,buy,5316.2,5309.2,5390.0,5309.2,sl,2026-03-03 10:25:00,-7.0,-7.18,-3.26,-3.44,-3.7399999999999998,sl
73460307,buy,5297.0,5290.0,5355.0,5293.97,time,2026-03-03 08:13:31,-3.0299999999997453,-3.2099999999997455,-3.03,-3.21,2.544631172440859e-13,sl
73460286,buy,5297.0,5290.0,5327.0,5327.0,tp,2026-03-03 08:15:00,30.0,29.82,-3.03,-3.21,33.03,sl
73460220,buy,5297.0,5290.0,5307.0,5307.0,tp,2026-03-03 08:15:00,10.0,9.82,-3.03,-3.21,13.030000000000001,sl
73460165,buy,5307.0,5300.0,5340.0,5303.86,time,2026-03-03 08:08:44,-3.1400000000003274,-3.3200000000003276,-3.14,-3.3200000000000003,-3.2729374765949615e-13,sl
73460158,buy,5307.0,5300.0,5317.0,5317.0,tp,2026-03-03 08:00:00,10.0,9.82,10.0,9.82,0.0,tp
73460178,buy,5307.0,5300.0,5500.0,5303.86,time,2026-03-03 08:08:44,-3.1400000000003274,-3.3200000000003276,-3.14,-3.3200000000000003,-3.2729374765949615e-13,sl
73476474,buy,5326.5,5319.5,5383.0,5322.89,time,2026-03-03 07:49:49,-3.6099999999996726,-3.7899999999996727,-3.61,-3.79,3.2729374765949615e-13,sl
73476410,buy,5326.5,5319.5,5353.0,5322.89,time,2026-03-03 07:49:49,-3.6099999999996726,-3.7899999999996727,-3.61,-3.79,3.2729374765949615e-13,sl
73476356,buy,5326.5,5319.5,5337.0,5322.89,time,2026-03-03 07:49:49,-3.6099999999996726,-3.7899999999996727,-3.61,-3.79,3.2729374765949615e-13,sl
73262242,buy,5314.18,5307.18,5340.0,5307.18,sl,2026-03-02 16:30:00,-7.0,-7.18,-3.59,-3.77,-3.4099999999999997,sl
73262178,buy,5314.18,5307.18,5324.0,5307.18,sl,2026-03-02 16:30:00,-7.0,-7.18,-3.59,-3.77,-3.4099999999999997,sl
73262287,buy,5314.18,5307.18,5365.0,5307.18,sl,2026-03-02 16:30:00,-7.0,-7.18,-3.59,-3.77,-3.4099999999999997,sl
73282888,buy,5324.2,5317.2,5400.0,5317.2,sl,2026-03-02 16:30:00,-7.0,-7.18,-3.47,-3.6500000000000004,-3.5299999999999994,sl
73282878,buy,5324.2,5317.2,5351.0,5317.2,sl,2026-03-02 16:30:00,-7.0,-7.18,-3.47,-3.6500000000000004,-3.5299999999999994,sl
73282865,buy,5324.2,5317.2,5335.0,5317.2,sl,2026-03-02 16:30:00,-7.0,-7.18,-3.47,-3.6500000000000004,-3.5299999999999994,sl
73376849,buy,5366.0,5359.0,5393.0,5359.0,sl,2026-03-02 16:15:00,-7.0,-7.18,-3.37,-3.5500000000000003,-3.6299999999999994,sl
73376766,buy,5366.0,5359.0,5376.0,5359.0,sl,2026-03-02 16:15:00,-7.0,-7.18,10.0,9.82,-17.0,tp
73377050,buy,5366.0,5359.0,5470.0,5359.0,sl,2026-03-02 16:15:00,-7.0,-7.18,-3.37,-3.5500000000000003,-3.6299999999999994,sl
73341514,buy,5376.22,5369.22,5470.0,5369.22,sl,2026-03-02 14:10:00,-7.0,-7.18,-3.48,-3.66,-3.5199999999999996,sl
73341422,buy,5376.22,5369.22,5403.0,5369.22,sl,2026-03-02 14:10:00,-7.0,-7.18,26.93,26.75,-33.93,tp
73341247,buy,5376.22,5369.22,5386.0,5386.0,tp,2026-03-02 13:50:00,9.779999999999745,9.599999999999746,9.78,9.6,-2.540190280342358e-13,tp
73164603,buy,5214.23,5207.23,5234.0,5234.0,tp,2026-02-27 15:45:00,19.770000000000437,19.590000000000437,-3.26,-3.44,23.030000000000438,sl
73164681,buy,5214.23,5207.23,5250.0,5215.1,time,2026-02-27 15:42:43,0.8700000000008004,0.6900000000008004,0.87,0.69,8.004708007547379e-13,other
73134780,sell,5230.0,5237.0,5115.0,5235.07,time,2026-02-27 15:24:16,-5.069999999999709,-5.249999999999709,-5.07,-5.25,2.913225216616411e-13,sl
73134726,sell,5230.0,5237.0,5205.0,5235.07,time,2026-02-27 15:24:16,-5.069999999999709,-5.249999999999709,-5.07,-5.25,2.913225216616411e-13,sl
73134767,sell,5230.0,5237.0,5175.0,5235.07,time,2026-02-27 15:24:16,-5.069999999999709,-5.249999999999709,-5.07,-5.25,2.913225216616411e-13,sl
73087109,sell,5217.0,5224.0,5187.0,5224.0,sl,2026-02-27 15:20:00,-7.0,-7.18,-3.22,-3.4000000000000004,-3.7799999999999994,sl
73087098,sell,5217.0,5224.0,5207.0,5224.0,sl,2026-02-27 15:20:00,-7.0,-7.18,-3.22,-3.4000000000000004,-3.7799999999999994,sl
73087126,sell,5217.0,5224.0,5127.0,5224.0,sl,2026-02-27 15:20:00,-7.0,-7.18,-3.22,-3.4000000000000004,-3.7799999999999994,sl
72903821,buy,5131.89,5124.89,5165.0,5165.0,tp,2026-02-26 17:30:00,33.10999999999967,32.92999999999967,33.16,32.98,-0.05000000000032401,tp
72903785,buy,5131.89,5124.89,5142.0,5142.0,tp,2026-02-26 17:30:00,10.109999999999673,9.929999999999673,10.11,9.93,-3.268496584496461e-13,tp
72903859,buy,5131.89,5124.89,5188.0,5182.11,time,2026-02-26 17:47:52,50.219999999999345,50.039999999999345,50.22,50.04,-6.536993168992922e-13,other
73023593,buy,5137.5,5130.5,,5133.81,time,2026-02-26 17:27:55,-3.6899999999996,-3.8699999999996,-3.69,-3.87,4.001243780749064e-13,sl
73023570,buy,5137.5,5130.5,5171.0,5171.0,tp,2026-02-26 17:30:00,33.5,33.32,-3.69,-3.87,37.19,sl
73023554,buy,5137.5,5130.5,5147.5,5147.5,tp,2026-02-26 17:30:00,10.0,9.82,-3.69,-3.87,13.690000000000001,sl
72968623,buy,5166.0,5159.0,5190.0,5162.68,time,2026-02-26 13:54:16,-3.319999999999709,-3.499999999999709,-3.32,-3.5,2.90878432451791e-13,sl
72968516,buy,5166.0,5159.0,5176.0,5162.68,time,2026-02-26 13:54:16,-3.319999999999709,-3.499999999999709,-3.32,-3.5,2.90878432451791e-13,sl
72968752,buy,5166.0,5159.0,,5162.68,time,2026-02-26 13:54:16,-3.319999999999709,-3.499999999999709,-3.32,-3.5,2.90878432451791e-13,sl
72955466,sell,5186.38,5193.38,5096.38,5189.41,time,2026-02-26 02:30:12,-3.0299999999997453,-3.2099999999997455,-3.03,-3.21,2.544631172440859e-13,sl
72955288,sell,5186.38,5193.38,5177.38,5177.38,tp,2026-02-26 02:35:00,9.0,8.82,-3.03,-3.21,12.030000000000001,sl
72955367,sell,5186.38,5193.38,5152.38,5189.41,time,2026-02-26 02:30:12,-3.0299999999997453,-3.2099999999997455,-3.03,-3.21,2.544631172440859e-13,sl
72735661,buy,5123.0,5116.0,5157.0,5116.86,time,2026-02-24 15:59:25,-6.140000000000327,-6.320000000000327,-6.14,-6.319999999999999,-3.277378368693462e-13,sl
72735554,buy,5123.0,5116.0,5140.0,5140.0,tp,2026-02-24 16:00:00,17.0,16.82,-6.14,-6.319999999999999,23.14,sl
72735718,buy,5123.0,5116.0,5208.0,5116.86,time,2026-02-24 15:59:25,-6.140000000000327,-6.320000000000327,-6.14,-6.319999999999999,-3.277378368693462e-13,sl
72783259,buy,5138.42,5131.42,5145.0,5145.0,tp,2026-02-24 15:40:00,6.579999999999927,6.3999999999999275,-3.18,-3.3600000000000003,9.759999999999927,sl
72783271,buy,5138.42,5131.42,5155.0,5135.24,time,2026-02-24 15:39:45,-3.180000000000291,-3.360000000000291,-3.18,-3.3600000000000003,-2.90878432451791e-13,sl
72783276,buy,5138.42,5131.42,,5135.24,time,2026-02-24 15:39:45,-3.180000000000291,-3.360000000000291,-3.18,-3.3600000000000003,-2.90878432451791e-13,sl
72735802,buy,5151.0,5144.0,5185.0,5144.0,sl,2026-02-24 14:20:00,-7.0,-7.18,-3.87,-4.05,-3.13,sl
72735843,buy,5151.0,5144.0,5249.0,5144.0,sl,2026-02-24 14:20:00,-7.0,-7.18,-3.87,-4.05,-3.13,sl
72735786,buy,5151.0,5144.0,5168.0,5144.0,sl,2026-02-24 14:20:00,-7.0,-7.18,-3.87,-4.05,-3.13,sl
72715508,buy,5151.0,5144.0,5166.0,5166.0,tp,2026-02-24 03:20:00,15.0,14.82,-3.32,-3.5,18.32,sl
72715547,buy,5151.0,5144.0,5408.0,5147.68,time,2026-02-24 03:16:45,-3.319999999999709,-3.499999999999709,-3.32,-3.5,2.90878432451791e-13,sl
72715533,buy,5151.0,5144.0,5185.0,5185.0,tp,2026-02-24 03:20:00,34.0,33.82,-3.32,-3.5,37.32,sl
72715477,buy,5166.0,5159.0,5408.0,5162.97,time,2026-02-24 03:15:46,-3.0299999999997453,-3.2099999999997455,-3.03,-3.21,2.544631172440859e-13,sl
72715347,buy,5166.0,5159.0,5200.0,5162.97,time,2026-02-24 03:15:46,-3.0299999999997453,-3.2099999999997455,-3.03,-3.21,2.544631172440859e-13,sl
72715176,buy,5166.0,5159.0,5181.0,5181.0,tp,2026-02-24 03:20:00,15.0,14.82,-3.03,-3.21,18.03,sl
72715066,buy,5208.71,5201.71,5223.7,5201.71,sl,2026-02-24 03:05:00,-7.0,-7.18,-3.12,-3.3000000000000003,-3.8799999999999994,sl
72715134,buy,5208.71,5201.71,5408.0,5201.71,sl,2026-02-24 03:05:00,-7.0,-7.18,-3.12,-3.3000000000000003,-3.8799999999999994,sl
72715100,buy,5208.71,5201.71,5242.7,5201.71,sl,2026-02-24 03:05:00,-7.0,-7.18,-3.12,-3.3000000000000003,-3.8799999999999994,sl
72452143,sell,5075.92,5082.92,5019.0,5082.92,sl,2026-02-20 20:15:00,-7.0,-7.18,-3.58,-3.7600000000000002,-3.4199999999999995,sl
72452028,sell,5075.92,5082.92,5042.0,5082.92,sl,2026-02-20 20:15:00,-7.0,-7.18,-3.58,-3.7600000000000002,-3.4199999999999995,sl
72451917,sell,5075.92,5082.92,5059.0,5082.92,sl,2026-02-20 20:15:00,-7.0,-7.18,17.02,16.84,-24.02,tp
72426887,buy,4971.5,4964.5,4989.0,4989.0,tp,2026-02-19 16:35:00,17.5,17.32,-6.54,-6.72,24.04,sl
72408498,sell,4991.0,4998.0,4974.0,4998.0,sl,2026-02-19 07:15:00,-7.0,-7.18,-3.26,-3.44,-3.7399999999999998,sl
72408521,sell,4991.0,4998.0,4964.0,4998.0,sl,2026-02-19 07:15:00,-7.0,-7.18,-3.26,-3.44,-3.7399999999999998,sl
72408532,sell,4991.0,4998.0,4950.0,4998.0,sl,2026-02-19 07:15:00,-7.0,-7.18,-3.26,-3.44,-3.7399999999999998,sl
72362965,sell,4960.0,4967.0,,4967.0,sl,2026-02-18 15:40:00,-7.0,-7.18,-3.04,-3.22,-3.9599999999999995,sl
72362959,sell,4960.0,4967.0,4933.0,4967.0,sl,2026-02-18 15:40:00,-7.0,-7.18,-3.04,-3.22,-3.9599999999999995,sl
72362938,sell,4960.0,4967.0,4943.0,4967.0,sl,2026-02-18 15:40:00,-7.0,-7.18,-3.04,-3.22,-3.9599999999999995,sl
72323120,buy,4858.5,4851.5,4876.0,4876.0,tp,2026-02-18 02:00:00,17.5,17.32,17.51,17.330000000000002,-0.010000000000001563,tp
72323197,buy,4858.5,4851.5,4920.0,4920.0,tp,2026-02-18 03:30:00,61.5,61.32,60.6,60.42,0.8999999999999986,other
72323174,buy,4858.5,4851.5,4892.0,4892.0,tp,2026-02-18 02:00:00,33.5,33.32,33.65,33.47,-0.14999999999999858,tp
72249070,buy,4845.0,4838.0,4877.0,4877.0,tp,2026-02-17 16:05:00,32.0,31.82,32.0,31.82,0.0,tp
72249201,buy,4845.0,4838.0,5005.0,4885.56,time,2026-02-17 16:38:39,40.5600000000004,40.3800000000004,40.56,40.38,3.979039320256561e-13,other
72249262,buy,4845.0,4838.0,5400.0,5400.0,tp,2026-03-02 07:05:00,555.0,548.5600000000001,555.15,548.71,-0.14999999999997726,tp
72248757,sell,4933.55,4940.55,4850.0,4940.55,sl,2026-02-17 12:15:00,-7.0,-7.18,-3.62,-3.8000000000000003,-3.3799999999999994,sl
72248730,sell,4933.55,4940.55,4897.0,4940.55,sl,2026-02-17 12:15:00,-7.0,-7.18,-3.62,-3.8000000000000003,-3.3799999999999994,sl
72248702,sell,4933.55,4940.55,4914.0,4940.55,sl,2026-02-17 12:15:00,-7.0,-7.18,-3.62,-3.8000000000000003,-3.3799999999999994,sl
72223847,buy,4932.0,4925.0,4966.0,4925.0,sl,2026-02-17 07:15:00,-7.0,-7.18,-4.04,-4.22,-2.96,sl
72223838,buy,4932.0,4925.0,4959.0,4925.0,sl,2026-02-17 07:15:00,-7.0,-7.18,-4.04,-4.22,-2.96,sl
72223831,buy,4932.0,4925.0,4949.0,4925.0,sl,2026-02-17 07:15:00,-7.0,-7.18,-4.04,-4.22,-2.96,sl
72211647,sell,4969.0,4976.0,4935.0,4935.0,tp,2026-02-17 05:10:00,34.0,33.82,34.15,33.97,-0.14999999999999858,tp
72211631,sell,4969.0,4976.0,4952.0,4952.0,tp,2026-02-17 04:35:00,17.0,16.82,17.15,16.97,-0.14999999999999858,tp
72211667,sell,4969.0,4976.0,4912.0,4912.0,tp,2026-02-17 05:15:00,57.0,56.82,57.15,56.97,-0.14999999999999858,tp
72205102,buy,4938.0,4931.0,,4934.69,time,2026-02-17 02:58:29,-3.3100000000004,-3.4900000000004003,-3.31,-3.49,-4.001243780749064e-13,sl
72204996,buy,4938.0,4931.0,4965.0,4965.0,tp,2026-02-17 03:00:00,27.0,26.82,-3.31,-3.49,30.310000000000002,sl
72204942,buy,4938.0,4931.0,4955.0,4955.0,tp,2026-02-17 03:00:00,17.0,16.82,-3.31,-3.49,20.310000000000002,sl
72159488,buy,4975.5,4968.5,5032.0,4972.38,time,2026-02-16 17:03:04,-3.119999999999891,-3.299999999999891,-3.12,-3.3000000000000003,1.092459456231154e-13,sl
72159444,buy,4975.5,4968.5,4993.0,4993.0,tp,2026-02-16 17:05:00,17.5,17.32,-3.12,-3.3000000000000003,20.62,sl
72159469,buy,4975.5,4968.5,5009.0,4972.38,time,2026-02-16 17:03:04,-3.119999999999891,-3.299999999999891,-3.12,-3.3000000000000003,1.092459456231154e-13,sl
72037916,sell,4988.5,4995.5,4972.0,4972.0,tp,2026-02-13 10:15:00,16.5,16.32,16.6,16.42,-0.10000000000000142,tp
72037929,sell,4988.5,4995.5,4955.0,4955.0,tp,2026-02-13 10:55:00,33.5,33.32,33.65,33.47,-0.14999999999999858,tp
72037953,sell,4988.5,4995.5,4935.0,4935.0,tp,2026-02-13 11:20:00,53.5,53.32,53.54,53.36,-0.03999999999999915,tp
72020249,buy,4954.5,4947.5,4982.0,4951.3,time,2026-02-13 07:55:58,-3.199999999999818,-3.3799999999998183,-3.2,-3.3800000000000003,1.8207657603852567e-13,sl
72020251,buy,4954.5,4947.5,4989.0,4951.3,time,2026-02-13 07:55:58,-3.199999999999818,-3.3799999999998183,-3.2,-3.3800000000000003,1.8207657603852567e-13,sl
72020239,buy,4954.5,4947.5,4972.0,4972.0,tp,2026-02-13 07:55:00,17.5,17.32,-3.2,-3.3800000000000003,20.7,sl
71435565,buy,4931.56,4924.56,5128.5,4924.56,sl,2026-02-12 18:20:00,-7.0,-7.18,-5.59,-5.77,-1.4100000000000001,sl
71435517,buy,4931.56,4924.56,4968.5,4924.56,sl,2026-02-12 18:20:00,-7.0,-7.18,-5.59,-5.77,-1.4100000000000001,sl
71435481,buy,4931.56,4924.56,4948.5,4924.56,sl,2026-02-12 18:20:00,-7.0,-7.18,-5.59,-5.77,-1.4100000000000001,sl
71836507,buy,4965.07,4958.07,4999.0,4958.07,sl,2026-02-12 18:15:00,-7.0,-7.18,-3.44,-3.62,-3.5599999999999996,sl
71836485,buy,4965.07,4958.07,4982.0,4958.07,sl,2026-02-12 18:15:00,-7.0,-7.18,-3.44,-3.62,-3.5599999999999996,sl
71836534,buy,4965.07,4958.07,5122.0,4958.07,sl,2026-02-12 18:15:00,-7.0,-7.18,-3.44,-3.62,-3.5599999999999996,sl
71715330,buy,5015.0,5008.0,5105.0,5008.0,sl,2026-02-12 18:15:00,-7.0,-7.18,-3.0,-3.18,-3.9999999999999996,sl
71715258,buy,5015.0,5008.0,5049.0,5008.0,sl,2026-02-12 18:15:00,-7.0,-7.18,-3.0,-3.18,-3.9999999999999996,sl
71715211,buy,5015.0,5008.0,5032.0,5008.0,sl,2026-02-12 18:15:00,-7.0,-7.18,-3.0,-3.18,-3.9999999999999996,sl
71912940,buy,5041.08,5034.08,5068.0,5034.08,sl,2026-02-12 17:00:00,-7.0,-7.18,26.97,26.79,-33.97,tp
71912849,buy,5041.08,5034.08,5058.0,5034.08,sl,2026-02-12 17:00:00,-7.0,-7.18,16.97,16.79,-23.97,tp
71912975,buy,5041.08,5034.08,5075.0,5034.08,sl,2026-02-12 17:00:00,-7.0,-7.18,-3.3,-3.48,-3.6999999999999997,sl
71760770,buy,5058.0,5051.0,5092.0,5051.0,sl,2026-02-11 14:45:00,-7.0,-7.18,-3.84,-4.02,-3.16,sl
71760685,buy,5058.0,5051.0,5075.0,5051.0,sl,2026-02-11 14:45:00,-7.0,-7.18,-3.84,-4.02,-3.16,sl
71760796,buy,5058.0,5051.0,5145.0,5051.0,sl,2026-02-11 14:45:00,-7.0,-7.18,-3.84,-4.02,-3.16,sl
71660156,buy,5015.0,5008.0,5049.0,5012.0,time,2026-02-10 17:37:49,-3.0,-3.18,-3.0,-3.18,0.0,sl
71660138,buy,5015.0,5008.0,5032.0,5032.0,tp,2026-02-10 17:40:00,17.0,16.82,-3.0,-3.18,20.0,sl
71660173,buy,5015.0,5008.0,5102.0,5012.0,time,2026-02-10 17:37:49,-3.0,-3.18,-3.0,-3.18,0.0,sl
71590685,buy,5042.7,5035.7,5070.0,5035.7,sl,2026-02-10 04:40:00,-7.0,-7.18,-1.94,-2.12,-5.06,sl
71590558,buy,5044.0,5037.0,5060.0,5037.0,sl,2026-02-10 04:40:00,-7.0,-7.18,-3.24,-3.4200000000000004,-3.7599999999999993,sl
71569432,buy,5007.92,5000.92,5043.0,5005.56,time,2026-02-10 01:23:21,-2.3599999999996726,-2.5399999999996727,-2.36,-2.54,3.2729374765949615e-13,sl
71569349,buy,5007.92,5000.92,5026.0,5005.56,time,2026-02-10 01:23:21,-2.3599999999996726,-2.5399999999996727,-2.36,-2.54,3.2729374765949615e-13,sl
71569442,buy,5007.92,5000.92,5106.0,5005.56,time,2026-02-10 01:23:21,-2.3599999999996726,-2.5399999999996727,-2.36,-2.54,3.2729374765949615e-13,sl
71569292,buy,5018.88,5011.88,5043.0,5021.89,time,2026-02-10 01:17:31,3.0100000000002183,2.830000000000218,3.01,2.8299999999999996,2.184918912462308e-13,other
71569271,buy,5018.5,5011.5,5026.0,5026.0,tp,2026-02-10 01:20:00,7.5,7.32,3.42,3.2399999999999998,4.08,other
71442712,sell,5051.09,5058.09,4984.0,5058.09,sl,2026-02-09 17:35:00,-7.0,-7.18,-3.54,-3.72,-3.4599999999999995,sl
71442666,sell,5051.09,5058.09,5034.0,5058.09,sl,2026-02-09 17:35:00,-7.0,-7.18,-3.54,-3.72,-3.4599999999999995,sl
71442697,sell,5051.09,5058.09,5014.0,5058.09,sl,2026-02-09 17:35:00,-7.0,-7.18,-3.54,-3.72,-3.4599999999999995,sl
71531657,sell,5032.0,5039.0,,5039.0,sl,2026-02-09 16:35:00,-7.0,-7.18,-3.01,-3.19,-3.9899999999999998,sl
71531450,sell,5032.0,5039.0,4998.0,5039.0,sl,2026-02-09 16:35:00,-7.0,-7.18,-3.01,-3.19,-3.9899999999999998,sl
71531409,sell,5032.0,5039.0,5015.0,5039.0,sl,2026-02-09 16:35:00,-7.0,-7.18,-3.01,-3.19,-3.9899999999999998,sl
71518714,buy,4997.5,4990.5,5032.0,5032.0,tp,2026-02-09 15:45:00,34.5,34.32,34.6,34.42,-0.10000000000000142,tp
71518748,buy,4997.5,4990.5,5094.0,4990.5,sl,2026-02-09 23:10:00,-7.0,-7.66,-3.93,-4.59,-3.0700000000000003,sl
71518615,buy,4997.5,4990.5,5015.0,5015.0,tp,2026-02-09 15:45:00,17.5,17.32,17.54,17.36,-0.03999999999999915,tp
71470696,buy,4988.0,4981.0,5122.0,4984.67,time,2026-02-09 12:30:22,-3.3299999999999272,-3.5099999999999274,-3.33,-3.5100000000000002,7.283063041541027e-14,sl
71470712,buy,4988.0,4981.0,5085.0,4984.67,time,2026-02-09 12:30:22,-3.3299999999999272,-3.5099999999999274,-3.33,-3.5100000000000002,7.283063041541027e-14,sl
71470674,buy,4988.0,4981.0,5105.0,4984.67,time,2026-02-09 12:30:22,-3.3299999999999272,-3.5099999999999274,-3.33,-3.5100000000000002,7.283063041541027e-14,sl
71457977,sell,5024.0,5031.0,4947.0,5031.0,sl,2026-02-09 05:30:00,-7.0,-7.18,-3.02,-3.2,-3.9799999999999995,sl
71457960,sell,5024.0,5031.0,4990.0,5031.0,sl,2026-02-09 05:30:00,-7.0,-7.18,-3.02,-3.2,-3.9799999999999995,sl
71457941,sell,5024.0,5031.0,5007.0,5031.0,sl,2026-02-09 05:30:00,-7.0,-7.18,-3.02,-3.2,-3.9799999999999995,sl
71437788,sell,5024.76,5031.76,,5024.33,time,2026-02-09 01:30:10,0.43000000000029104,0.25000000000029104,0.43,0.25,2.910449659054848e-13,other
